/****************************************************************************
** Resource object code
**
** Created by: The Resource Compiler for Qt version 6.5.3
**
** WARNING! All changes made in this file will be lost!
*****************************************************************************/

static const unsigned char qt_resource_data[] = {
  // E:/010-VisonPYC/VisionPYC/VisionPYC/VisionPYC/Styles/pushbutton.qss
  0x0,0x0,0x1,0x7e,
  0x2f,
  0x2a,0x20,0x2d,0x2d,0x2d,0x20,0x31,0x2e,0x20,0xe5,0x9f,0xba,0xe7,0xa1,0x80,0xe5,
  0x85,0xa8,0xe5,0xb1,0x80,0xe6,0xa0,0xb7,0xe5,0xbc,0x8f,0xef,0xbc,0x9a,0xe5,0xaf,
  0xb9,0xe6,0x89,0x80,0xe6,0x9c,0x89,0xe6,0x8c,0x89,0xe9,0x92,0xae,0xe7,0x94,0x9f,
  0xe6,0x95,0x88,0x20,0x2d,0x2d,0x2d,0x20,0x2a,0x2f,0xd,0xa,0x51,0x50,0x75,0x73,
  0x68,0x42,0x75,0x74,0x74,0x6f,0x6e,0x20,0x7b,0xd,0xa,0x20,0x20,0x20,0x20,0x62,
  0x61,0x63,0x6b,0x67,0x72,0x6f,0x75,0x6e,0x64,0x2d,0x63,0x6f,0x6c,0x6f,0x72,0x3a,
  0x20,0x23,0x30,0x30,0x34,0x44,0x34,0x30,0x3b,0xd,0xa,0x20,0x20,0x20,0x20,0x63,
  0x6f,0x6c,0x6f,0x72,0x3a,0x20,0x23,0x63,0x63,0x63,0x63,0x63,0x63,0x3b,0xd,0xa,
  0x20,0x20,0x20,0x20,0x70,0x61,0x64,0x64,0x69,0x6e,0x67,0x3a,0x20,0x35,0x70,0x78,
  0x20,0x31,0x35,0x70,0x78,0x3b,0xd,0xa,0x20,0x20,0x20,0x20,0x6d,0x69,0x6e,0x2d,
  0x77,0x69,0x64,0x74,0x68,0x3a,0x20,0x36,0x30,0x70,0x78,0x3b,0xd,0xa,0x20,0x20,
  0x20,0x20,0x6f,0x75,0x74,0x6c,0x69,0x6e,0x65,0x3a,0x20,0x6e,0x6f,0x6e,0x65,0x3b,
  0xd,0xa,0x20,0x20,0x20,0x20,0x62,0x6f,0x72,0x64,0x65,0x72,0x3a,0x20,0x31,0x70,
  0x78,0x20,0x73,0x6f,0x6c,0x69,0x64,0x20,0x23,0x30,0x30,0x34,0x44,0x34,0x30,0x3b,
  0xd,0xa,0x7d,0xd,0xa,0xd,0xa,0x51,0x50,0x75,0x73,0x68,0x42,0x75,0x74,0x74,
  0x6f,0x6e,0x3a,0x68,0x6f,0x76,0x65,0x72,0x20,0x7b,0xd,0xa,0x20,0x20,0x20,0x20,
  0x62,0x61,0x63,0x6b,0x67,0x72,0x6f,0x75,0x6e,0x64,0x2d,0x63,0x6f,0x6c,0x6f,0x72,
  0x3a,0x20,0x23,0x30,0x30,0x36,0x39,0x35,0x43,0x3b,0xd,0xa,0x20,0x20,0x20,0x20,
  0x62,0x6f,0x72,0x64,0x65,0x72,0x3a,0x20,0x31,0x70,0x78,0x20,0x73,0x6f,0x6c,0x69,
  0x64,0x20,0x23,0x37,0x61,0x36,0x39,0x36,0x39,0x3b,0xd,0xa,0x7d,0xd,0xa,0xd,
  0xa,0x51,0x50,0x75,0x73,0x68,0x42,0x75,0x74,0x74,0x6f,0x6e,0x3a,0x70,0x72,0x65,
  0x73,0x73,0x65,0x64,0x20,0x7b,0xd,0xa,0x20,0x20,0x20,0x20,0x62,0x61,0x63,0x6b,
  0x67,0x72,0x6f,0x75,0x6e,0x64,0x2d,0x63,0x6f,0x6c,0x6f,0x72,0x3a,0x20,0x23,0x30,
  0x30,0x33,0x33,0x32,0x45,0x3b,0xd,0xa,0x7d,0xd,0xa,0xd,0xa,
    // E:/010-VisonPYC/VisionPYC/VisionPYC/VisionPYC/Styles/groupBox.qss
  0x0,0x0,0x3,0xd7,
  0x2f,
  0x2a,0x20,0x3f,0x3f,0x3f,0x3f,0x3f,0x20,0x51,0x41,0x70,0x70,0x6c,0x69,0x63,0x61,
  0x74,0x69,0x6f,0x6e,0x20,0x3f,0x3f,0x3f,0x3f,0x3f,0x3f,0x3f,0x3f,0x20,0x2a,0x2f,
  0xd,0xa,0x51,0x47,0x72,0x6f,0x75,0x70,0x42,0x6f,0x78,0x20,0x7b,0xd,0xa,0x20,
  0x20,0x20,0x20,0x2f,0x2a,0x20,0x3f,0x3f,0x3f,0x3f,0x3f,0x3f,0x3f,0x3f,0x3f,0x3f,
  0x3f,0x3f,0x3f,0x20,0x2a,0x2f,0xd,0xa,0x20,0x20,0x20,0x20,0x66,0x6f,0x6e,0x74,
  0x2d,0x66,0x61,0x6d,0x69,0x6c,0x79,0x3a,0x20,0x22,0x4d,0x69,0x63,0x72,0x6f,0x73,
  0x6f,0x66,0x74,0x20,0x59,0x61,0x48,0x65,0x69,0x22,0x3b,0xd,0xa,0x20,0x20,0x20,
  0x20,0x66,0x6f,0x6e,0x74,0x2d,0x73,0x69,0x7a,0x65,0x3a,0x20,0x31,0x32,0x70,0x78,
  0x3b,0xd,0xa,0x20,0x20,0x20,0x20,0x66,0x6f,0x6e,0x74,0x2d,0x77,0x65,0x69,0x67,
  0x68,0x74,0x3a,0x20,0x62,0x6f,0x6c,0x64,0x3b,0xd,0xa,0x20,0x20,0x20,0x20,0x63,
  0x6f,0x6c,0x6f,0x72,0x3a,0x20,0x77,0x68,0x69,0x74,0x65,0x3b,0xd,0xa,0xd,0xa,
  0x20,0x20,0x20,0x20,0x2f,0x2a,0x20,0x3f,0x3f,0x3f,0x3f,0x3f,0x3f,0x34,0x30,0x70,
  0x78,0x3f,0x3f,0x3f,0x31,0x70,0x78,0x20,0x2a,0x2f,0xd,0xa,0x20,0x20,0x20,0x20,
  0x62,0x6f,0x72,0x64,0x65,0x72,0x2d,0x77,0x69,0x64,0x74,0x68,0x3a,0x20,0x32,0x30,
  0x70,0x78,0x20,0x31,0x70,0x78,0x20,0x31,0x70,0x78,0x20,0x31,0x70,0x78,0x3b,0x20,
  0xd,0xa,0x20,0x20,0x20,0x20,0x62,0x6f,0x72,0x64,0x65,0x72,0x2d,0x73,0x74,0x79,
  0x6c,0x65,0x3a,0x20,0x73,0x6f,0x6c,0x69,0x64,0x3b,0xd,0xa,0x20,0x20,0x20,0x20,
  0x2f,0x2a,0x20,0x3f,0x3f,0x3f,0x3f,0x20,0x2a,0x2f,0xd,0xa,0x20,0x20,0x20,0x20,
  0x62,0x6f,0x72,0x64,0x65,0x72,0x2d,0x63,0x6f,0x6c,0x6f,0x72,0x3a,0x20,0x23,0x30,
  0x30,0x34,0x64,0x34,0x30,0x3b,0x20,0xd,0xa,0x20,0x20,0x20,0x20,0xd,0xa,0x20,
  0x20,0x20,0x20,0x2f,0x2a,0x20,0x3f,0x3f,0x3f,0x3f,0x3f,0x3f,0x20,0x2a,0x2f,0xd,
  0xa,0x20,0x20,0x20,0x20,0x62,0x6f,0x72,0x64,0x65,0x72,0x2d,0x69,0x6d,0x61,0x67,
  0x65,0x3a,0x20,0x71,0x6c,0x69,0x6e,0x65,0x61,0x72,0x67,0x72,0x61,0x64,0x69,0x65,
  0x6e,0x74,0x28,0x73,0x70,0x72,0x65,0x61,0x64,0x3a,0x70,0x61,0x64,0x2c,0x20,0x78,
  0x31,0x3a,0x30,0x2c,0x20,0x79,0x31,0x3a,0x30,0x2c,0x20,0x78,0x32,0x3a,0x31,0x2c,
  0x20,0x79,0x32,0x3a,0x30,0x2c,0x20,0xd,0xa,0x20,0x20,0x20,0x20,0x20,0x20,0x20,
  0x20,0x20,0x20,0x20,0x20,0x20,0x20,0x20,0x20,0x20,0x20,0x20,0x20,0x73,0x74,0x6f,
  0x70,0x3a,0x30,0x20,0x23,0x30,0x30,0x36,0x39,0x35,0x63,0x2c,0x20,0xd,0xa,0x20,
  0x20,0x20,0x20,0x20,0x20,0x20,0x20,0x20,0x20,0x20,0x20,0x20,0x20,0x20,0x20,0x20,
  0x20,0x20,0x20,0x73,0x74,0x6f,0x70,0x3a,0x31,0x20,0x23,0x30,0x30,0x34,0x64,0x34,
  0x30,0x29,0x20,0x34,0x30,0x20,0x31,0x20,0x31,0x20,0x31,0x20,0x73,0x74,0x72,0x65,
  0x74,0x63,0x68,0x3b,0x20,0xd,0xa,0xd,0xa,0x20,0x20,0x20,0x20,0x62,0x6f,0x72,
  0x64,0x65,0x72,0x2d,0x72,0x61,0x64,0x69,0x75,0x73,0x3a,0x20,0x30,0x70,0x78,0x3b,
  0xd,0xa,0x20,0x20,0x20,0x20,0x2f,0x2a,0x20,0x3f,0x3f,0x3f,0x3f,0x3f,0x3f,0x3f,
  0x3f,0x20,0x34,0x30,0x70,0x78,0x20,0x3f,0x3f,0x3f,0x3f,0x3f,0x3f,0x3f,0x3f,0x20,
  0x2a,0x2f,0xd,0xa,0x20,0x20,0x20,0x20,0x70,0x61,0x64,0x64,0x69,0x6e,0x67,0x2d,
  0x74,0x6f,0x70,0x3a,0x20,0x34,0x70,0x78,0x3b,0x20,0xd,0xa,0x7d,0xd,0xa,0xd,
  0xa,0x51,0x47,0x72,0x6f,0x75,0x70,0x42,0x6f,0x78,0x3a,0x3a,0x74,0x69,0x74,0x6c,
  0x65,0x20,0x7b,0xd,0xa,0x20,0x20,0x20,0x20,0x2f,0x2a,0x20,0x3f,0x3f,0x3f,0x20,
  0x62,0x6f,0x72,0x64,0x65,0x72,0x20,0x3f,0x3f,0x3f,0x3f,0x3f,0x3f,0x3f,0x3f,0x20,
  0x34,0x30,0x70,0x78,0x20,0x3f,0x3f,0x3f,0x3f,0x3f,0x20,0x2a,0x2f,0xd,0xa,0x20,
  0x20,0x20,0x20,0x73,0x75,0x62,0x63,0x6f,0x6e,0x74,0x72,0x6f,0x6c,0x2d,0x6f,0x72,
  0x69,0x67,0x69,0x6e,0x3a,0x20,0x62,0x6f,0x72,0x64,0x65,0x72,0x3b,0xd,0xa,0x20,
  0x20,0x20,0x20,0x73,0x75,0x62,0x63,0x6f,0x6e,0x74,0x72,0x6f,0x6c,0x2d,0x70,0x6f,
  0x73,0x69,0x74,0x69,0x6f,0x6e,0x3a,0x20,0x74,0x6f,0x70,0x20,0x6c,0x65,0x66,0x74,
  0x3b,0xd,0xa,0x20,0x20,0x20,0x20,0xd,0xa,0x20,0x20,0x20,0x20,0x2f,0x2a,0x20,
  0x3f,0x3f,0x3f,0x3f,0x3f,0x3f,0x3f,0x20,0x34,0x30,0x70,0x78,0x20,0x3f,0x3f,0x3f,
  0x3f,0x20,0x2a,0x2f,0xd,0xa,0x20,0x20,0x20,0x20,0x6d,0x61,0x72,0x67,0x69,0x6e,
  0x2d,0x74,0x6f,0x70,0x3a,0x20,0x30,0x70,0x78,0x3b,0x20,0xd,0xa,0x20,0x20,0x20,
  0x20,0x2f,0x2a,0x20,0x3f,0x3f,0x3f,0x3f,0x3f,0x3f,0x3f,0x20,0x62,0x6f,0x72,0x64,
  0x65,0x72,0x2d,0x77,0x69,0x64,0x74,0x68,0x20,0x3f,0x3f,0x3f,0x3f,0x3f,0x20,0x2a,
  0x2f,0xd,0xa,0x20,0x20,0x20,0x20,0x68,0x65,0x69,0x67,0x68,0x74,0x3a,0x20,0x32,
  0x30,0x70,0x78,0x3b,0xd,0xa,0x20,0x20,0x20,0x20,0xd,0xa,0x20,0x20,0x20,0x20,
  0x2f,0x2a,0x20,0x3f,0x3f,0x3f,0x3f,0x3f,0x3f,0x3f,0x3f,0x3f,0x3f,0x3f,0x3f,0x20,
  0x70,0x61,0x64,0x64,0x69,0x6e,0x67,0x2d,0x74,0x6f,0x70,0x20,0x3f,0x3f,0x3f,0x20,
  0x6d,0x61,0x72,0x67,0x69,0x6e,0x20,0x2a,0x2f,0xd,0xa,0x20,0x20,0x20,0x20,0x70,
  0x61,0x64,0x64,0x69,0x6e,0x67,0x2d,0x74,0x6f,0x70,0x3a,0x20,0x31,0x70,0x78,0x3b,
  0x20,0xd,0xa,0x20,0x20,0x20,0x20,0x70,0x61,0x64,0x64,0x69,0x6e,0x67,0x2d,0x6c,
  0x65,0x66,0x74,0x3a,0x20,0x32,0x70,0x78,0x3b,0xd,0xa,0x20,0x20,0x20,0x20,0xd,
  0xa,0x20,0x20,0x20,0x20,0x62,0x61,0x63,0x6b,0x67,0x72,0x6f,0x75,0x6e,0x64,0x2d,
  0x63,0x6f,0x6c,0x6f,0x72,0x3a,0x20,0x74,0x72,0x61,0x6e,0x73,0x70,0x61,0x72,0x65,
  0x6e,0x74,0x3b,0xd,0xa,0x7d,
    // E:/010-VisonPYC/VisionPYC/VisionPYC/VisionPYC/Styles/lineEdit.qss
  0x0,0x0,0x4,0x62,
  0x2f,
  0x2a,0x20,0x31,0x2e,0x20,0xe9,0xbb,0x98,0xe8,0xae,0xa4,0xe7,0x8a,0xb6,0xe6,0x80,
  0x81,0x20,0x28,0xe8,0xbf,0x99,0xe9,0x87,0x8c,0xe6,0x88,0x91,0xe4,0xbb,0xac,0xe4,
  0xb8,0xbb,0xe8,0xa6,0x81,0xe5,0xae,0x9a,0xe4,0xb9,0x89,0xe7,0xa6,0x81,0xe7,0x94,
  0xa8,0xe7,0x8a,0xb6,0xe6,0x80,0x81,0xef,0xbc,0x8c,0xe5,0x9b,0xa0,0xe4,0xb8,0xba,
  0xe4,0xbd,0xa0,0xe6,0x8f,0x90,0xe5,0x88,0xb0,0xe9,0xbb,0x98,0xe8,0xae,0xa4,0xe6,
  0x98,0xaf,0xe7,0xa6,0x81,0xe7,0x94,0xa8,0xe7,0x9a,0x84,0x29,0x20,0x2a,0x2f,0xd,
  0xa,0x51,0x4c,0x69,0x6e,0x65,0x45,0x64,0x69,0x74,0x3a,0x64,0x69,0x73,0x61,0x62,
  0x6c,0x65,0x64,0x20,0x7b,0xd,0xa,0x20,0x20,0x20,0x20,0x62,0x61,0x63,0x6b,0x67,
  0x72,0x6f,0x75,0x6e,0x64,0x2d,0x63,0x6f,0x6c,0x6f,0x72,0x3a,0x20,0x23,0x32,0x35,
  0x32,0x35,0x32,0x36,0x3b,0x20,0x20,0x20,0x2f,0x2a,0x20,0xe6,0xb7,0xb1,0xe8,0x89,
  0xb2,0xe8,0x83,0x8c,0xe6,0x99,0xaf,0x20,0x2a,0x2f,0xd,0xa,0x20,0x20,0x20,0x20,
  0x62,0x6f,0x72,0x64,0x65,0x72,0x3a,0x20,0x31,0x70,0x78,0x20,0x73,0x6f,0x6c,0x69,
  0x64,0x20,0x23,0x35,0x35,0x35,0x35,0x35,0x35,0x3b,0x20,0x20,0x20,0x2f,0x2a,0x20,
  0xe9,0x9d,0x99,0xe6,0xad,0xa2,0xe6,0x97,0xb6,0xe7,0x9a,0x84,0xe7,0x81,0xb0,0xe8,
  0x89,0xb2,0xe8,0xbe,0xb9,0xe6,0xa1,0x86,0x20,0x2a,0x2f,0xd,0xa,0x20,0x20,0x20,
  0x20,0x63,0x6f,0x6c,0x6f,0x72,0x3a,0x20,0x23,0x38,0x38,0x38,0x38,0x38,0x38,0x3b,
  0x20,0x20,0x20,0x20,0x20,0x20,0x20,0x20,0x20,0x20,0x20,0x20,0x20,0x20,0x2f,0x2a,
  0x20,0xe7,0xa6,0x81,0xe7,0x94,0xa8,0xe6,0x97,0xb6,0xe7,0x9a,0x84,0xe6,0x96,0x87,
  0xe5,0xad,0x97,0xe9,0xa2,0x9c,0xe8,0x89,0xb2,0xe5,0x8f,0x98,0xe6,0x9a,0x97,0x20,
  0x2a,0x2f,0xd,0xa,0x20,0x20,0x20,0x20,0x70,0x61,0x64,0x64,0x69,0x6e,0x67,0x3a,
  0x20,0x32,0x70,0x78,0x20,0x35,0x70,0x78,0x3b,0xd,0xa,0x20,0x20,0x20,0x20,0x62,
  0x6f,0x72,0x64,0x65,0x72,0x2d,0x72,0x61,0x64,0x69,0x75,0x73,0x3a,0x20,0x30,0x70,
  0x78,0x3b,0x20,0x20,0x20,0x20,0x20,0x20,0x20,0x20,0x20,0x20,0x2f,0x2a,0x20,0xe7,
  0xa1,0xac,0xe6,0x9c,0x97,0xe7,0x9b,0xb4,0xe8,0xa7,0x92,0x20,0x2a,0x2f,0xd,0xa,
  0x7d,0xd,0xa,0xd,0xa,0x2f,0x2a,0x20,0x32,0x2e,0x20,0xe7,0xa6,0x81,0xe7,0x94,
  0xa8,0xe7,0x8a,0xb6,0xe6,0x80,0x81,0xe4,0xb8,0x8b,0xe7,0x9a,0x84,0xe6,0x82,0xac,
  0xe5,0x81,0x9c,0x20,0x28,0xe5,0x85,0xb3,0xe9,0x94,0xae,0xe7,0x82,0xb9,0x29,0x20,
  0x2a,0x2f,0xd,0xa,0x2f,0x2a,0x20,0xe5,0xbd,0x93,0xe6,0x8e,0xa7,0xe4,0xbb,0xb6,
  0xe4,0xb8,0x8d,0xe5,0x8f,0xaf,0xe7,0x94,0xa8,0xef,0xbc,0x8c,0xe4,0xbd,0x86,0xe9,
  0xbc,0xa0,0xe6,0xa0,0x87,0xe7,0xa7,0xbb,0xe4,0xb8,0x8a,0xe5,0x8e,0xbb,0xe6,0x97,
  0xb6,0xef,0xbc,0x8c,0xe8,0xbe,0xb9,0xe6,0xa1,0x86,0xe5,0x8f,0x98,0xe4,0xb8,0xba,
  0xe6,0x9b,0xb4,0xe6,0x9a,0x97,0xe7,0x9a,0x84,0xe7,0x81,0xb0,0xe8,0x89,0xb2,0x20,
  0x2a,0x2f,0xd,0xa,0x51,0x4c,0x69,0x6e,0x65,0x45,0x64,0x69,0x74,0x3a,0x64,0x69,
  0x73,0x61,0x62,0x6c,0x65,0x64,0x3a,0x68,0x6f,0x76,0x65,0x72,0x20,0x7b,0xd,0xa,
  0x20,0x20,0x20,0x20,0x62,0x6f,0x72,0x64,0x65,0x72,0x3a,0x20,0x31,0x70,0x78,0x20,
  0x73,0x6f,0x6c,0x69,0x64,0x20,0x23,0x33,0x61,0x33,0x61,0x33,0x61,0x3b,0x20,0x20,
  0x20,0x2f,0x2a,0x20,0xe6,0x9a,0x97,0xe4,0xb8,0x80,0xe7,0x82,0xb9,0xe7,0x9a,0x84,
  0xe7,0x81,0xb0,0xe8,0x89,0xb2,0xe8,0xbe,0xb9,0xe6,0xa1,0x86,0x20,0x2a,0x2f,0xd,
  0xa,0x20,0x20,0x20,0x20,0x62,0x61,0x63,0x6b,0x67,0x72,0x6f,0x75,0x6e,0x64,0x2d,
  0x63,0x6f,0x6c,0x6f,0x72,0x3a,0x20,0x23,0x32,0x38,0x32,0x38,0x32,0x39,0x3b,0x20,
  0x20,0x20,0x2f,0x2a,0x20,0xe8,0x83,0x8c,0xe6,0x99,0xaf,0xe5,0x8f,0xaf,0xe4,0xbb,
  0xa5,0xe5,0xbe,0xae,0xe8,0xb0,0x83,0xef,0xbc,0x8c,0xe5,0xa2,0x9e,0xe5,0x8a,0xa0,
  0xe8,0xa7,0x86,0xe8,0xa7,0x89,0xe5,0x8f,0x8d,0xe9,0xa6,0x88,0x20,0x2a,0x2f,0xd,
  0xa,0x7d,0xd,0xa,0xd,0xa,0x2f,0x2a,0x20,0x33,0x2e,0x20,0xe6,0xad,0xa3,0xe5,
  0xb8,0xb8,0xe5,0x90,0xaf,0xe7,0x94,0xa8,0xe7,0x8a,0xb6,0xe6,0x80,0x81,0x20,0x28,
  0xe4,0xb8,0xba,0xe4,0xba,0x86,0xe5,0xae,0x8c,0xe6,0x95,0xb4,0xe6,0x80,0xa7,0xef,
  0xbc,0x8c,0xe4,0xb9,0x9f,0xe5,0xae,0x9a,0xe4,0xb9,0x89,0xe4,0xb8,0x80,0xe4,0xb8,
  0x8b,0xe5,0x90,0xaf,0xe7,0x94,0xa8,0xe5,0x90,0x8e,0xe7,0x9a,0x84,0xe6,0xa0,0xb7,
  0xe5,0xbc,0x8f,0x29,0x20,0x2a,0x2f,0xd,0xa,0x51,0x4c,0x69,0x6e,0x65,0x45,0x64,
  0x69,0x74,0x3a,0x65,0x6e,0x61,0x62,0x6c,0x65,0x64,0x20,0x7b,0xd,0xa,0x20,0x20,
  0x20,0x20,0x62,0x61,0x63,0x6b,0x67,0x72,0x6f,0x75,0x6e,0x64,0x2d,0x63,0x6f,0x6c,
  0x6f,0x72,0x3a,0x20,0x23,0x31,0x65,0x31,0x65,0x31,0x65,0x3b,0xd,0xa,0x20,0x20,
  0x20,0x20,0x62,0x6f,0x72,0x64,0x65,0x72,0x3a,0x20,0x31,0x70,0x78,0x20,0x73,0x6f,
  0x6c,0x69,0x64,0x20,0x23,0x33,0x61,0x33,0x61,0x33,0x61,0x3b,0xd,0xa,0x20,0x20,
  0x20,0x20,0x63,0x6f,0x6c,0x6f,0x72,0x3a,0x20,0x23,0x63,0x63,0x63,0x63,0x63,0x63,
  0x3b,0xd,0xa,0x7d,0xd,0xa,0xd,0xa,0x2f,0x2a,0x20,0x34,0x2e,0x20,0xe6,0xad,
  0xa3,0xe5,0xb8,0xb8,0xe5,0x90,0xaf,0xe7,0x94,0xa8,0xe7,0x8a,0xb6,0xe6,0x80,0x81,
  0xe4,0xb8,0x8b,0xe7,0x9a,0x84,0xe6,0x82,0xac,0xe5,0x81,0x9c,0x20,0x2a,0x2f,0xd,
  0xa,0x51,0x4c,0x69,0x6e,0x65,0x45,0x64,0x69,0x74,0x3a,0x65,0x6e,0x61,0x62,0x6c,
  0x65,0x64,0x3a,0x68,0x6f,0x76,0x65,0x72,0x20,0x7b,0xd,0xa,0x20,0x20,0x20,0x20,
  0x62,0x6f,0x72,0x64,0x65,0x72,0x3a,0x20,0x31,0x70,0x78,0x20,0x73,0x6f,0x6c,0x69,
  0x64,0x20,0x23,0x35,0x35,0x35,0x35,0x35,0x35,0x3b,0xd,0xa,0x7d,0xd,0xa,0xd,
  0xa,0x2f,0x2a,0x20,0x35,0x2e,0x20,0xe7,0x84,0xa6,0xe7,0x82,0xb9,0xe7,0x8a,0xb6,
  0xe6,0x80,0x81,0x20,0x28,0xe7,0x82,0xb9,0xe5,0x87,0xbb,0xe5,0x90,0x8e,0x29,0x20,
  0x2a,0x2f,0xd,0xa,0x51,0x4c,0x69,0x6e,0x65,0x45,0x64,0x69,0x74,0x3a,0x65,0x6e,
  0x61,0x62,0x6c,0x65,0x64,0x3a,0x66,0x6f,0x63,0x75,0x73,0x20,0x7b,0xd,0xa,0x20,
  0x20,0x20,0x20,0x62,0x6f,0x72,0x64,0x65,0x72,0x3a,0x20,0x31,0x70,0x78,0x20,0x73,
  0x6f,0x6c,0x69,0x64,0x20,0x23,0x30,0x30,0x43,0x43,0x36,0x36,0x3b,0x20,0x20,0x20,
  0x2f,0x2a,0x20,0xe5,0x91,0xbc,0xe5,0xba,0x94,0xe4,0xbd,0xa0,0xe7,0x9a,0x84,0xe7,
  0xbb,0xbf,0xe8,0x89,0xb2,0xe4,0xb8,0xbb,0xe9,0xa2,0x98,0x20,0x2a,0x2f,0xd,0xa,
  0x7d,
    // E:/010-VisonPYC/VisionPYC/VisionPYC/VisionPYC/Styles/style.qss
  0x0,0x0,0x6,0x42,
  0x2f,
  0x2a,0x20,0x31,0x2e,0x20,0xe6,0x95,0xb4,0xe4,0xbd,0x93,0xe9,0x9d,0xa2,0xe6,0x9d,
  0xbf,0xe8,0xae,0xbe,0xe7,0xbd,0xae,0xef,0xbc,0x9a,0xe5,0x8e,0xbb,0xe6,0x8e,0x89,
  0xe5,0xa4,0x9a,0xe4,0xbd,0x99,0xe8,0xbe,0xb9,0xe6,0xa1,0x86,0xef,0xbc,0x8c,0xe8,
  0xae,0xa9,0xe7,0x95,0x8c,0xe9,0x9d,0xa2,0xe6,0x9b,0xb4,0xe7,0x8e,0xb0,0xe4,0xbb,
  0xa3,0x20,0x2a,0x2f,0xd,0xa,0x51,0x54,0x61,0x62,0x57,0x69,0x64,0x67,0x65,0x74,
  0x3a,0x3a,0x70,0x61,0x6e,0x65,0x20,0x7b,0xd,0xa,0x20,0x20,0x20,0x20,0x62,0x6f,
  0x72,0x64,0x65,0x72,0x3a,0x20,0x31,0x70,0x78,0x20,0x73,0x6f,0x6c,0x69,0x64,0x20,
  0x23,0x33,0x61,0x33,0x61,0x33,0x61,0x3b,0xd,0xa,0x20,0x20,0x20,0x20,0x62,0x61,
  0x63,0x6b,0x67,0x72,0x6f,0x75,0x6e,0x64,0x3a,0x20,0x23,0x32,0x35,0x32,0x35,0x32,
  0x36,0x3b,0xd,0xa,0x20,0x20,0x20,0x20,0x74,0x6f,0x70,0x3a,0x20,0x2d,0x31,0x70,
  0x78,0x3b,0x20,0x2f,0x2a,0x20,0xe5,0x90,0x91,0xe4,0xb8,0x8a,0xe7,0xa7,0xbb,0xe5,
  0x8a,0xa8,0x31,0xe5,0x83,0x8f,0xe7,0xb4,0xa0,0xef,0xbc,0x8c,0xe8,0xa6,0x86,0xe7,
  0x9b,0x96,0xe4,0xbd,0x8f,0x54,0x61,0x62,0x42,0x61,0x72,0xe5,0xba,0x95,0xe9,0x83,
  0xa8,0xe7,0x9a,0x84,0xe7,0xba,0xbf,0xe6,0x9d,0xa1,0x20,0x2a,0x2f,0xd,0xa,0x7d,
  0xd,0xa,0xd,0xa,0x2f,0x2a,0x20,0x32,0x2e,0x20,0xe6,0xa0,0x87,0xe7,0xad,0xbe,
  0xe6,0xa0,0x8f,0xe6,0x95,0xb4,0xe4,0xbd,0x93,0xe6,0xa0,0xb7,0xe5,0xbc,0x8f,0x20,
  0x2a,0x2f,0xd,0xa,0x51,0x54,0x61,0x62,0x42,0x61,0x72,0x20,0x7b,0xd,0xa,0x20,
  0x20,0x20,0x20,0x62,0x61,0x63,0x6b,0x67,0x72,0x6f,0x75,0x6e,0x64,0x3a,0x20,0x74,
  0x72,0x61,0x6e,0x73,0x70,0x61,0x72,0x65,0x6e,0x74,0x3b,0xd,0xa,0x7d,0xd,0xa,
  0xd,0xa,0x2f,0x2a,0x20,0x33,0x2e,0x20,0xe5,0x8d,0x95,0xe4,0xb8,0xaa,0x20,0x54,
  0x61,0x62,0x20,0xe6,0x8c,0x89,0xe9,0x92,0xae,0xe7,0x9a,0x84,0xe5,0x9f,0xba,0xe7,
  0xa1,0x80,0xe6,0xa0,0xb7,0xe5,0xbc,0x8f,0x20,0x28,0xe9,0xab,0x98,0xe5,0xba,0xa6,
  0xe3,0x80,0x81,0xe5,0xae,0xbd,0xe5,0xba,0xa6,0xe3,0x80,0x81,0xe9,0xbb,0x98,0xe8,
  0xae,0xa4,0xe9,0xa2,0x9c,0xe8,0x89,0xb2,0x29,0x20,0x2a,0x2f,0xd,0xa,0x51,0x54,
  0x61,0x62,0x42,0x61,0x72,0x3a,0x3a,0x74,0x61,0x62,0x20,0x7b,0xd,0xa,0x20,0x20,
  0x20,0x20,0x62,0x61,0x63,0x6b,0x67,0x72,0x6f,0x75,0x6e,0x64,0x3a,0x20,0x23,0x32,
  0x64,0x32,0x64,0x32,0x64,0x3b,0x20,0x20,0x20,0x20,0x20,0x2f,0x2a,0x20,0xe8,0x83,
  0x8c,0xe6,0x99,0xaf,0xe8,0x89,0xb2,0x20,0x2a,0x2f,0xd,0xa,0x20,0x20,0x20,0x20,
  0x63,0x6f,0x6c,0x6f,0x72,0x3a,0x20,0x23,0x61,0x61,0x61,0x61,0x61,0x61,0x3b,0x20,
  0x20,0x20,0x20,0x20,0x20,0x20,0x20,0x20,0x20,0x2f,0x2a,0x20,0xe6,0x96,0x87,0xe5,
  0xad,0x97,0xe9,0xa2,0x9c,0xe8,0x89,0xb2,0x20,0x2a,0x2f,0xd,0xa,0x20,0x20,0x20,
  0x20,0x6d,0x69,0x6e,0x2d,0x77,0x69,0x64,0x74,0x68,0x3a,0x20,0x36,0x30,0x70,0x78,
  0x3b,0x20,0x20,0x20,0x20,0x20,0x20,0x20,0x20,0x2f,0x2a,0x20,0xe6,0x9c,0x80,0xe5,
  0xb0,0x8f,0xe5,0xae,0xbd,0xe5,0xba,0xa6,0x20,0x2a,0x2f,0xd,0xa,0x20,0x20,0x20,
  0x20,0x68,0x65,0x69,0x67,0x68,0x74,0x3a,0x20,0x32,0x34,0x70,0x78,0x3b,0x20,0x20,
  0x20,0x20,0x20,0x20,0x20,0x20,0x20,0x20,0x20,0x20,0x2f,0x2a,0x20,0xe6,0x8c,0x89,
  0xe9,0x92,0xae,0xe9,0xab,0x98,0xe5,0xba,0xa6,0x20,0x2a,0x2f,0xd,0xa,0x20,0x20,
  0x20,0x20,0x70,0x61,0x64,0x64,0x69,0x6e,0x67,0x3a,0x20,0x30,0x70,0x78,0x20,0x31,
  0x35,0x70,0x78,0x3b,0x20,0x20,0x20,0x20,0x20,0x20,0x20,0x2f,0x2a,0x20,0xe5,0xb7,
  0xa6,0xe5,0x8f,0xb3,0xe5,0x86,0x85,0xe8,0xbe,0xb9,0xe8,0xb7,0x9d,0x20,0x2a,0x2f,
  0xd,0xa,0x20,0x20,0x20,0x20,0x6d,0x61,0x72,0x67,0x69,0x6e,0x2d,0x72,0x69,0x67,
  0x68,0x74,0x3a,0x20,0x30,0x70,0x78,0x3b,0x20,0x20,0x20,0x20,0x20,0x20,0x20,0x2f,
  0x2a,0x20,0xe6,0xa0,0x87,0xe7,0xad,0xbe,0xe4,0xb9,0x8b,0xe9,0x97,0xb4,0xe7,0x9a,
  0x84,0xe9,0x97,0xb4,0xe8,0xb7,0x9d,0x20,0x2a,0x2f,0xd,0xa,0x20,0x20,0x20,0xd,
  0xa,0x20,0x20,0x20,0x20,0x2f,0x2a,0x20,0xe5,0x8e,0xbb,0xe6,0x8e,0x89,0xe5,0x9c,
  0x86,0xe8,0xa7,0x92,0xef,0xbc,0x8c,0xe5,0xae,0x9e,0xe7,0x8e,0xb0,0xe7,0x9b,0xb4,
  0xe8,0xa7,0x92,0xe7,0x9f,0xa9,0xe5,0xbd,0xa2,0xe6,0x95,0x88,0xe6,0x9e,0x9c,0x20,
  0x2a,0x2f,0xd,0xa,0x20,0x20,0x20,0x20,0x62,0x6f,0x72,0x64,0x65,0x72,0x2d,0x74,
  0x6f,0x70,0x2d,0x6c,0x65,0x66,0x74,0x2d,0x72,0x61,0x64,0x69,0x75,0x73,0x3a,0x20,
  0x30,0x70,0x78,0x3b,0xd,0xa,0x20,0x20,0x20,0x20,0x62,0x6f,0x72,0x64,0x65,0x72,
  0x2d,0x74,0x6f,0x70,0x2d,0x72,0x69,0x67,0x68,0x74,0x2d,0x72,0x61,0x64,0x69,0x75,
  0x73,0x3a,0x20,0x30,0x70,0x78,0x3b,0xd,0xa,0x20,0x20,0x20,0x20,0x2f,0x2a,0x20,
  0xe5,0x85,0xb3,0xe9,0x94,0xae,0xef,0xbc,0x9a,0xe9,0xa2,0x84,0xe7,0x95,0x99,0xe5,
  0xba,0x95,0xe9,0x83,0xa8,0xe6,0xa8,0xaa,0xe7,0xba,0xbf,0xe7,0x9a,0x84,0xe4,0xbd,
  0x8d,0xe7,0xbd,0xae,0xef,0xbc,0x8c,0xe9,0x98,0xb2,0xe6,0xad,0xa2,0xe9,0x80,0x89,
  0xe4,0xb8,0xad,0xe6,0x97,0xb6,0xe6,0x8a,0x96,0xe5,0x8a,0xa8,0x20,0x2a,0x2f,0xd,
  0xa,0x20,0x20,0x20,0x20,0x62,0x6f,0x72,0x64,0x65,0x72,0x2d,0x62,0x6f,0x74,0x74,
  0x6f,0x6d,0x3a,0x20,0x32,0x70,0x78,0x20,0x73,0x6f,0x6c,0x69,0x64,0x20,0x74,0x72,
  0x61,0x6e,0x73,0x70,0x61,0x72,0x65,0x6e,0x74,0x3b,0x20,0xd,0xa,0x7d,0xd,0xa,
  0xd,0xa,0x2f,0x2a,0x20,0x34,0x2e,0x20,0xe9,0xbc,0xa0,0xe6,0xa0,0x87,0xe6,0x82,
  0xac,0xe5,0x81,0x9c,0x20,0x28,0x48,0x6f,0x76,0x65,0x72,0x29,0x20,0xe7,0x8a,0xb6,
  0xe6,0x80,0x81,0x20,0x2a,0x2f,0xd,0xa,0x51,0x54,0x61,0x62,0x42,0x61,0x72,0x3a,
  0x3a,0x74,0x61,0x62,0x3a,0x68,0x6f,0x76,0x65,0x72,0x20,0x7b,0xd,0xa,0x20,0x20,
  0x62,0x61,0x63,0x6b,0x67,0x72,0x6f,0x75,0x6e,0x64,0x3a,0x20,0x23,0x33,0x65,0x33,
  0x65,0x34,0x32,0x3b,0xd,0xa,0x20,0x20,0x20,0x20,0x63,0x6f,0x6c,0x6f,0x72,0x3a,
  0x20,0x23,0x66,0x66,0x66,0x66,0x66,0x66,0x3b,0xd,0xa,0x20,0x20,0x20,0x20,0x2f,
  0x2a,0x20,0xe6,0x82,0xac,0xe5,0x81,0x9c,0xe6,0x97,0xb6,0xe5,0xba,0x95,0xe9,0x83,
  0xa8,0xe6,0xa8,0xaa,0xe7,0xba,0xbf,0xe6,0x98,0xbe,0xe7,0xa4,0xba,0xe4,0xb8,0xba,
  0xe7,0x81,0xb0,0xe8,0x89,0xb2,0x20,0x2a,0x2f,0xd,0xa,0x20,0x20,0x20,0x20,0x62,
  0x6f,0x72,0x64,0x65,0x72,0x2d,0x62,0x6f,0x74,0x74,0x6f,0x6d,0x3a,0x20,0x32,0x70,
  0x78,0x20,0x73,0x6f,0x6c,0x69,0x64,0x20,0x23,0x37,0x30,0x37,0x30,0x37,0x30,0x3b,
  0xd,0xa,0x7d,0xd,0xa,0xd,0xa,0x2f,0x2a,0x20,0x35,0x2e,0x20,0xe9,0xbc,0xa0,
  0xe6,0xa0,0x87,0xe9,0x80,0x89,0xe4,0xb8,0xad,0x20,0x28,0x53,0x65,0x6c,0x65,0x63,
  0x74,0x65,0x64,0x29,0x20,0xe7,0x8a,0xb6,0xe6,0x80,0x81,0xef,0xbc,0x9a,0xe5,0x8d,
  0xb3,0xe5,0xbd,0x93,0xe5,0x89,0x8d,0xe7,0x82,0xb9,0xe5,0x87,0xbb,0xe9,0x80,0x89,
  0xe4,0xb8,0xad,0xe7,0x9a,0x84,0x20,0x54,0x61,0x62,0x20,0x2a,0x2f,0xd,0xa,0x51,
  0x54,0x61,0x62,0x42,0x61,0x72,0x3a,0x3a,0x74,0x61,0x62,0x3a,0x73,0x65,0x6c,0x65,
  0x63,0x74,0x65,0x64,0x20,0x7b,0xd,0xa,0x20,0x20,0x20,0x20,0x62,0x61,0x63,0x6b,
  0x67,0x72,0x6f,0x75,0x6e,0x64,0x3a,0x20,0x23,0x33,0x32,0x33,0x32,0x33,0x33,0x3b,
  0xd,0xa,0x20,0x20,0x20,0x20,0x63,0x6f,0x6c,0x6f,0x72,0x3a,0x20,0x23,0x66,0x66,
  0x66,0x66,0x66,0x66,0x3b,0x20,0x20,0x20,0x20,0x20,0x20,0x20,0x20,0x20,0x20,0x2f,
  0x2a,0x20,0xe9,0x80,0x89,0xe4,0xb8,0xad,0xe6,0x96,0x87,0xe5,0xad,0x97,0xe5,0x8f,
  0x98,0xe7,0xbb,0xbf,0x20,0x2a,0x2f,0xd,0xa,0x20,0x20,0x20,0x20,0x66,0x6f,0x6e,
  0x74,0x2d,0x77,0x65,0x69,0x67,0x68,0x74,0x3a,0x20,0x62,0x6f,0x6c,0x64,0x3b,0xd,
  0xa,0x20,0x20,0x20,0x20,0xd,0xa,0x20,0x20,0x20,0x20,0x2f,0x2a,0x20,0xe6,0xa0,
  0xb8,0xe5,0xbf,0x83,0xe8,0xa6,0x81,0xe6,0xb1,0x82,0xef,0xbc,0x9a,0xe5,0x9c,0xa8,
  0xe6,0x8c,0x89,0xe9,0x92,0xae,0xe4,0xb8,0x8b,0xe6,0x96,0xb9,0xe6,0x90,0x9e,0xe4,
  0xb8,0xaa,0xe4,0xb8,0x8d,0xe5,0x90,0x8c,0xe9,0xa2,0x9c,0xe8,0x89,0xb2,0xe7,0x9a,
  0x84,0xe6,0xa8,0xaa,0xe7,0xba,0xbf,0x20,0x2a,0x2f,0xd,0xa,0x20,0x20,0x20,0x20,
  0x62,0x6f,0x72,0x64,0x65,0x72,0x2d,0x62,0x6f,0x74,0x74,0x6f,0x6d,0x3a,0x20,0x32,
  0x70,0x78,0x20,0x73,0x6f,0x6c,0x69,0x64,0x20,0x23,0x30,0x30,0x66,0x66,0x30,0x30,
  0x3b,0x20,0xd,0xa,0x7d,0xd,0xa,0xd,0xa,0x51,0x54,0x61,0x62,0x42,0x61,0x72,
  0x3a,0x3a,0x74,0x61,0x62,0x3a,0x21,0x73,0x65,0x6c,0x65,0x63,0x74,0x65,0x64,0x20,
  0x7b,0xd,0xa,0x20,0x20,0x20,0x20,0x2f,0x2a,0x20,0xe7,0xa7,0xbb,0xe9,0x99,0xa4,
  0xe4,0xb9,0x8b,0xe5,0x89,0x8d,0xe7,0x9a,0x84,0x20,0x6d,0x61,0x72,0x67,0x69,0x6e,
  0x2d,0x74,0x6f,0x70,0xef,0xbc,0x8c,0xe8,0xae,0xa9,0xe6,0x89,0x80,0xe6,0x9c,0x89,
  0xe6,0xa0,0x87,0xe7,0xad,0xbe,0xe9,0xab,0x98,0xe5,0xba,0xa6,0xe5,0xaf,0xb9,0xe9,
  0xbd,0x90,0xef,0xbc,0x8c,0xe6,0xb6,0x88,0xe9,0x99,0xa4,0xe9,0x94,0x99,0xe4,0xbd,
  0x8d,0xe6,0x84,0x9f,0x20,0x2a,0x2f,0xd,0xa,0x20,0x20,0x20,0x20,0x6d,0x61,0x72,
  0x67,0x69,0x6e,0x2d,0x74,0x6f,0x70,0x3a,0x20,0x30,0x70,0x78,0x3b,0x20,0xd,0xa,
  0x7d,
    // E:/010-VisonPYC/VisionPYC/VisionPYC/VisionPYC/Styles/plainTextEdit.qss
  0x0,0x0,0x3,0x5c,
  0x2f,
  0x2a,0x20,0x31,0x2e,0x20,0xe9,0xbb,0x98,0xe8,0xae,0xa4,0xe7,0x8a,0xb6,0xe6,0x80,
  0x81,0x20,0x28,0xe7,0xa6,0x81,0xe7,0x94,0xa8,0x29,0x20,0x2a,0x2f,0xd,0xa,0x51,
  0x50,0x6c,0x61,0x69,0x6e,0x54,0x65,0x78,0x74,0x45,0x64,0x69,0x74,0x3a,0x64,0x69,
  0x73,0x61,0x62,0x6c,0x65,0x64,0x20,0x7b,0xd,0xa,0x20,0x20,0x20,0x20,0x62,0x61,
  0x63,0x6b,0x67,0x72,0x6f,0x75,0x6e,0x64,0x2d,0x63,0x6f,0x6c,0x6f,0x72,0x3a,0x20,
  0x23,0x32,0x35,0x32,0x35,0x32,0x36,0x3b,0x20,0x20,0x20,0x2f,0x2a,0x20,0xe6,0xb7,
  0xb1,0xe8,0x89,0xb2,0xe8,0x83,0x8c,0xe6,0x99,0xaf,0x20,0x2a,0x2f,0xd,0xa,0x20,
  0x20,0x20,0x20,0x62,0x6f,0x72,0x64,0x65,0x72,0x3a,0x20,0x31,0x70,0x78,0x20,0x73,
  0x6f,0x6c,0x69,0x64,0x20,0x23,0x35,0x35,0x35,0x35,0x35,0x35,0x3b,0x20,0x20,0x20,
  0x2f,0x2a,0x20,0xe8,0xbe,0xb9,0xe6,0xa1,0x86,0x20,0x2a,0x2f,0xd,0xa,0x20,0x20,
  0x20,0x20,0x63,0x6f,0x6c,0x6f,0x72,0x3a,0x20,0x23,0x38,0x38,0x38,0x38,0x38,0x38,
  0x3b,0x20,0x20,0x20,0x20,0x20,0x20,0x20,0x20,0x20,0x20,0x20,0x20,0x20,0x20,0x2f,
  0x2a,0x20,0xe6,0x96,0x87,0xe5,0xad,0x97,0xe5,0x8f,0x98,0xe6,0x9a,0x97,0x20,0x2a,
  0x2f,0xd,0xa,0x20,0x20,0x20,0x20,0x70,0x61,0x64,0x64,0x69,0x6e,0x67,0x3a,0x20,
  0x35,0x70,0x78,0x3b,0x20,0x20,0x20,0x20,0x20,0x20,0x20,0x20,0x20,0x20,0x20,0x20,
  0x20,0x20,0x20,0x20,0x2f,0x2a,0x20,0xe5,0xa4,0x9a,0xe8,0xa1,0x8c,0xe6,0x96,0x87,
  0xe6,0x9c,0xac,0xe5,0xbb,0xba,0xe8,0xae,0xae,0x20,0x70,0x61,0x64,0x64,0x69,0x6e,
  0x67,0x20,0xe7,0xa8,0x8d,0xe5,0xa4,0xa7,0xe4,0xb8,0x80,0xe7,0x82,0xb9,0x20,0x2a,
  0x2f,0xd,0xa,0x20,0x20,0x20,0x20,0x62,0x6f,0x72,0x64,0x65,0x72,0x2d,0x72,0x61,
  0x64,0x69,0x75,0x73,0x3a,0x20,0x30,0x70,0x78,0x3b,0xd,0xa,0x7d,0xd,0xa,0xd,
  0xa,0x2f,0x2a,0x20,0x32,0x2e,0x20,0xe7,0xa6,0x81,0xe7,0x94,0xa8,0xe7,0x8a,0xb6,
  0xe6,0x80,0x81,0xe4,0xb8,0x8b,0xe7,0x9a,0x84,0xe6,0x82,0xac,0xe5,0x81,0x9c,0x20,
  0x2a,0x2f,0xd,0xa,0x51,0x50,0x6c,0x61,0x69,0x6e,0x54,0x65,0x78,0x74,0x45,0x64,
  0x69,0x74,0x3a,0x64,0x69,0x73,0x61,0x62,0x6c,0x65,0x64,0x3a,0x68,0x6f,0x76,0x65,
  0x72,0x20,0x7b,0xd,0xa,0x20,0x20,0x20,0x20,0x62,0x6f,0x72,0x64,0x65,0x72,0x3a,
  0x20,0x31,0x70,0x78,0x20,0x73,0x6f,0x6c,0x69,0x64,0x20,0x23,0x33,0x61,0x33,0x61,
  0x33,0x61,0x3b,0xd,0xa,0x20,0x20,0x20,0x20,0x62,0x61,0x63,0x6b,0x67,0x72,0x6f,
  0x75,0x6e,0x64,0x2d,0x63,0x6f,0x6c,0x6f,0x72,0x3a,0x20,0x23,0x32,0x38,0x32,0x38,
  0x32,0x39,0x3b,0xd,0xa,0x7d,0xd,0xa,0xd,0xa,0x2f,0x2a,0x20,0x33,0x2e,0x20,
  0xe6,0xad,0xa3,0xe5,0xb8,0xb8,0xe5,0x90,0xaf,0xe7,0x94,0xa8,0xe7,0x8a,0xb6,0xe6,
  0x80,0x81,0x20,0x2a,0x2f,0xd,0xa,0x51,0x50,0x6c,0x61,0x69,0x6e,0x54,0x65,0x78,
  0x74,0x45,0x64,0x69,0x74,0x3a,0x65,0x6e,0x61,0x62,0x6c,0x65,0x64,0x20,0x7b,0xd,
  0xa,0x20,0x20,0x20,0x20,0x62,0x61,0x63,0x6b,0x67,0x72,0x6f,0x75,0x6e,0x64,0x2d,
  0x63,0x6f,0x6c,0x6f,0x72,0x3a,0x20,0x23,0x31,0x65,0x31,0x65,0x31,0x65,0x3b,0xd,
  0xa,0x20,0x20,0x20,0x20,0x62,0x6f,0x72,0x64,0x65,0x72,0x3a,0x20,0x31,0x70,0x78,
  0x20,0x73,0x6f,0x6c,0x69,0x64,0x20,0x23,0x33,0x61,0x33,0x61,0x33,0x61,0x3b,0xd,
  0xa,0x20,0x20,0x20,0x20,0x63,0x6f,0x6c,0x6f,0x72,0x3a,0x20,0x23,0x63,0x63,0x63,
  0x63,0x63,0x63,0x3b,0xd,0xa,0x20,0x20,0x20,0x20,0x70,0x61,0x64,0x64,0x69,0x6e,
  0x67,0x3a,0x20,0x35,0x70,0x78,0x3b,0xd,0xa,0x7d,0xd,0xa,0xd,0xa,0x2f,0x2a,
  0x20,0x34,0x2e,0x20,0xe6,0xad,0xa3,0xe5,0xb8,0xb8,0xe5,0x90,0xaf,0xe7,0x94,0xa8,
  0xe7,0x8a,0xb6,0xe6,0x80,0x81,0xe4,0xb8,0x8b,0xe7,0x9a,0x84,0xe6,0x82,0xac,0xe5,
  0x81,0x9c,0x20,0x2a,0x2f,0xd,0xa,0x51,0x50,0x6c,0x61,0x69,0x6e,0x54,0x65,0x78,
  0x74,0x45,0x64,0x69,0x74,0x3a,0x65,0x6e,0x61,0x62,0x6c,0x65,0x64,0x3a,0x68,0x6f,
  0x76,0x65,0x72,0x20,0x7b,0xd,0xa,0x20,0x20,0x20,0x20,0x62,0x6f,0x72,0x64,0x65,
  0x72,0x3a,0x20,0x31,0x70,0x78,0x20,0x73,0x6f,0x6c,0x69,0x64,0x20,0x23,0x35,0x35,
  0x35,0x35,0x35,0x35,0x3b,0xd,0xa,0x7d,0xd,0xa,0xd,0xa,0x2f,0x2a,0x20,0x35,
  0x2e,0x20,0xe7,0x84,0xa6,0xe7,0x82,0xb9,0xe7,0x8a,0xb6,0xe6,0x80,0x81,0x20,0x28,
  0xe7,0x82,0xb9,0xe5,0x87,0xbb,0xe8,0xbe,0x93,0xe5,0x85,0xa5,0xe6,0x97,0xb6,0x29,
  0x20,0x2a,0x2f,0xd,0xa,0x51,0x50,0x6c,0x61,0x69,0x6e,0x54,0x65,0x78,0x74,0x45,
  0x64,0x69,0x74,0x3a,0x65,0x6e,0x61,0x62,0x6c,0x65,0x64,0x3a,0x66,0x6f,0x63,0x75,
  0x73,0x20,0x7b,0xd,0xa,0x20,0x20,0x20,0x20,0x62,0x6f,0x72,0x64,0x65,0x72,0x3a,
  0x20,0x31,0x70,0x78,0x20,0x73,0x6f,0x6c,0x69,0x64,0x20,0x23,0x30,0x30,0x43,0x43,
  0x36,0x36,0x3b,0x20,0x20,0x20,0x2f,0x2a,0x20,0xe7,0xbb,0xbf,0xe8,0x89,0xb2,0xe8,
  0xbe,0xb9,0xe6,0xa1,0x86,0x20,0x2a,0x2f,0xd,0xa,0x7d,
    // E:/010-VisonPYC/VisionPYC/VisionPYC/VisionPYC/Styles/tabBar.qss
  0x0,0x0,0x6,0x42,
  0x2f,
  0x2a,0x20,0x31,0x2e,0x20,0xe6,0x95,0xb4,0xe4,0xbd,0x93,0xe9,0x9d,0xa2,0xe6,0x9d,
  0xbf,0xe8,0xae,0xbe,0xe7,0xbd,0xae,0xef,0xbc,0x9a,0xe5,0x8e,0xbb,0xe6,0x8e,0x89,
  0xe5,0xa4,0x9a,0xe4,0xbd,0x99,0xe8,0xbe,0xb9,0xe6,0xa1,0x86,0xef,0xbc,0x8c,0xe8,
  0xae,0xa9,0xe7,0x95,0x8c,0xe9,0x9d,0xa2,0xe6,0x9b,0xb4,0xe7,0x8e,0xb0,0xe4,0xbb,
  0xa3,0x20,0x2a,0x2f,0xd,0xa,0x51,0x54,0x61,0x62,0x57,0x69,0x64,0x67,0x65,0x74,
  0x3a,0x3a,0x70,0x61,0x6e,0x65,0x20,0x7b,0xd,0xa,0x20,0x20,0x20,0x20,0x62,0x6f,
  0x72,0x64,0x65,0x72,0x3a,0x20,0x31,0x70,0x78,0x20,0x73,0x6f,0x6c,0x69,0x64,0x20,
  0x23,0x33,0x61,0x33,0x61,0x33,0x61,0x3b,0xd,0xa,0x20,0x20,0x20,0x20,0x62,0x61,
  0x63,0x6b,0x67,0x72,0x6f,0x75,0x6e,0x64,0x3a,0x20,0x23,0x32,0x35,0x32,0x35,0x32,
  0x36,0x3b,0xd,0xa,0x20,0x20,0x20,0x20,0x74,0x6f,0x70,0x3a,0x20,0x2d,0x31,0x70,
  0x78,0x3b,0x20,0x2f,0x2a,0x20,0xe5,0x90,0x91,0xe4,0xb8,0x8a,0xe7,0xa7,0xbb,0xe5,
  0x8a,0xa8,0x31,0xe5,0x83,0x8f,0xe7,0xb4,0xa0,0xef,0xbc,0x8c,0xe8,0xa6,0x86,0xe7,
  0x9b,0x96,0xe4,0xbd,0x8f,0x54,0x61,0x62,0x42,0x61,0x72,0xe5,0xba,0x95,0xe9,0x83,
  0xa8,0xe7,0x9a,0x84,0xe7,0xba,0xbf,0xe6,0x9d,0xa1,0x20,0x2a,0x2f,0xd,0xa,0x7d,
  0xd,0xa,0xd,0xa,0x2f,0x2a,0x20,0x32,0x2e,0x20,0xe6,0xa0,0x87,0xe7,0xad,0xbe,
  0xe6,0xa0,0x8f,0xe6,0x95,0xb4,0xe4,0xbd,0x93,0xe6,0xa0,0xb7,0xe5,0xbc,0x8f,0x20,
  0x2a,0x2f,0xd,0xa,0x51,0x54,0x61,0x62,0x42,0x61,0x72,0x20,0x7b,0xd,0xa,0x20,
  0x20,0x20,0x20,0x62,0x61,0x63,0x6b,0x67,0x72,0x6f,0x75,0x6e,0x64,0x3a,0x20,0x74,
  0x72,0x61,0x6e,0x73,0x70,0x61,0x72,0x65,0x6e,0x74,0x3b,0xd,0xa,0x7d,0xd,0xa,
  0xd,0xa,0x2f,0x2a,0x20,0x33,0x2e,0x20,0xe5,0x8d,0x95,0xe4,0xb8,0xaa,0x20,0x54,
  0x61,0x62,0x20,0xe6,0x8c,0x89,0xe9,0x92,0xae,0xe7,0x9a,0x84,0xe5,0x9f,0xba,0xe7,
  0xa1,0x80,0xe6,0xa0,0xb7,0xe5,0xbc,0x8f,0x20,0x28,0xe9,0xab,0x98,0xe5,0xba,0xa6,
  0xe3,0x80,0x81,0xe5,0xae,0xbd,0xe5,0xba,0xa6,0xe3,0x80,0x81,0xe9,0xbb,0x98,0xe8,
  0xae,0xa4,0xe9,0xa2,0x9c,0xe8,0x89,0xb2,0x29,0x20,0x2a,0x2f,0xd,0xa,0x51,0x54,
  0x61,0x62,0x42,0x61,0x72,0x3a,0x3a,0x74,0x61,0x62,0x20,0x7b,0xd,0xa,0x20,0x20,
  0x20,0x20,0x62,0x61,0x63,0x6b,0x67,0x72,0x6f,0x75,0x6e,0x64,0x3a,0x20,0x23,0x32,
  0x64,0x32,0x64,0x32,0x64,0x3b,0x20,0x20,0x20,0x20,0x20,0x2f,0x2a,0x20,0xe8,0x83,
  0x8c,0xe6,0x99,0xaf,0xe8,0x89,0xb2,0x20,0x2a,0x2f,0xd,0xa,0x20,0x20,0x20,0x20,
  0x63,0x6f,0x6c,0x6f,0x72,0x3a,0x20,0x23,0x61,0x61,0x61,0x61,0x61,0x61,0x3b,0x20,
  0x20,0x20,0x20,0x20,0x20,0x20,0x20,0x20,0x20,0x2f,0x2a,0x20,0xe6,0x96,0x87,0xe5,
  0xad,0x97,0xe9,0xa2,0x9c,0xe8,0x89,0xb2,0x20,0x2a,0x2f,0xd,0xa,0x20,0x20,0x20,
  0x20,0x6d,0x69,0x6e,0x2d,0x77,0x69,0x64,0x74,0x68,0x3a,0x20,0x36,0x30,0x70,0x78,
  0x3b,0x20,0x20,0x20,0x20,0x20,0x20,0x20,0x20,0x2f,0x2a,0x20,0xe6,0x9c,0x80,0xe5,
  0xb0,0x8f,0xe5,0xae,0xbd,0xe5,0xba,0xa6,0x20,0x2a,0x2f,0xd,0xa,0x20,0x20,0x20,
  0x20,0x68,0x65,0x69,0x67,0x68,0x74,0x3a,0x20,0x32,0x34,0x70,0x78,0x3b,0x20,0x20,
  0x20,0x20,0x20,0x20,0x20,0x20,0x20,0x20,0x20,0x20,0x2f,0x2a,0x20,0xe6,0x8c,0x89,
  0xe9,0x92,0xae,0xe9,0xab,0x98,0xe5,0xba,0xa6,0x20,0x2a,0x2f,0xd,0xa,0x20,0x20,
  0x20,0x20,0x70,0x61,0x64,0x64,0x69,0x6e,0x67,0x3a,0x20,0x30,0x70,0x78,0x20,0x31,
  0x35,0x70,0x78,0x3b,0x20,0x20,0x20,0x20,0x20,0x20,0x20,0x2f,0x2a,0x20,0xe5,0xb7,
  0xa6,0xe5,0x8f,0xb3,0xe5,0x86,0x85,0xe8,0xbe,0xb9,0xe8,0xb7,0x9d,0x20,0x2a,0x2f,
  0xd,0xa,0x20,0x20,0x20,0x20,0x6d,0x61,0x72,0x67,0x69,0x6e,0x2d,0x72,0x69,0x67,
  0x68,0x74,0x3a,0x20,0x30,0x70,0x78,0x3b,0x20,0x20,0x20,0x20,0x20,0x20,0x20,0x2f,
  0x2a,0x20,0xe6,0xa0,0x87,0xe7,0xad,0xbe,0xe4,0xb9,0x8b,0xe9,0x97,0xb4,0xe7,0x9a,
  0x84,0xe9,0x97,0xb4,0xe8,0xb7,0x9d,0x20,0x2a,0x2f,0xd,0xa,0x20,0x20,0x20,0xd,
  0xa,0x20,0x20,0x20,0x20,0x2f,0x2a,0x20,0xe5,0x8e,0xbb,0xe6,0x8e,0x89,0xe5,0x9c,
  0x86,0xe8,0xa7,0x92,0xef,0xbc,0x8c,0xe5,0xae,0x9e,0xe7,0x8e,0xb0,0xe7,0x9b,0xb4,
  0xe8,0xa7,0x92,0xe7,0x9f,0xa9,0xe5,0xbd,0xa2,0xe6,0x95,0x88,0xe6,0x9e,0x9c,0x20,
  0x2a,0x2f,0xd,0xa,0x20,0x20,0x20,0x20,0x62,0x6f,0x72,0x64,0x65,0x72,0x2d,0x74,
  0x6f,0x70,0x2d,0x6c,0x65,0x66,0x74,0x2d,0x72,0x61,0x64,0x69,0x75,0x73,0x3a,0x20,
  0x30,0x70,0x78,0x3b,0xd,0xa,0x20,0x20,0x20,0x20,0x62,0x6f,0x72,0x64,0x65,0x72,
  0x2d,0x74,0x6f,0x70,0x2d,0x72,0x69,0x67,0x68,0x74,0x2d,0x72,0x61,0x64,0x69,0x75,
  0x73,0x3a,0x20,0x30,0x70,0x78,0x3b,0xd,0xa,0x20,0x20,0x20,0x20,0x2f,0x2a,0x20,
  0xe5,0x85,0xb3,0xe9,0x94,0xae,0xef,0xbc,0x9a,0xe9,0xa2,0x84,0xe7,0x95,0x99,0xe5,
  0xba,0x95,0xe9,0x83,0xa8,0xe6,0xa8,0xaa,0xe7,0xba,0xbf,0xe7,0x9a,0x84,0xe4,0xbd,
  0x8d,0xe7,0xbd,0xae,0xef,0xbc,0x8c,0xe9,0x98,0xb2,0xe6,0xad,0xa2,0xe9,0x80,0x89,
  0xe4,0xb8,0xad,0xe6,0x97,0xb6,0xe6,0x8a,0x96,0xe5,0x8a,0xa8,0x20,0x2a,0x2f,0xd,
  0xa,0x20,0x20,0x20,0x20,0x62,0x6f,0x72,0x64,0x65,0x72,0x2d,0x62,0x6f,0x74,0x74,
  0x6f,0x6d,0x3a,0x20,0x32,0x70,0x78,0x20,0x73,0x6f,0x6c,0x69,0x64,0x20,0x74,0x72,
  0x61,0x6e,0x73,0x70,0x61,0x72,0x65,0x6e,0x74,0x3b,0x20,0xd,0xa,0x7d,0xd,0xa,
  0xd,0xa,0x2f,0x2a,0x20,0x34,0x2e,0x20,0xe9,0xbc,0xa0,0xe6,0xa0,0x87,0xe6,0x82,
  0xac,0xe5,0x81,0x9c,0x20,0x28,0x48,0x6f,0x76,0x65,0x72,0x29,0x20,0xe7,0x8a,0xb6,
  0xe6,0x80,0x81,0x20,0x2a,0x2f,0xd,0xa,0x51,0x54,0x61,0x62,0x42,0x61,0x72,0x3a,
  0x3a,0x74,0x61,0x62,0x3a,0x68,0x6f,0x76,0x65,0x72,0x20,0x7b,0xd,0xa,0x20,0x20,
  0x62,0x61,0x63,0x6b,0x67,0x72,0x6f,0x75,0x6e,0x64,0x3a,0x20,0x23,0x33,0x65,0x33,
  0x65,0x34,0x32,0x3b,0xd,0xa,0x20,0x20,0x20,0x20,0x63,0x6f,0x6c,0x6f,0x72,0x3a,
  0x20,0x23,0x66,0x66,0x66,0x66,0x66,0x66,0x3b,0xd,0xa,0x20,0x20,0x20,0x20,0x2f,
  0x2a,0x20,0xe6,0x82,0xac,0xe5,0x81,0x9c,0xe6,0x97,0xb6,0xe5,0xba,0x95,0xe9,0x83,
  0xa8,0xe6,0xa8,0xaa,0xe7,0xba,0xbf,0xe6,0x98,0xbe,0xe7,0xa4,0xba,0xe4,0xb8,0xba,
  0xe7,0x81,0xb0,0xe8,0x89,0xb2,0x20,0x2a,0x2f,0xd,0xa,0x20,0x20,0x20,0x20,0x62,
  0x6f,0x72,0x64,0x65,0x72,0x2d,0x62,0x6f,0x74,0x74,0x6f,0x6d,0x3a,0x20,0x32,0x70,
  0x78,0x20,0x73,0x6f,0x6c,0x69,0x64,0x20,0x23,0x37,0x30,0x37,0x30,0x37,0x30,0x3b,
  0xd,0xa,0x7d,0xd,0xa,0xd,0xa,0x2f,0x2a,0x20,0x35,0x2e,0x20,0xe9,0xbc,0xa0,
  0xe6,0xa0,0x87,0xe9,0x80,0x89,0xe4,0xb8,0xad,0x20,0x28,0x53,0x65,0x6c,0x65,0x63,
  0x74,0x65,0x64,0x29,0x20,0xe7,0x8a,0xb6,0xe6,0x80,0x81,0xef,0xbc,0x9a,0xe5,0x8d,
  0xb3,0xe5,0xbd,0x93,0xe5,0x89,0x8d,0xe7,0x82,0xb9,0xe5,0x87,0xbb,0xe9,0x80,0x89,
  0xe4,0xb8,0xad,0xe7,0x9a,0x84,0x20,0x54,0x61,0x62,0x20,0x2a,0x2f,0xd,0xa,0x51,
  0x54,0x61,0x62,0x42,0x61,0x72,0x3a,0x3a,0x74,0x61,0x62,0x3a,0x73,0x65,0x6c,0x65,
  0x63,0x74,0x65,0x64,0x20,0x7b,0xd,0xa,0x20,0x20,0x20,0x20,0x62,0x61,0x63,0x6b,
  0x67,0x72,0x6f,0x75,0x6e,0x64,0x3a,0x20,0x23,0x33,0x32,0x33,0x32,0x33,0x33,0x3b,
  0xd,0xa,0x20,0x20,0x20,0x20,0x63,0x6f,0x6c,0x6f,0x72,0x3a,0x20,0x23,0x66,0x66,
  0x66,0x66,0x66,0x66,0x3b,0x20,0x20,0x20,0x20,0x20,0x20,0x20,0x20,0x20,0x20,0x2f,
  0x2a,0x20,0xe9,0x80,0x89,0xe4,0xb8,0xad,0xe6,0x96,0x87,0xe5,0xad,0x97,0xe5,0x8f,
  0x98,0xe7,0xbb,0xbf,0x20,0x2a,0x2f,0xd,0xa,0x20,0x20,0x20,0x20,0x66,0x6f,0x6e,
  0x74,0x2d,0x77,0x65,0x69,0x67,0x68,0x74,0x3a,0x20,0x62,0x6f,0x6c,0x64,0x3b,0xd,
  0xa,0x20,0x20,0x20,0x20,0xd,0xa,0x20,0x20,0x20,0x20,0x2f,0x2a,0x20,0xe6,0xa0,
  0xb8,0xe5,0xbf,0x83,0xe8,0xa6,0x81,0xe6,0xb1,0x82,0xef,0xbc,0x9a,0xe5,0x9c,0xa8,
  0xe6,0x8c,0x89,0xe9,0x92,0xae,0xe4,0xb8,0x8b,0xe6,0x96,0xb9,0xe6,0x90,0x9e,0xe4,
  0xb8,0xaa,0xe4,0xb8,0x8d,0xe5,0x90,0x8c,0xe9,0xa2,0x9c,0xe8,0x89,0xb2,0xe7,0x9a,
  0x84,0xe6,0xa8,0xaa,0xe7,0xba,0xbf,0x20,0x2a,0x2f,0xd,0xa,0x20,0x20,0x20,0x20,
  0x62,0x6f,0x72,0x64,0x65,0x72,0x2d,0x62,0x6f,0x74,0x74,0x6f,0x6d,0x3a,0x20,0x32,
  0x70,0x78,0x20,0x73,0x6f,0x6c,0x69,0x64,0x20,0x23,0x30,0x30,0x66,0x66,0x30,0x30,
  0x3b,0x20,0xd,0xa,0x7d,0xd,0xa,0xd,0xa,0x51,0x54,0x61,0x62,0x42,0x61,0x72,
  0x3a,0x3a,0x74,0x61,0x62,0x3a,0x21,0x73,0x65,0x6c,0x65,0x63,0x74,0x65,0x64,0x20,
  0x7b,0xd,0xa,0x20,0x20,0x20,0x20,0x2f,0x2a,0x20,0xe7,0xa7,0xbb,0xe9,0x99,0xa4,
  0xe4,0xb9,0x8b,0xe5,0x89,0x8d,0xe7,0x9a,0x84,0x20,0x6d,0x61,0x72,0x67,0x69,0x6e,
  0x2d,0x74,0x6f,0x70,0xef,0xbc,0x8c,0xe8,0xae,0xa9,0xe6,0x89,0x80,0xe6,0x9c,0x89,
  0xe6,0xa0,0x87,0xe7,0xad,0xbe,0xe9,0xab,0x98,0xe5,0xba,0xa6,0xe5,0xaf,0xb9,0xe9,
  0xbd,0x90,0xef,0xbc,0x8c,0xe6,0xb6,0x88,0xe9,0x99,0xa4,0xe9,0x94,0x99,0xe4,0xbd,
  0x8d,0xe6,0x84,0x9f,0x20,0x2a,0x2f,0xd,0xa,0x20,0x20,0x20,0x20,0x6d,0x61,0x72,
  0x67,0x69,0x6e,0x2d,0x74,0x6f,0x70,0x3a,0x20,0x30,0x70,0x78,0x3b,0x20,0xd,0xa,
  0x7d,
    // E:/010-VisonPYC/VisionPYC/VisionPYC/VisionPYC/Styles/widget.qss
  0x0,0x0,0x0,0xa7,
  0x51,
  0x57,0x69,0x64,0x67,0x65,0x74,0x20,0x7b,0xd,0xa,0x20,0x20,0x20,0x20,0x62,0x61,
  0x63,0x6b,0x67,0x72,0x6f,0x75,0x6e,0x64,0x2d,0x63,0x6f,0x6c,0x6f,0x72,0x3a,0x20,
  0x23,0x32,0x35,0x32,0x35,0x32,0x36,0x3b,0xd,0xa,0x20,0x20,0x20,0x20,0x63,0x6f,
  0x6c,0x6f,0x72,0x3a,0x20,0x23,0x63,0x63,0x63,0x63,0x63,0x63,0x3b,0xd,0xa,0x20,
  0x20,0x20,0x20,0x66,0x6f,0x6e,0x74,0x2d,0x66,0x61,0x6d,0x69,0x6c,0x79,0x3a,0x20,
  0x22,0x53,0x65,0x67,0x6f,0x65,0x20,0x55,0x49,0x22,0x2c,0x20,0x22,0x4d,0x69,0x63,
  0x72,0x6f,0x73,0x6f,0x66,0x74,0x20,0x59,0x61,0x48,0x65,0x69,0x22,0x2c,0x20,0x73,
  0x61,0x6e,0x73,0x2d,0x73,0x65,0x72,0x69,0x66,0x3b,0xd,0xa,0x20,0x20,0x20,0x20,
  0x66,0x6f,0x6e,0x74,0x2d,0x73,0x69,0x7a,0x65,0x3a,0x20,0x31,0x30,0x70,0x74,0x3b,
  0xd,0xa,0x20,0x20,0x20,0x20,0x62,0x6f,0x72,0x64,0x65,0x72,0x3a,0x20,0x6e,0x6f,
  0x6e,0x65,0x3b,0xd,0xa,0x7d,
    // E:/010-VisonPYC/VisionPYC/VisionPYC/VisionPYC/Styles/radiobutton.qss
  0x0,0x0,0x1,0x8b,
  0x0,
  0x0,0x5,0xa5,0x78,0xda,0xad,0x94,0xdf,0x4f,0xc2,0x30,0x10,0xc7,0xdf,0x49,0xf8,
  0x1f,0x2e,0xf1,0x45,0x91,0xb9,0x8d,0x55,0x24,0x25,0x66,0x51,0x12,0x12,0x1f,0xf5,
  0x3f,0x98,0x6b,0x65,0xd,0xa4,0x5d,0xba,0x4e,0x88,0xc6,0xff,0xdd,0xae,0xeb,0xc6,
  0xd8,0x40,0x40,0xbd,0xa7,0xe5,0x7e,0xf4,0xee,0xfb,0xb9,0x3,0x77,0x0,0x61,0x65,
  0x30,0x70,0xfb,0xbd,0xe7,0x97,0x88,0x30,0xf1,0x98,0x2b,0x25,0x38,0x7c,0xf6,0x7b,
  0xa0,0x2d,0x16,0x2b,0x21,0x31,0xac,0x13,0xa6,0xe8,0xb4,0x74,0xbd,0x9,0xae,0x9c,
  0x8c,0x7d,0x50,0xc,0x3e,0x4a,0x37,0xd6,0x9b,0xa5,0x51,0xcc,0xf8,0x42,0xfb,0xbc,
  0xda,0xf7,0x1a,0xc5,0xcb,0x85,0x14,0x39,0x27,0x18,0x94,0x8c,0xb8,0xce,0x91,0x94,
  0x2b,0x1d,0xfd,0xea,0xf7,0x76,0xfb,0xe1,0x44,0xbc,0x53,0xd9,0xea,0x7a,0xf1,0x60,
  0x6c,0xa,0x6e,0x35,0xaa,0x99,0xb3,0x5b,0x1c,0x27,0x34,0x5e,0x52,0xd2,0x2e,0xf7,
  0xbc,0xd9,0x6c,0x3c,0x6e,0x94,0x37,0xea,0xb5,0xcf,0x71,0x1c,0x78,0xe2,0x84,0xc5,
  0x91,0x12,0xb2,0xcc,0x30,0xbe,0x22,0xc7,0x24,0x84,0xfb,0xac,0x83,0xa,0x63,0x56,
  0x3f,0x62,0x7,0x38,0x54,0xdb,0x1a,0xc0,0xbf,0x69,0xa6,0xc1,0x65,0xe8,0x7b,0x43,
  0x8,0x27,0x57,0x3f,0xb5,0xc0,0x39,0x6f,0xa9,0x5d,0x33,0xa2,0x12,0xc,0x13,0x8d,
  0xbd,0x6a,0x6d,0x1e,0x28,0x62,0x9,0x65,0x8b,0x44,0x95,0x41,0xbb,0x13,0x21,0x9,
  0xd5,0x70,0xfc,0x74,0x3,0x99,0x58,0x31,0x62,0x77,0x6b,0xb,0xb5,0xdb,0xcc,0x72,
  0xf,0x13,0xb8,0x6,0x7f,0x30,0xd2,0x5f,0xc5,0x46,0xeb,0x17,0xcb,0x7a,0x47,0xea,
  0xe1,0xf2,0xc,0xc3,0x6d,0xd9,0xb5,0x6e,0xec,0x7b,0xb0,0x23,0xf5,0x84,0x33,0xd0,
  0x85,0x23,0x3,0x42,0x37,0xec,0xc0,0x40,0x25,0x8c,0x23,0x40,0x8f,0xb2,0xda,0x3d,
  0x2f,0x4b,0xc,0x35,0x88,0xed,0x61,0x86,0x3a,0xcc,0x82,0x9a,0x99,0x3e,0x2d,0x44,
  0x90,0xb7,0x3d,0xad,0x22,0x66,0xc1,0x21,0xad,0x23,0x38,0x3,0x5c,0x35,0x41,0xe1,
  0x3a,0x83,0x59,0xd0,0x3c,0x9e,0x16,0xae,0x43,0x3c,0xf6,0x5f,0xce,0x56,0xe8,0x89,
  0xd2,0x3b,0xbf,0xaa,0x73,0x44,0x9f,0xaa,0xf,0x15,0xfa,0xcc,0x49,0xb8,0xbf,0x53,
  0x59,0xee,0x7c,0x78,0x38,0x2f,0x95,0x34,0xcb,0xfe,0x4e,0x63,0x3e,0xbf,0x9b,0x37,
  0xff,0xa2,0xfe,0x15,0xc6,0x37,0x23,0x7f,0x81,0xf7,
    // E:/010-VisonPYC/VisionPYC/VisionPYC/VisionPYC/Styles/icon/add-line.svg
  0x0,0x0,0x0,0x95,
  0x3c,
  0x73,0x76,0x67,0x20,0x78,0x6d,0x6c,0x6e,0x73,0x3d,0x22,0x68,0x74,0x74,0x70,0x3a,
  0x2f,0x2f,0x77,0x77,0x77,0x2e,0x77,0x33,0x2e,0x6f,0x72,0x67,0x2f,0x32,0x30,0x30,
  0x30,0x2f,0x73,0x76,0x67,0x22,0x20,0x76,0x69,0x65,0x77,0x42,0x6f,0x78,0x3d,0x22,
  0x30,0x20,0x30,0x20,0x32,0x34,0x20,0x32,0x34,0x22,0x20,0x66,0x69,0x6c,0x6c,0x3d,
  0x22,0x72,0x67,0x62,0x61,0x28,0x30,0x2c,0x30,0x2c,0x30,0x2c,0x30,0x2e,0x36,0x38,
  0x29,0x22,0x3e,0x3c,0x70,0x61,0x74,0x68,0x20,0x64,0x3d,0x22,0x4d,0x31,0x31,0x20,
  0x31,0x31,0x56,0x35,0x48,0x31,0x33,0x56,0x31,0x31,0x48,0x31,0x39,0x56,0x31,0x33,
  0x48,0x31,0x33,0x56,0x31,0x39,0x48,0x31,0x31,0x56,0x31,0x33,0x48,0x35,0x56,0x31,
  0x31,0x48,0x31,0x31,0x5a,0x22,0x3e,0x3c,0x2f,0x70,0x61,0x74,0x68,0x3e,0x3c,0x2f,
  0x73,0x76,0x67,0x3e,
    // E:/010-VisonPYC/VisionPYC/VisionPYC/VisionPYC/Styles/icon/close-circle-fill.svg
  0x0,0x0,0x1,0x95,
  0x3c,
  0x73,0x76,0x67,0x20,0x78,0x6d,0x6c,0x6e,0x73,0x3d,0x22,0x68,0x74,0x74,0x70,0x3a,
  0x2f,0x2f,0x77,0x77,0x77,0x2e,0x77,0x33,0x2e,0x6f,0x72,0x67,0x2f,0x32,0x30,0x30,
  0x30,0x2f,0x73,0x76,0x67,0x22,0x20,0x76,0x69,0x65,0x77,0x42,0x6f,0x78,0x3d,0x22,
  0x30,0x20,0x30,0x20,0x32,0x34,0x20,0x32,0x34,0x22,0x20,0x66,0x69,0x6c,0x6c,0x3d,
  0x22,0x72,0x67,0x62,0x61,0x28,0x30,0x2c,0x30,0x2c,0x30,0x2c,0x30,0x2e,0x36,0x38,
  0x29,0x22,0x3e,0x3c,0x70,0x61,0x74,0x68,0x20,0x64,0x3d,0x22,0x4d,0x31,0x32,0x20,
  0x32,0x32,0x43,0x36,0x2e,0x34,0x37,0x37,0x31,0x35,0x20,0x32,0x32,0x20,0x32,0x20,
  0x31,0x37,0x2e,0x35,0x32,0x32,0x38,0x20,0x32,0x20,0x31,0x32,0x43,0x32,0x20,0x36,
  0x2e,0x34,0x37,0x37,0x31,0x35,0x20,0x36,0x2e,0x34,0x37,0x37,0x31,0x35,0x20,0x32,
  0x20,0x31,0x32,0x20,0x32,0x43,0x31,0x37,0x2e,0x35,0x32,0x32,0x38,0x20,0x32,0x20,
  0x32,0x32,0x20,0x36,0x2e,0x34,0x37,0x37,0x31,0x35,0x20,0x32,0x32,0x20,0x31,0x32,
  0x43,0x32,0x32,0x20,0x31,0x37,0x2e,0x35,0x32,0x32,0x38,0x20,0x31,0x37,0x2e,0x35,
  0x32,0x32,0x38,0x20,0x32,0x32,0x20,0x31,0x32,0x20,0x32,0x32,0x5a,0x4d,0x31,0x32,
  0x20,0x31,0x30,0x2e,0x35,0x38,0x35,0x38,0x4c,0x39,0x2e,0x31,0x37,0x31,0x35,0x37,
  0x20,0x37,0x2e,0x37,0x35,0x37,0x33,0x36,0x4c,0x37,0x2e,0x37,0x35,0x37,0x33,0x36,
  0x20,0x39,0x2e,0x31,0x37,0x31,0x35,0x37,0x4c,0x31,0x30,0x2e,0x35,0x38,0x35,0x38,
  0x20,0x31,0x32,0x4c,0x37,0x2e,0x37,0x35,0x37,0x33,0x36,0x20,0x31,0x34,0x2e,0x38,
  0x32,0x38,0x34,0x4c,0x39,0x2e,0x31,0x37,0x31,0x35,0x37,0x20,0x31,0x36,0x2e,0x32,
  0x34,0x32,0x36,0x4c,0x31,0x32,0x20,0x31,0x33,0x2e,0x34,0x31,0x34,0x32,0x4c,0x31,
  0x34,0x2e,0x38,0x32,0x38,0x34,0x20,0x31,0x36,0x2e,0x32,0x34,0x32,0x36,0x4c,0x31,
  0x36,0x2e,0x32,0x34,0x32,0x36,0x20,0x31,0x34,0x2e,0x38,0x32,0x38,0x34,0x4c,0x31,
  0x33,0x2e,0x34,0x31,0x34,0x32,0x20,0x31,0x32,0x4c,0x31,0x36,0x2e,0x32,0x34,0x32,
  0x36,0x20,0x39,0x2e,0x31,0x37,0x31,0x35,0x37,0x4c,0x31,0x34,0x2e,0x38,0x32,0x38,
  0x34,0x20,0x37,0x2e,0x37,0x35,0x37,0x33,0x36,0x4c,0x31,0x32,0x20,0x31,0x30,0x2e,
  0x35,0x38,0x35,0x38,0x5a,0x22,0x3e,0x3c,0x2f,0x70,0x61,0x74,0x68,0x3e,0x3c,0x2f,
  0x73,0x76,0x67,0x3e,
    // E:/010-VisonPYC/VisionPYC/VisionPYC/VisionPYC/Styles/icon/progress-1-fill.svg
  0x0,0x0,0x1,0x16,
  0x3c,
  0x73,0x76,0x67,0x20,0x78,0x6d,0x6c,0x6e,0x73,0x3d,0x22,0x68,0x74,0x74,0x70,0x3a,
  0x2f,0x2f,0x77,0x77,0x77,0x2e,0x77,0x33,0x2e,0x6f,0x72,0x67,0x2f,0x32,0x30,0x30,
  0x30,0x2f,0x73,0x76,0x67,0x22,0x20,0x76,0x69,0x65,0x77,0x42,0x6f,0x78,0x3d,0x22,
  0x30,0x20,0x30,0x20,0x32,0x34,0x20,0x32,0x34,0x22,0x20,0x66,0x69,0x6c,0x6c,0x3d,
  0x22,0x72,0x67,0x62,0x61,0x28,0x30,0x2c,0x30,0x2c,0x30,0x2c,0x30,0x2e,0x36,0x38,
  0x29,0x22,0x3e,0x3c,0x70,0x61,0x74,0x68,0x20,0x64,0x3d,0x22,0x4d,0x31,0x32,0x20,
  0x32,0x32,0x43,0x31,0x37,0x2e,0x35,0x32,0x32,0x38,0x20,0x32,0x32,0x20,0x32,0x32,
  0x20,0x31,0x37,0x2e,0x35,0x32,0x32,0x38,0x20,0x32,0x32,0x20,0x31,0x32,0x43,0x32,
  0x32,0x20,0x36,0x2e,0x34,0x37,0x37,0x31,0x35,0x20,0x31,0x37,0x2e,0x35,0x32,0x32,
  0x38,0x20,0x32,0x20,0x31,0x32,0x20,0x32,0x43,0x36,0x2e,0x34,0x37,0x37,0x31,0x35,
  0x20,0x32,0x20,0x32,0x20,0x36,0x2e,0x34,0x37,0x37,0x31,0x35,0x20,0x32,0x20,0x31,
  0x32,0x43,0x32,0x20,0x31,0x37,0x2e,0x35,0x32,0x32,0x38,0x20,0x36,0x2e,0x34,0x37,
  0x37,0x31,0x35,0x20,0x32,0x32,0x20,0x31,0x32,0x20,0x32,0x32,0x5a,0x4d,0x31,0x32,
  0x20,0x31,0x32,0x56,0x36,0x43,0x31,0x33,0x2e,0x36,0x35,0x36,0x39,0x20,0x36,0x20,
  0x31,0x35,0x2e,0x31,0x35,0x36,0x39,0x20,0x36,0x2e,0x36,0x37,0x31,0x35,0x37,0x20,
  0x31,0x36,0x2e,0x32,0x34,0x32,0x36,0x20,0x37,0x2e,0x37,0x35,0x37,0x33,0x36,0x4c,
  0x31,0x32,0x20,0x31,0x32,0x5a,0x22,0x3e,0x3c,0x2f,0x70,0x61,0x74,0x68,0x3e,0x3c,
  0x2f,0x73,0x76,0x67,0x3e,
    // E:/010-VisonPYC/VisionPYC/VisionPYC/VisionPYC/Styles/icon/loop-left-line.svg
  0x0,0x0,0x1,0xa6,
  0x3c,
  0x73,0x76,0x67,0x20,0x78,0x6d,0x6c,0x6e,0x73,0x3d,0x22,0x68,0x74,0x74,0x70,0x3a,
  0x2f,0x2f,0x77,0x77,0x77,0x2e,0x77,0x33,0x2e,0x6f,0x72,0x67,0x2f,0x32,0x30,0x30,
  0x30,0x2f,0x73,0x76,0x67,0x22,0x20,0x76,0x69,0x65,0x77,0x42,0x6f,0x78,0x3d,0x22,
  0x30,0x20,0x30,0x20,0x32,0x34,0x20,0x32,0x34,0x22,0x20,0x66,0x69,0x6c,0x6c,0x3d,
  0x22,0x72,0x67,0x62,0x61,0x28,0x30,0x2c,0x30,0x2c,0x30,0x2c,0x30,0x2e,0x36,0x38,
  0x29,0x22,0x3e,0x3c,0x70,0x61,0x74,0x68,0x20,0x64,0x3d,0x22,0x4d,0x31,0x32,0x20,
  0x34,0x43,0x39,0x2e,0x32,0x35,0x31,0x34,0x34,0x20,0x34,0x20,0x36,0x2e,0x38,0x32,
  0x35,0x30,0x38,0x20,0x35,0x2e,0x33,0x38,0x36,0x32,0x36,0x20,0x35,0x2e,0x33,0x38,
  0x34,0x34,0x33,0x20,0x37,0x2e,0x35,0x48,0x38,0x56,0x39,0x2e,0x35,0x48,0x32,0x56,
  0x33,0x2e,0x35,0x48,0x34,0x56,0x35,0x2e,0x39,0x39,0x39,0x33,0x36,0x43,0x35,0x2e,
  0x38,0x32,0x33,0x38,0x31,0x20,0x33,0x2e,0x35,0x37,0x31,0x36,0x36,0x20,0x38,0x2e,
  0x37,0x32,0x37,0x36,0x34,0x20,0x32,0x20,0x31,0x32,0x20,0x32,0x43,0x31,0x37,0x2e,
  0x35,0x32,0x32,0x38,0x20,0x32,0x20,0x32,0x32,0x20,0x36,0x2e,0x34,0x37,0x37,0x31,
  0x35,0x20,0x32,0x32,0x20,0x31,0x32,0x48,0x32,0x30,0x43,0x32,0x30,0x20,0x37,0x2e,
  0x35,0x38,0x31,0x37,0x32,0x20,0x31,0x36,0x2e,0x34,0x31,0x38,0x33,0x20,0x34,0x20,
  0x31,0x32,0x20,0x34,0x5a,0x4d,0x34,0x20,0x31,0x32,0x43,0x34,0x20,0x31,0x36,0x2e,
  0x34,0x31,0x38,0x33,0x20,0x37,0x2e,0x35,0x38,0x31,0x37,0x32,0x20,0x32,0x30,0x20,
  0x31,0x32,0x20,0x32,0x30,0x43,0x31,0x34,0x2e,0x37,0x34,0x38,0x36,0x20,0x32,0x30,
  0x20,0x31,0x37,0x2e,0x31,0x37,0x34,0x39,0x20,0x31,0x38,0x2e,0x36,0x31,0x33,0x37,
  0x20,0x31,0x38,0x2e,0x36,0x31,0x35,0x36,0x20,0x31,0x36,0x2e,0x35,0x48,0x31,0x36,
  0x56,0x31,0x34,0x2e,0x35,0x48,0x32,0x32,0x56,0x32,0x30,0x2e,0x35,0x48,0x32,0x30,
  0x56,0x31,0x38,0x2e,0x30,0x30,0x30,0x36,0x43,0x31,0x38,0x2e,0x31,0x37,0x36,0x32,
  0x20,0x32,0x30,0x2e,0x34,0x32,0x38,0x33,0x20,0x31,0x35,0x2e,0x32,0x37,0x32,0x34,
  0x20,0x32,0x32,0x20,0x31,0x32,0x20,0x32,0x32,0x43,0x36,0x2e,0x34,0x37,0x37,0x31,
  0x35,0x20,0x32,0x32,0x20,0x32,0x20,0x31,0x37,0x2e,0x35,0x32,0x32,0x38,0x20,0x32,
  0x20,0x31,0x32,0x48,0x34,0x5a,0x22,0x3e,0x3c,0x2f,0x70,0x61,0x74,0x68,0x3e,0x3c,
  0x2f,0x73,0x76,0x67,0x3e,
    // E:/010-VisonPYC/VisionPYC/VisionPYC/VisionPYC/Styles/icon/loop-right-line.svg
  0x0,0x0,0x1,0xa7,
  0x3c,
  0x73,0x76,0x67,0x20,0x78,0x6d,0x6c,0x6e,0x73,0x3d,0x22,0x68,0x74,0x74,0x70,0x3a,
  0x2f,0x2f,0x77,0x77,0x77,0x2e,0x77,0x33,0x2e,0x6f,0x72,0x67,0x2f,0x32,0x30,0x30,
  0x30,0x2f,0x73,0x76,0x67,0x22,0x20,0x76,0x69,0x65,0x77,0x42,0x6f,0x78,0x3d,0x22,
  0x30,0x20,0x30,0x20,0x32,0x34,0x20,0x32,0x34,0x22,0x20,0x66,0x69,0x6c,0x6c,0x3d,
  0x22,0x72,0x67,0x62,0x61,0x28,0x30,0x2c,0x30,0x2c,0x30,0x2c,0x30,0x2e,0x36,0x38,
  0x29,0x22,0x3e,0x3c,0x70,0x61,0x74,0x68,0x20,0x64,0x3d,0x22,0x4d,0x31,0x32,0x20,
  0x34,0x43,0x31,0x34,0x2e,0x37,0x34,0x38,0x36,0x20,0x34,0x20,0x31,0x37,0x2e,0x31,
  0x37,0x34,0x39,0x20,0x35,0x2e,0x33,0x38,0x36,0x32,0x36,0x20,0x31,0x38,0x2e,0x36,
  0x31,0x35,0x36,0x20,0x37,0x2e,0x35,0x48,0x31,0x36,0x56,0x39,0x2e,0x35,0x48,0x32,
  0x32,0x56,0x33,0x2e,0x35,0x48,0x32,0x30,0x56,0x35,0x2e,0x39,0x39,0x39,0x33,0x36,
  0x43,0x31,0x38,0x2e,0x31,0x37,0x36,0x32,0x20,0x33,0x2e,0x35,0x37,0x31,0x36,0x36,
  0x20,0x31,0x35,0x2e,0x32,0x37,0x32,0x34,0x20,0x32,0x20,0x31,0x32,0x20,0x32,0x43,
  0x36,0x2e,0x34,0x37,0x37,0x31,0x35,0x20,0x32,0x20,0x32,0x20,0x36,0x2e,0x34,0x37,
  0x37,0x31,0x35,0x20,0x32,0x20,0x31,0x32,0x48,0x34,0x43,0x34,0x20,0x37,0x2e,0x35,
  0x38,0x31,0x37,0x32,0x20,0x37,0x2e,0x35,0x38,0x31,0x37,0x32,0x20,0x34,0x20,0x31,
  0x32,0x20,0x34,0x5a,0x4d,0x32,0x30,0x20,0x31,0x32,0x43,0x32,0x30,0x20,0x31,0x36,
  0x2e,0x34,0x31,0x38,0x33,0x20,0x31,0x36,0x2e,0x34,0x31,0x38,0x33,0x20,0x32,0x30,
  0x20,0x31,0x32,0x20,0x32,0x30,0x43,0x39,0x2e,0x32,0x35,0x31,0x34,0x34,0x20,0x32,
  0x30,0x20,0x36,0x2e,0x38,0x32,0x35,0x30,0x38,0x20,0x31,0x38,0x2e,0x36,0x31,0x33,
  0x37,0x20,0x35,0x2e,0x33,0x38,0x34,0x34,0x33,0x20,0x31,0x36,0x2e,0x35,0x48,0x38,
  0x56,0x31,0x34,0x2e,0x35,0x48,0x32,0x56,0x32,0x30,0x2e,0x35,0x48,0x34,0x56,0x31,
  0x38,0x2e,0x30,0x30,0x30,0x36,0x43,0x35,0x2e,0x38,0x32,0x33,0x38,0x31,0x20,0x32,
  0x30,0x2e,0x34,0x32,0x38,0x33,0x20,0x38,0x2e,0x37,0x32,0x37,0x36,0x34,0x20,0x32,
  0x32,0x20,0x31,0x32,0x20,0x32,0x32,0x43,0x31,0x37,0x2e,0x35,0x32,0x32,0x38,0x20,
  0x32,0x32,0x20,0x32,0x32,0x20,0x31,0x37,0x2e,0x35,0x32,0x32,0x38,0x20,0x32,0x32,
  0x20,0x31,0x32,0x48,0x32,0x30,0x5a,0x22,0x3e,0x3c,0x2f,0x70,0x61,0x74,0x68,0x3e,
  0x3c,0x2f,0x73,0x76,0x67,0x3e,
    // E:/010-VisonPYC/VisionPYC/VisionPYC/VisionPYC/Styles/icon/folder-fill.svg
  0x0,0x0,0x0,0xfb,
  0x3c,
  0x73,0x76,0x67,0x20,0x78,0x6d,0x6c,0x6e,0x73,0x3d,0x22,0x68,0x74,0x74,0x70,0x3a,
  0x2f,0x2f,0x77,0x77,0x77,0x2e,0x77,0x33,0x2e,0x6f,0x72,0x67,0x2f,0x32,0x30,0x30,
  0x30,0x2f,0x73,0x76,0x67,0x22,0x20,0x76,0x69,0x65,0x77,0x42,0x6f,0x78,0x3d,0x22,
  0x30,0x20,0x30,0x20,0x32,0x34,0x20,0x32,0x34,0x22,0x20,0x66,0x69,0x6c,0x6c,0x3d,
  0x22,0x72,0x67,0x62,0x61,0x28,0x30,0x2c,0x30,0x2c,0x30,0x2c,0x30,0x2e,0x36,0x38,
  0x29,0x22,0x3e,0x3c,0x70,0x61,0x74,0x68,0x20,0x64,0x3d,0x22,0x4d,0x31,0x32,0x2e,
  0x34,0x31,0x34,0x32,0x20,0x35,0x48,0x32,0x31,0x43,0x32,0x31,0x2e,0x35,0x35,0x32,
  0x33,0x20,0x35,0x20,0x32,0x32,0x20,0x35,0x2e,0x34,0x34,0x37,0x37,0x32,0x20,0x32,
  0x32,0x20,0x36,0x56,0x32,0x30,0x43,0x32,0x32,0x20,0x32,0x30,0x2e,0x35,0x35,0x32,
  0x33,0x20,0x32,0x31,0x2e,0x35,0x35,0x32,0x33,0x20,0x32,0x31,0x20,0x32,0x31,0x20,
  0x32,0x31,0x48,0x33,0x43,0x32,0x2e,0x34,0x34,0x37,0x37,0x32,0x20,0x32,0x31,0x20,
  0x32,0x20,0x32,0x30,0x2e,0x35,0x35,0x32,0x33,0x20,0x32,0x20,0x32,0x30,0x56,0x34,
  0x43,0x32,0x20,0x33,0x2e,0x34,0x34,0x37,0x37,0x32,0x20,0x32,0x2e,0x34,0x34,0x37,
  0x37,0x32,0x20,0x33,0x20,0x33,0x20,0x33,0x48,0x31,0x30,0x2e,0x34,0x31,0x34,0x32,
  0x4c,0x31,0x32,0x2e,0x34,0x31,0x34,0x32,0x20,0x35,0x5a,0x22,0x3e,0x3c,0x2f,0x70,
  0x61,0x74,0x68,0x3e,0x3c,0x2f,0x73,0x76,0x67,0x3e,
    // E:/010-VisonPYC/VisionPYC/VisionPYC/VisionPYC/Styles/icon/add-large-fill.svg
  0x0,0x0,0x1,0xe,
  0x3c,
  0x73,0x76,0x67,0x20,0x78,0x6d,0x6c,0x6e,0x73,0x3d,0x22,0x68,0x74,0x74,0x70,0x3a,
  0x2f,0x2f,0x77,0x77,0x77,0x2e,0x77,0x33,0x2e,0x6f,0x72,0x67,0x2f,0x32,0x30,0x30,
  0x30,0x2f,0x73,0x76,0x67,0x22,0x20,0x76,0x69,0x65,0x77,0x42,0x6f,0x78,0x3d,0x22,
  0x30,0x20,0x30,0x20,0x32,0x34,0x20,0x32,0x34,0x22,0x20,0x66,0x69,0x6c,0x6c,0x3d,
  0x22,0x72,0x67,0x62,0x61,0x28,0x30,0x2c,0x30,0x2c,0x30,0x2c,0x30,0x2e,0x36,0x38,
  0x29,0x22,0x3e,0x3c,0x70,0x61,0x74,0x68,0x20,0x64,0x3d,0x22,0x4d,0x31,0x31,0x20,
  0x31,0x31,0x2e,0x30,0x30,0x30,0x31,0x4c,0x31,0x31,0x20,0x32,0x2e,0x30,0x30,0x30,
  0x35,0x4c,0x31,0x33,0x20,0x32,0x2e,0x30,0x30,0x30,0x34,0x39,0x4c,0x31,0x33,0x20,
  0x31,0x31,0x2e,0x30,0x30,0x30,0x31,0x4c,0x32,0x32,0x2e,0x30,0x30,0x30,0x31,0x20,
  0x31,0x30,0x2e,0x39,0x39,0x39,0x39,0x4c,0x32,0x32,0x2e,0x30,0x30,0x30,0x32,0x20,
  0x31,0x32,0x2e,0x39,0x39,0x39,0x39,0x4c,0x31,0x33,0x20,0x31,0x33,0x2e,0x30,0x30,
  0x30,0x31,0x4c,0x31,0x33,0x2e,0x30,0x30,0x30,0x31,0x20,0x32,0x32,0x4c,0x31,0x31,
  0x2e,0x30,0x30,0x30,0x31,0x20,0x32,0x32,0x4c,0x31,0x31,0x2e,0x30,0x30,0x30,0x31,
  0x20,0x31,0x33,0x2e,0x30,0x30,0x30,0x31,0x4c,0x32,0x2e,0x30,0x30,0x30,0x30,0x34,
  0x20,0x31,0x33,0x2e,0x30,0x30,0x30,0x33,0x4c,0x32,0x20,0x31,0x31,0x2e,0x30,0x30,
  0x30,0x33,0x4c,0x31,0x31,0x20,0x31,0x31,0x2e,0x30,0x30,0x30,0x31,0x5a,0x22,0x3e,
  0x3c,0x2f,0x70,0x61,0x74,0x68,0x3e,0x3c,0x2f,0x73,0x76,0x67,0x3e,
    // E:/010-VisonPYC/VisionPYC/VisionPYC/VisionPYC/Styles/icon/arrow-down-long-line.svg
  0x0,0x0,0x1,0x5,
  0x3c,
  0x73,0x76,0x67,0x20,0x78,0x6d,0x6c,0x6e,0x73,0x3d,0x22,0x68,0x74,0x74,0x70,0x3a,
  0x2f,0x2f,0x77,0x77,0x77,0x2e,0x77,0x33,0x2e,0x6f,0x72,0x67,0x2f,0x32,0x30,0x30,
  0x30,0x2f,0x73,0x76,0x67,0x22,0x20,0x76,0x69,0x65,0x77,0x42,0x6f,0x78,0x3d,0x22,
  0x30,0x20,0x30,0x20,0x32,0x34,0x20,0x32,0x34,0x22,0x20,0x66,0x69,0x6c,0x6c,0x3d,
  0x22,0x72,0x67,0x62,0x61,0x28,0x30,0x2c,0x30,0x2c,0x30,0x2c,0x30,0x2e,0x36,0x38,
  0x29,0x22,0x3e,0x3c,0x70,0x61,0x74,0x68,0x20,0x64,0x3d,0x22,0x4d,0x31,0x33,0x2e,
  0x30,0x30,0x30,0x31,0x20,0x31,0x2e,0x39,0x39,0x39,0x37,0x34,0x4c,0x31,0x31,0x2e,
  0x30,0x30,0x30,0x32,0x20,0x31,0x2e,0x39,0x39,0x39,0x36,0x4c,0x31,0x31,0x2e,0x30,
  0x30,0x30,0x32,0x20,0x31,0x38,0x2e,0x31,0x37,0x31,0x35,0x4c,0x37,0x2e,0x30,0x35,
  0x30,0x34,0x34,0x20,0x31,0x34,0x2e,0x32,0x32,0x31,0x38,0x4c,0x35,0x2e,0x36,0x33,
  0x36,0x32,0x33,0x20,0x31,0x35,0x2e,0x36,0x33,0x36,0x4c,0x31,0x32,0x2e,0x30,0x30,
  0x30,0x32,0x20,0x32,0x32,0x4c,0x31,0x38,0x2e,0x33,0x36,0x34,0x32,0x20,0x31,0x35,
  0x2e,0x36,0x33,0x36,0x4c,0x31,0x36,0x2e,0x39,0x34,0x39,0x39,0x20,0x31,0x34,0x2e,
  0x32,0x32,0x31,0x38,0x4c,0x31,0x33,0x2e,0x30,0x30,0x30,0x32,0x20,0x31,0x38,0x2e,
  0x31,0x37,0x31,0x36,0x4c,0x31,0x33,0x2e,0x30,0x30,0x30,0x31,0x20,0x31,0x2e,0x39,
  0x39,0x39,0x37,0x34,0x5a,0x22,0x3e,0x3c,0x2f,0x70,0x61,0x74,0x68,0x3e,0x3c,0x2f,
  0x73,0x76,0x67,0x3e,
    // E:/010-VisonPYC/VisionPYC/VisionPYC/VisionPYC/Styles/icon/settings-3-fill.svg
  0x0,0x0,0x4,0xff,
  0x3c,
  0x73,0x76,0x67,0x20,0x78,0x6d,0x6c,0x6e,0x73,0x3d,0x22,0x68,0x74,0x74,0x70,0x3a,
  0x2f,0x2f,0x77,0x77,0x77,0x2e,0x77,0x33,0x2e,0x6f,0x72,0x67,0x2f,0x32,0x30,0x30,
  0x30,0x2f,0x73,0x76,0x67,0x22,0x20,0x76,0x69,0x65,0x77,0x42,0x6f,0x78,0x3d,0x22,
  0x30,0x20,0x30,0x20,0x32,0x34,0x20,0x32,0x34,0x22,0x20,0x66,0x69,0x6c,0x6c,0x3d,
  0x22,0x72,0x67,0x62,0x61,0x28,0x30,0x2c,0x30,0x2c,0x30,0x2c,0x30,0x2e,0x36,0x38,
  0x29,0x22,0x3e,0x3c,0x70,0x61,0x74,0x68,0x20,0x64,0x3d,0x22,0x4d,0x39,0x2e,0x39,
  0x35,0x34,0x30,0x31,0x20,0x32,0x2e,0x32,0x31,0x30,0x36,0x43,0x31,0x31,0x2e,0x32,
  0x38,0x37,0x36,0x20,0x31,0x2e,0x39,0x33,0x31,0x34,0x34,0x20,0x31,0x32,0x2e,0x36,
  0x38,0x30,0x37,0x20,0x31,0x2e,0x39,0x32,0x32,0x36,0x33,0x20,0x31,0x34,0x2e,0x30,
  0x34,0x34,0x39,0x20,0x32,0x2e,0x32,0x30,0x37,0x38,0x35,0x43,0x31,0x34,0x2e,0x32,
  0x32,0x31,0x39,0x20,0x33,0x2e,0x33,0x36,0x37,0x34,0x20,0x31,0x34,0x2e,0x39,0x30,
  0x34,0x38,0x20,0x34,0x2e,0x34,0x33,0x38,0x39,0x32,0x20,0x31,0x35,0x2e,0x39,0x39,
  0x39,0x37,0x20,0x35,0x2e,0x30,0x37,0x31,0x30,0x33,0x43,0x31,0x37,0x2e,0x30,0x39,
  0x34,0x35,0x20,0x35,0x2e,0x37,0x30,0x33,0x31,0x33,0x20,0x31,0x38,0x2e,0x33,0x36,
  0x34,0x20,0x35,0x2e,0x37,0x35,0x38,0x38,0x34,0x20,0x31,0x39,0x2e,0x34,0x35,0x36,
  0x36,0x20,0x35,0x2e,0x33,0x33,0x32,0x33,0x43,0x32,0x30,0x2e,0x33,0x38,0x35,0x38,
  0x20,0x36,0x2e,0x33,0x37,0x31,0x31,0x38,0x20,0x32,0x31,0x2e,0x30,0x37,0x34,0x37,
  0x20,0x37,0x2e,0x35,0x38,0x32,0x30,0x33,0x20,0x32,0x31,0x2e,0x34,0x39,0x39,0x37,
  0x20,0x38,0x2e,0x38,0x37,0x36,0x35,0x32,0x43,0x32,0x30,0x2e,0x35,0x38,0x35,0x32,
  0x20,0x39,0x2e,0x36,0x30,0x39,0x35,0x38,0x20,0x31,0x39,0x2e,0x39,0x39,0x39,0x37,
  0x20,0x31,0x30,0x2e,0x37,0x33,0x36,0x20,0x31,0x39,0x2e,0x39,0x39,0x39,0x37,0x20,
  0x31,0x31,0x2e,0x39,0x39,0x39,0x32,0x43,0x31,0x39,0x2e,0x39,0x39,0x39,0x37,0x20,
  0x31,0x33,0x2e,0x32,0x36,0x33,0x32,0x20,0x32,0x30,0x2e,0x35,0x38,0x35,0x39,0x20,
  0x31,0x34,0x2e,0x33,0x39,0x30,0x32,0x20,0x32,0x31,0x2e,0x35,0x30,0x31,0x33,0x20,
  0x31,0x35,0x2e,0x31,0x32,0x33,0x32,0x43,0x32,0x31,0x2e,0x32,0x39,0x20,0x31,0x35,
  0x2e,0x37,0x36,0x33,0x36,0x20,0x32,0x31,0x2e,0x30,0x31,0x30,0x34,0x20,0x31,0x36,
  0x2e,0x33,0x39,0x32,0x32,0x20,0x32,0x30,0x2e,0x36,0x35,0x39,0x39,0x20,0x31,0x36,
  0x2e,0x39,0x39,0x39,0x32,0x43,0x32,0x30,0x2e,0x33,0x30,0x39,0x34,0x20,0x31,0x37,
  0x2e,0x36,0x30,0x36,0x33,0x20,0x31,0x39,0x2e,0x39,0x30,0x34,0x39,0x20,0x31,0x38,
  0x2e,0x31,0x36,0x32,0x37,0x20,0x31,0x39,0x2e,0x34,0x35,0x35,0x39,0x20,0x31,0x38,
  0x2e,0x36,0x36,0x35,0x39,0x43,0x31,0x38,0x2e,0x33,0x36,0x33,0x34,0x20,0x31,0x38,
  0x2e,0x32,0x33,0x39,0x36,0x20,0x31,0x37,0x2e,0x30,0x39,0x34,0x33,0x20,0x31,0x38,
  0x2e,0x32,0x39,0x35,0x35,0x20,0x31,0x35,0x2e,0x39,0x39,0x39,0x37,0x20,0x31,0x38,
  0x2e,0x39,0x32,0x37,0x34,0x43,0x31,0x34,0x2e,0x39,0x30,0x35,0x37,0x20,0x31,0x39,
  0x2e,0x35,0x35,0x39,0x20,0x31,0x34,0x2e,0x32,0x32,0x33,0x20,0x32,0x30,0x2e,0x36,
  0x32,0x39,0x34,0x20,0x31,0x34,0x2e,0x30,0x34,0x35,0x33,0x20,0x32,0x31,0x2e,0x37,
  0x38,0x37,0x39,0x43,0x31,0x32,0x2e,0x37,0x31,0x31,0x38,0x20,0x32,0x32,0x2e,0x30,
  0x36,0x37,0x20,0x31,0x31,0x2e,0x33,0x31,0x38,0x37,0x20,0x32,0x32,0x2e,0x30,0x37,
  0x35,0x38,0x20,0x39,0x2e,0x39,0x35,0x34,0x34,0x33,0x20,0x32,0x31,0x2e,0x37,0x39,
  0x30,0x36,0x43,0x39,0x2e,0x37,0x37,0x37,0x34,0x38,0x20,0x32,0x30,0x2e,0x36,0x33,
  0x31,0x31,0x20,0x39,0x2e,0x30,0x39,0x34,0x35,0x31,0x20,0x31,0x39,0x2e,0x35,0x35,
  0x39,0x35,0x20,0x37,0x2e,0x39,0x39,0x39,0x36,0x37,0x20,0x31,0x38,0x2e,0x39,0x32,
  0x37,0x34,0x43,0x36,0x2e,0x39,0x30,0x34,0x38,0x34,0x20,0x31,0x38,0x2e,0x32,0x39,
  0x35,0x33,0x20,0x35,0x2e,0x36,0x33,0x35,0x33,0x39,0x20,0x31,0x38,0x2e,0x32,0x33,
  0x39,0x36,0x20,0x34,0x2e,0x35,0x34,0x32,0x37,0x32,0x20,0x31,0x38,0x2e,0x36,0x36,
  0x36,0x32,0x43,0x33,0x2e,0x36,0x31,0x33,0x35,0x37,0x20,0x31,0x37,0x2e,0x36,0x32,
  0x37,0x33,0x20,0x32,0x2e,0x39,0x32,0x34,0x36,0x36,0x20,0x31,0x36,0x2e,0x34,0x31,
  0x36,0x34,0x20,0x32,0x2e,0x34,0x39,0x39,0x36,0x34,0x20,0x31,0x35,0x2e,0x31,0x32,
  0x31,0x39,0x43,0x33,0x2e,0x34,0x31,0x34,0x31,0x32,0x20,0x31,0x34,0x2e,0x33,0x38,
  0x38,0x39,0x20,0x33,0x2e,0x39,0x39,0x39,0x36,0x38,0x20,0x31,0x33,0x2e,0x32,0x36,
  0x32,0x34,0x20,0x33,0x2e,0x39,0x39,0x39,0x36,0x38,0x20,0x31,0x31,0x2e,0x39,0x39,
  0x39,0x32,0x43,0x33,0x2e,0x39,0x39,0x39,0x36,0x38,0x20,0x31,0x30,0x2e,0x37,0x33,
  0x35,0x33,0x20,0x33,0x2e,0x34,0x31,0x33,0x34,0x34,0x20,0x39,0x2e,0x36,0x30,0x38,
  0x32,0x37,0x20,0x32,0x2e,0x34,0x39,0x38,0x30,0x35,0x20,0x38,0x2e,0x38,0x37,0x35,
  0x32,0x34,0x43,0x32,0x2e,0x37,0x30,0x39,0x33,0x33,0x20,0x38,0x2e,0x32,0x33,0x34,
  0x38,0x32,0x20,0x32,0x2e,0x39,0x38,0x38,0x39,0x34,0x20,0x37,0x2e,0x36,0x30,0x36,
  0x32,0x39,0x20,0x33,0x2e,0x33,0x33,0x39,0x34,0x32,0x20,0x36,0x2e,0x39,0x39,0x39,
  0x32,0x33,0x43,0x33,0x2e,0x36,0x38,0x39,0x39,0x31,0x20,0x36,0x2e,0x33,0x39,0x32,
  0x31,0x37,0x20,0x34,0x2e,0x30,0x39,0x34,0x34,0x33,0x20,0x35,0x2e,0x38,0x33,0x35,
  0x37,0x36,0x20,0x34,0x2e,0x35,0x34,0x33,0x34,0x31,0x20,0x35,0x2e,0x33,0x33,0x32,
  0x35,0x37,0x43,0x35,0x2e,0x36,0x33,0x35,0x39,0x33,0x20,0x35,0x2e,0x37,0x35,0x38,
  0x38,0x31,0x20,0x36,0x2e,0x39,0x30,0x35,0x30,0x37,0x20,0x35,0x2e,0x37,0x30,0x33,
  0x20,0x37,0x2e,0x39,0x39,0x39,0x36,0x37,0x20,0x35,0x2e,0x30,0x37,0x31,0x30,0x33,
  0x43,0x39,0x2e,0x30,0x39,0x33,0x36,0x34,0x20,0x34,0x2e,0x34,0x33,0x39,0x34,0x32,
  0x20,0x39,0x2e,0x37,0x37,0x36,0x34,0x20,0x33,0x2e,0x33,0x36,0x39,0x31,0x20,0x39,
  0x2e,0x39,0x35,0x34,0x30,0x31,0x20,0x32,0x2e,0x32,0x31,0x30,0x36,0x5a,0x4d,0x31,
  0x31,0x2e,0x39,0x39,0x39,0x37,0x20,0x31,0x34,0x2e,0x39,0x39,0x39,0x32,0x43,0x31,
  0x33,0x2e,0x36,0x35,0x36,0x35,0x20,0x31,0x34,0x2e,0x39,0x39,0x39,0x32,0x20,0x31,
  0x34,0x2e,0x39,0x39,0x39,0x37,0x20,0x31,0x33,0x2e,0x36,0x35,0x36,0x31,0x20,0x31,
  0x34,0x2e,0x39,0x39,0x39,0x37,0x20,0x31,0x31,0x2e,0x39,0x39,0x39,0x32,0x43,0x31,
  0x34,0x2e,0x39,0x39,0x39,0x37,0x20,0x31,0x30,0x2e,0x33,0x34,0x32,0x34,0x20,0x31,
  0x33,0x2e,0x36,0x35,0x36,0x35,0x20,0x38,0x2e,0x39,0x39,0x39,0x32,0x33,0x20,0x31,
  0x31,0x2e,0x39,0x39,0x39,0x37,0x20,0x38,0x2e,0x39,0x39,0x39,0x32,0x33,0x43,0x31,
  0x30,0x2e,0x33,0x34,0x32,0x38,0x20,0x38,0x2e,0x39,0x39,0x39,0x32,0x33,0x20,0x38,
  0x2e,0x39,0x39,0x39,0x36,0x37,0x20,0x31,0x30,0x2e,0x33,0x34,0x32,0x34,0x20,0x38,
  0x2e,0x39,0x39,0x39,0x36,0x37,0x20,0x31,0x31,0x2e,0x39,0x39,0x39,0x32,0x43,0x38,
  0x2e,0x39,0x39,0x39,0x36,0x37,0x20,0x31,0x33,0x2e,0x36,0x35,0x36,0x31,0x20,0x31,
  0x30,0x2e,0x33,0x34,0x32,0x38,0x20,0x31,0x34,0x2e,0x39,0x39,0x39,0x32,0x20,0x31,
  0x31,0x2e,0x39,0x39,0x39,0x37,0x20,0x31,0x34,0x2e,0x39,0x39,0x39,0x32,0x5a,0x22,
  0x3e,0x3c,0x2f,0x70,0x61,0x74,0x68,0x3e,0x3c,0x2f,0x73,0x76,0x67,0x3e,
    // E:/010-VisonPYC/VisionPYC/VisionPYC/VisionPYC/Styles/icon/link-m.svg
  0x0,0x0,0x3,0xf,
  0x3c,
  0x73,0x76,0x67,0x20,0x78,0x6d,0x6c,0x6e,0x73,0x3d,0x22,0x68,0x74,0x74,0x70,0x3a,
  0x2f,0x2f,0x77,0x77,0x77,0x2e,0x77,0x33,0x2e,0x6f,0x72,0x67,0x2f,0x32,0x30,0x30,
  0x30,0x2f,0x73,0x76,0x67,0x22,0x20,0x76,0x69,0x65,0x77,0x42,0x6f,0x78,0x3d,0x22,
  0x30,0x20,0x30,0x20,0x32,0x34,0x20,0x32,0x34,0x22,0x20,0x66,0x69,0x6c,0x6c,0x3d,
  0x22,0x72,0x67,0x62,0x61,0x28,0x30,0x2c,0x30,0x2c,0x30,0x2c,0x30,0x2e,0x36,0x38,
  0x29,0x22,0x3e,0x3c,0x70,0x61,0x74,0x68,0x20,0x64,0x3d,0x22,0x4d,0x31,0x37,0x2e,
  0x36,0x35,0x36,0x37,0x20,0x31,0x34,0x2e,0x38,0x32,0x38,0x34,0x4c,0x31,0x36,0x2e,
  0x32,0x34,0x32,0x35,0x20,0x31,0x33,0x2e,0x34,0x31,0x34,0x32,0x4c,0x31,0x37,0x2e,
  0x36,0x35,0x36,0x37,0x20,0x31,0x32,0x43,0x31,0x39,0x2e,0x32,0x31,0x38,0x38,0x20,
  0x31,0x30,0x2e,0x34,0x33,0x37,0x39,0x20,0x31,0x39,0x2e,0x32,0x31,0x38,0x38,0x20,
  0x37,0x2e,0x39,0x30,0x35,0x32,0x34,0x20,0x31,0x37,0x2e,0x36,0x35,0x36,0x37,0x20,
  0x36,0x2e,0x33,0x34,0x33,0x31,0x34,0x43,0x31,0x36,0x2e,0x30,0x39,0x34,0x36,0x20,
  0x34,0x2e,0x37,0x38,0x31,0x30,0x35,0x20,0x31,0x33,0x2e,0x35,0x36,0x31,0x39,0x20,
  0x34,0x2e,0x37,0x38,0x31,0x30,0x35,0x20,0x31,0x31,0x2e,0x39,0x39,0x39,0x38,0x20,
  0x36,0x2e,0x33,0x34,0x33,0x31,0x34,0x4c,0x31,0x30,0x2e,0x35,0x38,0x35,0x36,0x20,
  0x37,0x2e,0x37,0x35,0x37,0x33,0x36,0x4c,0x39,0x2e,0x31,0x37,0x31,0x33,0x39,0x20,
  0x36,0x2e,0x33,0x34,0x33,0x31,0x34,0x4c,0x31,0x30,0x2e,0x35,0x38,0x35,0x36,0x20,
  0x34,0x2e,0x39,0x32,0x38,0x39,0x33,0x43,0x31,0x32,0x2e,0x39,0x32,0x38,0x37,0x20,
  0x32,0x2e,0x35,0x38,0x35,0x37,0x38,0x20,0x31,0x36,0x2e,0x37,0x32,0x37,0x37,0x20,
  0x32,0x2e,0x35,0x38,0x35,0x37,0x38,0x20,0x31,0x39,0x2e,0x30,0x37,0x30,0x39,0x20,
  0x34,0x2e,0x39,0x32,0x38,0x39,0x33,0x43,0x32,0x31,0x2e,0x34,0x31,0x34,0x20,0x37,
  0x2e,0x32,0x37,0x32,0x30,0x38,0x20,0x32,0x31,0x2e,0x34,0x31,0x34,0x20,0x31,0x31,
  0x2e,0x30,0x37,0x31,0x31,0x20,0x31,0x39,0x2e,0x30,0x37,0x30,0x39,0x20,0x31,0x33,
  0x2e,0x34,0x31,0x34,0x32,0x4c,0x31,0x37,0x2e,0x36,0x35,0x36,0x37,0x20,0x31,0x34,
  0x2e,0x38,0x32,0x38,0x34,0x5a,0x4d,0x31,0x34,0x2e,0x38,0x32,0x38,0x32,0x20,0x31,
  0x37,0x2e,0x36,0x35,0x36,0x39,0x4c,0x31,0x33,0x2e,0x34,0x31,0x34,0x20,0x31,0x39,
  0x2e,0x30,0x37,0x31,0x31,0x43,0x31,0x31,0x2e,0x30,0x37,0x30,0x39,0x20,0x32,0x31,
  0x2e,0x34,0x31,0x34,0x32,0x20,0x37,0x2e,0x32,0x37,0x31,0x38,0x39,0x20,0x32,0x31,
  0x2e,0x34,0x31,0x34,0x32,0x20,0x34,0x2e,0x39,0x32,0x38,0x37,0x35,0x20,0x31,0x39,
  0x2e,0x30,0x37,0x31,0x31,0x43,0x32,0x2e,0x35,0x38,0x35,0x36,0x20,0x31,0x36,0x2e,
  0x37,0x32,0x37,0x39,0x20,0x32,0x2e,0x35,0x38,0x35,0x36,0x20,0x31,0x32,0x2e,0x39,
  0x32,0x38,0x39,0x20,0x34,0x2e,0x39,0x32,0x38,0x37,0x35,0x20,0x31,0x30,0x2e,0x35,
  0x38,0x35,0x38,0x4c,0x36,0x2e,0x33,0x34,0x32,0x39,0x36,0x20,0x39,0x2e,0x31,0x37,
  0x31,0x35,0x37,0x4c,0x37,0x2e,0x37,0x35,0x37,0x31,0x37,0x20,0x31,0x30,0x2e,0x35,
  0x38,0x35,0x38,0x4c,0x36,0x2e,0x33,0x34,0x32,0x39,0x36,0x20,0x31,0x32,0x43,0x34,
  0x2e,0x37,0x38,0x30,0x38,0x36,0x20,0x31,0x33,0x2e,0x35,0x36,0x32,0x31,0x20,0x34,
  0x2e,0x37,0x38,0x30,0x38,0x36,0x20,0x31,0x36,0x2e,0x30,0x39,0x34,0x38,0x20,0x36,
  0x2e,0x33,0x34,0x32,0x39,0x36,0x20,0x31,0x37,0x2e,0x36,0x35,0x36,0x39,0x43,0x37,
  0x2e,0x39,0x30,0x35,0x30,0x36,0x20,0x31,0x39,0x2e,0x32,0x31,0x38,0x39,0x20,0x31,
  0x30,0x2e,0x34,0x33,0x37,0x37,0x20,0x31,0x39,0x2e,0x32,0x31,0x38,0x39,0x20,0x31,
  0x31,0x2e,0x39,0x39,0x39,0x38,0x20,0x31,0x37,0x2e,0x36,0x35,0x36,0x39,0x4c,0x31,
  0x33,0x2e,0x34,0x31,0x34,0x20,0x31,0x36,0x2e,0x32,0x34,0x32,0x36,0x4c,0x31,0x34,
  0x2e,0x38,0x32,0x38,0x32,0x20,0x31,0x37,0x2e,0x36,0x35,0x36,0x39,0x5a,0x4d,0x31,
  0x34,0x2e,0x38,0x32,0x38,0x32,0x20,0x37,0x2e,0x37,0x35,0x37,0x33,0x36,0x4c,0x31,
  0x36,0x2e,0x32,0x34,0x32,0x35,0x20,0x39,0x2e,0x31,0x37,0x31,0x35,0x37,0x4c,0x39,
  0x2e,0x31,0x37,0x31,0x33,0x39,0x20,0x31,0x36,0x2e,0x32,0x34,0x32,0x36,0x4c,0x37,
  0x2e,0x37,0x35,0x37,0x31,0x37,0x20,0x31,0x34,0x2e,0x38,0x32,0x38,0x34,0x4c,0x31,
  0x34,0x2e,0x38,0x32,0x38,0x32,0x20,0x37,0x2e,0x37,0x35,0x37,0x33,0x36,0x5a,0x22,
  0x3e,0x3c,0x2f,0x70,0x61,0x74,0x68,0x3e,0x3c,0x2f,0x73,0x76,0x67,0x3e,
    // E:/010-VisonPYC/VisionPYC/VisionPYC/VisionPYC/Styles/icon/folder-add-line.svg
  0x0,0x0,0x1,0x45,
  0x3c,
  0x73,0x76,0x67,0x20,0x78,0x6d,0x6c,0x6e,0x73,0x3d,0x22,0x68,0x74,0x74,0x70,0x3a,
  0x2f,0x2f,0x77,0x77,0x77,0x2e,0x77,0x33,0x2e,0x6f,0x72,0x67,0x2f,0x32,0x30,0x30,
  0x30,0x2f,0x73,0x76,0x67,0x22,0x20,0x76,0x69,0x65,0x77,0x42,0x6f,0x78,0x3d,0x22,
  0x30,0x20,0x30,0x20,0x32,0x34,0x20,0x32,0x34,0x22,0x20,0x66,0x69,0x6c,0x6c,0x3d,
  0x22,0x72,0x67,0x62,0x61,0x28,0x30,0x2c,0x30,0x2c,0x30,0x2c,0x30,0x2e,0x36,0x38,
  0x29,0x22,0x3e,0x3c,0x70,0x61,0x74,0x68,0x20,0x64,0x3d,0x22,0x4d,0x31,0x32,0x2e,
  0x34,0x31,0x34,0x32,0x20,0x35,0x48,0x32,0x31,0x43,0x32,0x31,0x2e,0x35,0x35,0x32,
  0x33,0x20,0x35,0x20,0x32,0x32,0x20,0x35,0x2e,0x34,0x34,0x37,0x37,0x32,0x20,0x32,
  0x32,0x20,0x36,0x56,0x32,0x30,0x43,0x32,0x32,0x20,0x32,0x30,0x2e,0x35,0x35,0x32,
  0x33,0x20,0x32,0x31,0x2e,0x35,0x35,0x32,0x33,0x20,0x32,0x31,0x20,0x32,0x31,0x20,
  0x32,0x31,0x48,0x33,0x43,0x32,0x2e,0x34,0x34,0x37,0x37,0x32,0x20,0x32,0x31,0x20,
  0x32,0x20,0x32,0x30,0x2e,0x35,0x35,0x32,0x33,0x20,0x32,0x20,0x32,0x30,0x56,0x34,
  0x43,0x32,0x20,0x33,0x2e,0x34,0x34,0x37,0x37,0x32,0x20,0x32,0x2e,0x34,0x34,0x37,
  0x37,0x32,0x20,0x33,0x20,0x33,0x20,0x33,0x48,0x31,0x30,0x2e,0x34,0x31,0x34,0x32,
  0x4c,0x31,0x32,0x2e,0x34,0x31,0x34,0x32,0x20,0x35,0x5a,0x4d,0x34,0x20,0x35,0x56,
  0x31,0x39,0x48,0x32,0x30,0x56,0x37,0x48,0x31,0x31,0x2e,0x35,0x38,0x35,0x38,0x4c,
  0x39,0x2e,0x35,0x38,0x35,0x37,0x39,0x20,0x35,0x48,0x34,0x5a,0x4d,0x31,0x31,0x20,
  0x31,0x32,0x56,0x39,0x48,0x31,0x33,0x56,0x31,0x32,0x48,0x31,0x36,0x56,0x31,0x34,
  0x48,0x31,0x33,0x56,0x31,0x37,0x48,0x31,0x31,0x56,0x31,0x34,0x48,0x38,0x56,0x31,
  0x32,0x48,0x31,0x31,0x5a,0x22,0x3e,0x3c,0x2f,0x70,0x61,0x74,0x68,0x3e,0x3c,0x2f,
  0x73,0x76,0x67,0x3e,
    // E:/010-VisonPYC/VisionPYC/VisionPYC/VisionPYC/Styles/icon/arrow-up-long-line.svg
  0x0,0x0,0x1,0x6,
  0x3c,
  0x73,0x76,0x67,0x20,0x78,0x6d,0x6c,0x6e,0x73,0x3d,0x22,0x68,0x74,0x74,0x70,0x3a,
  0x2f,0x2f,0x77,0x77,0x77,0x2e,0x77,0x33,0x2e,0x6f,0x72,0x67,0x2f,0x32,0x30,0x30,
  0x30,0x2f,0x73,0x76,0x67,0x22,0x20,0x76,0x69,0x65,0x77,0x42,0x6f,0x78,0x3d,0x22,
  0x30,0x20,0x30,0x20,0x32,0x34,0x20,0x32,0x34,0x22,0x20,0x66,0x69,0x6c,0x6c,0x3d,
  0x22,0x72,0x67,0x62,0x61,0x28,0x30,0x2c,0x30,0x2c,0x30,0x2c,0x30,0x2e,0x36,0x38,
  0x29,0x22,0x3e,0x3c,0x70,0x61,0x74,0x68,0x20,0x64,0x3d,0x22,0x4d,0x31,0x33,0x2e,
  0x30,0x30,0x30,0x31,0x20,0x32,0x32,0x2e,0x30,0x30,0x30,0x33,0x4c,0x31,0x31,0x2e,
  0x30,0x30,0x30,0x32,0x20,0x32,0x32,0x2e,0x30,0x30,0x30,0x34,0x4c,0x31,0x31,0x2e,
  0x30,0x30,0x30,0x32,0x20,0x35,0x2e,0x38,0x32,0x38,0x34,0x35,0x4c,0x37,0x2e,0x30,
  0x35,0x30,0x34,0x34,0x20,0x39,0x2e,0x37,0x37,0x38,0x31,0x37,0x4c,0x35,0x2e,0x36,
  0x33,0x36,0x32,0x33,0x20,0x38,0x2e,0x33,0x36,0x33,0x39,0x36,0x4c,0x31,0x32,0x2e,
  0x30,0x30,0x30,0x32,0x20,0x32,0x4c,0x31,0x38,0x2e,0x33,0x36,0x34,0x32,0x20,0x38,
  0x2e,0x33,0x36,0x33,0x39,0x36,0x4c,0x31,0x36,0x2e,0x39,0x34,0x39,0x39,0x20,0x39,
  0x2e,0x37,0x37,0x38,0x31,0x37,0x4c,0x31,0x33,0x2e,0x30,0x30,0x30,0x32,0x20,0x35,
  0x2e,0x38,0x32,0x38,0x34,0x4c,0x31,0x33,0x2e,0x30,0x30,0x30,0x31,0x20,0x32,0x32,
  0x2e,0x30,0x30,0x30,0x33,0x5a,0x22,0x3e,0x3c,0x2f,0x70,0x61,0x74,0x68,0x3e,0x3c,
  0x2f,0x73,0x76,0x67,0x3e,
    // E:/010-VisonPYC/VisionPYC/VisionPYC/VisionPYC/Styles/icon/close-circle-line.svg
  0x0,0x0,0x2,0x6,
  0x3c,
  0x73,0x76,0x67,0x20,0x78,0x6d,0x6c,0x6e,0x73,0x3d,0x22,0x68,0x74,0x74,0x70,0x3a,
  0x2f,0x2f,0x77,0x77,0x77,0x2e,0x77,0x33,0x2e,0x6f,0x72,0x67,0x2f,0x32,0x30,0x30,
  0x30,0x2f,0x73,0x76,0x67,0x22,0x20,0x76,0x69,0x65,0x77,0x42,0x6f,0x78,0x3d,0x22,
  0x30,0x20,0x30,0x20,0x32,0x34,0x20,0x32,0x34,0x22,0x20,0x66,0x69,0x6c,0x6c,0x3d,
  0x22,0x72,0x67,0x62,0x61,0x28,0x30,0x2c,0x30,0x2c,0x30,0x2c,0x30,0x2e,0x36,0x38,
  0x29,0x22,0x3e,0x3c,0x70,0x61,0x74,0x68,0x20,0x64,0x3d,0x22,0x4d,0x31,0x32,0x20,
  0x32,0x32,0x43,0x36,0x2e,0x34,0x37,0x37,0x31,0x35,0x20,0x32,0x32,0x20,0x32,0x20,
  0x31,0x37,0x2e,0x35,0x32,0x32,0x38,0x20,0x32,0x20,0x31,0x32,0x43,0x32,0x20,0x36,
  0x2e,0x34,0x37,0x37,0x31,0x35,0x20,0x36,0x2e,0x34,0x37,0x37,0x31,0x35,0x20,0x32,
  0x20,0x31,0x32,0x20,0x32,0x43,0x31,0x37,0x2e,0x35,0x32,0x32,0x38,0x20,0x32,0x20,
  0x32,0x32,0x20,0x36,0x2e,0x34,0x37,0x37,0x31,0x35,0x20,0x32,0x32,0x20,0x31,0x32,
  0x43,0x32,0x32,0x20,0x31,0x37,0x2e,0x35,0x32,0x32,0x38,0x20,0x31,0x37,0x2e,0x35,
  0x32,0x32,0x38,0x20,0x32,0x32,0x20,0x31,0x32,0x20,0x32,0x32,0x5a,0x4d,0x31,0x32,
  0x20,0x32,0x30,0x43,0x31,0x36,0x2e,0x34,0x31,0x38,0x33,0x20,0x32,0x30,0x20,0x32,
  0x30,0x20,0x31,0x36,0x2e,0x34,0x31,0x38,0x33,0x20,0x32,0x30,0x20,0x31,0x32,0x43,
  0x32,0x30,0x20,0x37,0x2e,0x35,0x38,0x31,0x37,0x32,0x20,0x31,0x36,0x2e,0x34,0x31,
  0x38,0x33,0x20,0x34,0x20,0x31,0x32,0x20,0x34,0x43,0x37,0x2e,0x35,0x38,0x31,0x37,
  0x32,0x20,0x34,0x20,0x34,0x20,0x37,0x2e,0x35,0x38,0x31,0x37,0x32,0x20,0x34,0x20,
  0x31,0x32,0x43,0x34,0x20,0x31,0x36,0x2e,0x34,0x31,0x38,0x33,0x20,0x37,0x2e,0x35,
  0x38,0x31,0x37,0x32,0x20,0x32,0x30,0x20,0x31,0x32,0x20,0x32,0x30,0x5a,0x4d,0x31,
  0x32,0x20,0x31,0x30,0x2e,0x35,0x38,0x35,0x38,0x4c,0x31,0x34,0x2e,0x38,0x32,0x38,
  0x34,0x20,0x37,0x2e,0x37,0x35,0x37,0x33,0x36,0x4c,0x31,0x36,0x2e,0x32,0x34,0x32,
  0x36,0x20,0x39,0x2e,0x31,0x37,0x31,0x35,0x37,0x4c,0x31,0x33,0x2e,0x34,0x31,0x34,
  0x32,0x20,0x31,0x32,0x4c,0x31,0x36,0x2e,0x32,0x34,0x32,0x36,0x20,0x31,0x34,0x2e,
  0x38,0x32,0x38,0x34,0x4c,0x31,0x34,0x2e,0x38,0x32,0x38,0x34,0x20,0x31,0x36,0x2e,
  0x32,0x34,0x32,0x36,0x4c,0x31,0x32,0x20,0x31,0x33,0x2e,0x34,0x31,0x34,0x32,0x4c,
  0x39,0x2e,0x31,0x37,0x31,0x35,0x37,0x20,0x31,0x36,0x2e,0x32,0x34,0x32,0x36,0x4c,
  0x37,0x2e,0x37,0x35,0x37,0x33,0x36,0x20,0x31,0x34,0x2e,0x38,0x32,0x38,0x34,0x4c,
  0x31,0x30,0x2e,0x35,0x38,0x35,0x38,0x20,0x31,0x32,0x4c,0x37,0x2e,0x37,0x35,0x37,
  0x33,0x36,0x20,0x39,0x2e,0x31,0x37,0x31,0x35,0x37,0x4c,0x39,0x2e,0x31,0x37,0x31,
  0x35,0x37,0x20,0x37,0x2e,0x37,0x35,0x37,0x33,0x36,0x4c,0x31,0x32,0x20,0x31,0x30,
  0x2e,0x35,0x38,0x35,0x38,0x5a,0x22,0x3e,0x3c,0x2f,0x70,0x61,0x74,0x68,0x3e,0x3c,
  0x2f,0x73,0x76,0x67,0x3e,
    // E:/010-VisonPYC/VisionPYC/VisionPYC/VisionPYC/Styles/icon/attachment-2.svg
  0x0,0x0,0x3,0x4c,
  0x3c,
  0x73,0x76,0x67,0x20,0x78,0x6d,0x6c,0x6e,0x73,0x3d,0x22,0x68,0x74,0x74,0x70,0x3a,
  0x2f,0x2f,0x77,0x77,0x77,0x2e,0x77,0x33,0x2e,0x6f,0x72,0x67,0x2f,0x32,0x30,0x30,
  0x30,0x2f,0x73,0x76,0x67,0x22,0x20,0x76,0x69,0x65,0x77,0x42,0x6f,0x78,0x3d,0x22,
  0x30,0x20,0x30,0x20,0x32,0x34,0x20,0x32,0x34,0x22,0x20,0x66,0x69,0x6c,0x6c,0x3d,
  0x22,0x72,0x67,0x62,0x61,0x28,0x30,0x2c,0x30,0x2c,0x30,0x2c,0x30,0x2e,0x36,0x38,
  0x29,0x22,0x3e,0x3c,0x70,0x61,0x74,0x68,0x20,0x64,0x3d,0x22,0x4d,0x31,0x34,0x2e,
  0x38,0x32,0x38,0x37,0x20,0x37,0x2e,0x37,0x35,0x37,0x33,0x37,0x4c,0x39,0x2e,0x31,
  0x37,0x31,0x38,0x20,0x31,0x33,0x2e,0x34,0x31,0x34,0x32,0x43,0x38,0x2e,0x37,0x38,
  0x31,0x32,0x37,0x20,0x31,0x33,0x2e,0x38,0x30,0x34,0x37,0x20,0x38,0x2e,0x37,0x38,
  0x31,0x32,0x37,0x20,0x31,0x34,0x2e,0x34,0x33,0x37,0x39,0x20,0x39,0x2e,0x31,0x37,
  0x31,0x38,0x20,0x31,0x34,0x2e,0x38,0x32,0x38,0x34,0x43,0x39,0x2e,0x35,0x36,0x32,
  0x33,0x32,0x20,0x31,0x35,0x2e,0x32,0x31,0x39,0x20,0x31,0x30,0x2e,0x31,0x39,0x35,
  0x35,0x20,0x31,0x35,0x2e,0x32,0x31,0x39,0x20,0x31,0x30,0x2e,0x35,0x38,0x36,0x20,
  0x31,0x34,0x2e,0x38,0x32,0x38,0x34,0x4c,0x31,0x36,0x2e,0x32,0x34,0x32,0x39,0x20,
  0x39,0x2e,0x31,0x37,0x31,0x35,0x38,0x43,0x31,0x37,0x2e,0x34,0x31,0x34,0x34,0x20,
  0x38,0x2e,0x30,0x30,0x30,0x30,0x31,0x20,0x31,0x37,0x2e,0x34,0x31,0x34,0x34,0x20,
  0x36,0x2e,0x31,0x30,0x30,0x35,0x32,0x20,0x31,0x36,0x2e,0x32,0x34,0x32,0x39,0x20,
  0x34,0x2e,0x39,0x32,0x38,0x39,0x34,0x43,0x31,0x35,0x2e,0x30,0x37,0x31,0x33,0x20,
  0x33,0x2e,0x37,0x35,0x37,0x33,0x37,0x20,0x31,0x33,0x2e,0x31,0x37,0x31,0x38,0x20,
  0x33,0x2e,0x37,0x35,0x37,0x33,0x37,0x20,0x31,0x32,0x2e,0x30,0x30,0x30,0x32,0x20,
  0x34,0x2e,0x39,0x32,0x38,0x39,0x34,0x4c,0x36,0x2e,0x33,0x34,0x33,0x33,0x37,0x20,
  0x31,0x30,0x2e,0x35,0x38,0x35,0x38,0x43,0x34,0x2e,0x33,0x39,0x30,0x37,0x35,0x20,
  0x31,0x32,0x2e,0x35,0x33,0x38,0x34,0x20,0x34,0x2e,0x33,0x39,0x30,0x37,0x35,0x20,
  0x31,0x35,0x2e,0x37,0x30,0x34,0x32,0x20,0x36,0x2e,0x33,0x34,0x33,0x33,0x37,0x20,
  0x31,0x37,0x2e,0x36,0x35,0x36,0x39,0x43,0x38,0x2e,0x32,0x39,0x35,0x39,0x39,0x20,
  0x31,0x39,0x2e,0x36,0x30,0x39,0x35,0x20,0x31,0x31,0x2e,0x34,0x36,0x31,0x38,0x20,
  0x31,0x39,0x2e,0x36,0x30,0x39,0x35,0x20,0x31,0x33,0x2e,0x34,0x31,0x34,0x34,0x20,
  0x31,0x37,0x2e,0x36,0x35,0x36,0x39,0x4c,0x31,0x39,0x2e,0x30,0x37,0x31,0x33,0x20,
  0x31,0x32,0x4c,0x32,0x30,0x2e,0x34,0x38,0x35,0x35,0x20,0x31,0x33,0x2e,0x34,0x31,
  0x34,0x32,0x4c,0x31,0x34,0x2e,0x38,0x32,0x38,0x37,0x20,0x31,0x39,0x2e,0x30,0x37,
  0x31,0x31,0x43,0x31,0x32,0x2e,0x30,0x39,0x35,0x20,0x32,0x31,0x2e,0x38,0x30,0x34,
  0x37,0x20,0x37,0x2e,0x36,0x36,0x32,0x38,0x33,0x20,0x32,0x31,0x2e,0x38,0x30,0x34,
  0x37,0x20,0x34,0x2e,0x39,0x32,0x39,0x31,0x36,0x20,0x31,0x39,0x2e,0x30,0x37,0x31,
  0x31,0x43,0x32,0x2e,0x31,0x39,0x35,0x34,0x39,0x20,0x31,0x36,0x2e,0x33,0x33,0x37,
  0x34,0x20,0x32,0x2e,0x31,0x39,0x35,0x34,0x39,0x20,0x31,0x31,0x2e,0x39,0x30,0x35,
  0x33,0x20,0x34,0x2e,0x39,0x32,0x39,0x31,0x36,0x20,0x39,0x2e,0x31,0x37,0x31,0x35,
  0x38,0x4c,0x31,0x30,0x2e,0x35,0x38,0x36,0x20,0x33,0x2e,0x35,0x31,0x34,0x37,0x33,
  0x43,0x31,0x32,0x2e,0x35,0x33,0x38,0x36,0x20,0x31,0x2e,0x35,0x36,0x32,0x31,0x31,
  0x20,0x31,0x35,0x2e,0x37,0x30,0x34,0x35,0x20,0x31,0x2e,0x35,0x36,0x32,0x31,0x31,
  0x20,0x31,0x37,0x2e,0x36,0x35,0x37,0x31,0x20,0x33,0x2e,0x35,0x31,0x34,0x37,0x33,
  0x43,0x31,0x39,0x2e,0x36,0x30,0x39,0x37,0x20,0x35,0x2e,0x34,0x36,0x37,0x33,0x35,
  0x20,0x31,0x39,0x2e,0x36,0x30,0x39,0x37,0x20,0x38,0x2e,0x36,0x33,0x33,0x31,0x37,
  0x20,0x31,0x37,0x2e,0x36,0x35,0x37,0x31,0x20,0x31,0x30,0x2e,0x35,0x38,0x35,0x38,
  0x4c,0x31,0x32,0x2e,0x30,0x30,0x30,0x32,0x20,0x31,0x36,0x2e,0x32,0x34,0x32,0x37,
  0x43,0x31,0x30,0x2e,0x38,0x32,0x38,0x37,0x20,0x31,0x37,0x2e,0x34,0x31,0x34,0x32,
  0x20,0x38,0x2e,0x39,0x32,0x39,0x31,0x36,0x20,0x31,0x37,0x2e,0x34,0x31,0x34,0x32,
  0x20,0x37,0x2e,0x37,0x35,0x37,0x35,0x39,0x20,0x31,0x36,0x2e,0x32,0x34,0x32,0x37,
  0x43,0x36,0x2e,0x35,0x38,0x36,0x30,0x31,0x20,0x31,0x35,0x2e,0x30,0x37,0x31,0x31,
  0x20,0x36,0x2e,0x35,0x38,0x36,0x30,0x31,0x20,0x31,0x33,0x2e,0x31,0x37,0x31,0x36,
  0x20,0x37,0x2e,0x37,0x35,0x37,0x35,0x39,0x20,0x31,0x32,0x4c,0x31,0x33,0x2e,0x34,
  0x31,0x34,0x34,0x20,0x36,0x2e,0x33,0x34,0x33,0x31,0x36,0x4c,0x31,0x34,0x2e,0x38,
  0x32,0x38,0x37,0x20,0x37,0x2e,0x37,0x35,0x37,0x33,0x37,0x5a,0x22,0x3e,0x3c,0x2f,
  0x70,0x61,0x74,0x68,0x3e,0x3c,0x2f,0x73,0x76,0x67,0x3e,
    // E:/010-VisonPYC/VisionPYC/VisionPYC/VisionPYC/Styles/icon/hourglass-fill.svg
  0x0,0x0,0x2,0xee,
  0x3c,
  0x73,0x76,0x67,0x20,0x78,0x6d,0x6c,0x6e,0x73,0x3d,0x22,0x68,0x74,0x74,0x70,0x3a,
  0x2f,0x2f,0x77,0x77,0x77,0x2e,0x77,0x33,0x2e,0x6f,0x72,0x67,0x2f,0x32,0x30,0x30,
  0x30,0x2f,0x73,0x76,0x67,0x22,0x20,0x76,0x69,0x65,0x77,0x42,0x6f,0x78,0x3d,0x22,
  0x30,0x20,0x30,0x20,0x32,0x34,0x20,0x32,0x34,0x22,0x20,0x66,0x69,0x6c,0x6c,0x3d,
  0x22,0x72,0x67,0x62,0x61,0x28,0x30,0x2c,0x30,0x2c,0x30,0x2c,0x30,0x2e,0x36,0x38,
  0x29,0x22,0x3e,0x3c,0x70,0x61,0x74,0x68,0x20,0x64,0x3d,0x22,0x4d,0x36,0x20,0x34,
  0x48,0x34,0x56,0x32,0x48,0x32,0x30,0x56,0x34,0x48,0x31,0x38,0x56,0x36,0x43,0x31,
  0x38,0x20,0x37,0x2e,0x36,0x31,0x35,0x34,0x33,0x20,0x31,0x37,0x2e,0x31,0x38,0x33,
  0x38,0x20,0x38,0x2e,0x39,0x31,0x34,0x36,0x38,0x20,0x31,0x36,0x2e,0x31,0x35,0x36,
  0x31,0x20,0x39,0x2e,0x39,0x37,0x36,0x36,0x37,0x43,0x31,0x35,0x2e,0x34,0x35,0x33,
  0x32,0x20,0x31,0x30,0x2e,0x37,0x30,0x33,0x20,0x31,0x34,0x2e,0x35,0x39,0x38,0x20,
  0x31,0x31,0x2e,0x33,0x37,0x32,0x20,0x31,0x33,0x2e,0x37,0x33,0x30,0x39,0x20,0x31,
  0x32,0x43,0x31,0x34,0x2e,0x35,0x39,0x38,0x20,0x31,0x32,0x2e,0x36,0x32,0x38,0x20,
  0x31,0x35,0x2e,0x34,0x35,0x33,0x32,0x20,0x31,0x33,0x2e,0x32,0x39,0x37,0x20,0x31,
  0x36,0x2e,0x31,0x35,0x36,0x31,0x20,0x31,0x34,0x2e,0x30,0x32,0x33,0x33,0x43,0x31,
  0x37,0x2e,0x31,0x38,0x33,0x38,0x20,0x31,0x35,0x2e,0x30,0x38,0x35,0x33,0x20,0x31,
  0x38,0x20,0x31,0x36,0x2e,0x33,0x38,0x34,0x36,0x20,0x31,0x38,0x20,0x31,0x38,0x56,
  0x32,0x30,0x48,0x32,0x30,0x56,0x32,0x32,0x48,0x34,0x56,0x32,0x30,0x48,0x36,0x56,
  0x31,0x38,0x43,0x36,0x20,0x31,0x36,0x2e,0x33,0x38,0x34,0x36,0x20,0x36,0x2e,0x38,
  0x31,0x36,0x31,0x36,0x20,0x31,0x35,0x2e,0x30,0x38,0x35,0x33,0x20,0x37,0x2e,0x38,
  0x34,0x33,0x39,0x20,0x31,0x34,0x2e,0x30,0x32,0x33,0x33,0x43,0x38,0x2e,0x35,0x34,
  0x36,0x38,0x32,0x20,0x31,0x33,0x2e,0x32,0x39,0x37,0x20,0x39,0x2e,0x34,0x30,0x32,
  0x30,0x32,0x20,0x31,0x32,0x2e,0x36,0x32,0x38,0x20,0x31,0x30,0x2e,0x32,0x36,0x39,
  0x31,0x20,0x31,0x32,0x43,0x39,0x2e,0x34,0x30,0x32,0x30,0x32,0x20,0x31,0x31,0x2e,
  0x33,0x37,0x32,0x20,0x38,0x2e,0x35,0x34,0x36,0x38,0x32,0x20,0x31,0x30,0x2e,0x37,
  0x30,0x33,0x20,0x37,0x2e,0x38,0x34,0x33,0x39,0x20,0x39,0x2e,0x39,0x37,0x36,0x36,
  0x37,0x43,0x36,0x2e,0x38,0x31,0x36,0x31,0x36,0x20,0x38,0x2e,0x39,0x31,0x34,0x36,
  0x38,0x20,0x36,0x20,0x37,0x2e,0x36,0x31,0x35,0x34,0x33,0x20,0x36,0x20,0x36,0x56,
  0x34,0x5a,0x4d,0x38,0x20,0x34,0x56,0x36,0x43,0x38,0x20,0x36,0x2e,0x36,0x38,0x35,
  0x31,0x34,0x20,0x38,0x2e,0x32,0x36,0x30,0x32,0x36,0x20,0x37,0x2e,0x33,0x33,0x34,
  0x39,0x39,0x20,0x38,0x2e,0x37,0x37,0x31,0x33,0x31,0x20,0x38,0x48,0x31,0x35,0x2e,
  0x32,0x32,0x38,0x37,0x43,0x31,0x35,0x2e,0x37,0x33,0x39,0x37,0x20,0x37,0x2e,0x33,
  0x33,0x34,0x39,0x39,0x20,0x31,0x36,0x20,0x36,0x2e,0x36,0x38,0x35,0x31,0x34,0x20,
  0x31,0x36,0x20,0x36,0x56,0x34,0x48,0x38,0x5a,0x4d,0x31,0x32,0x20,0x31,0x33,0x2e,
  0x32,0x32,0x31,0x39,0x43,0x31,0x30,0x2e,0x39,0x35,0x34,0x38,0x20,0x31,0x33,0x2e,
  0x39,0x36,0x30,0x32,0x20,0x31,0x30,0x2e,0x30,0x30,0x38,0x20,0x31,0x34,0x2e,0x36,
  0x36,0x33,0x20,0x39,0x2e,0x32,0x38,0x31,0x31,0x20,0x31,0x35,0x2e,0x34,0x31,0x34,
  0x32,0x43,0x39,0x2e,0x30,0x39,0x30,0x30,0x38,0x20,0x31,0x35,0x2e,0x36,0x31,0x31,
  0x36,0x20,0x38,0x2e,0x39,0x32,0x30,0x30,0x37,0x20,0x31,0x35,0x2e,0x38,0x30,0x36,
  0x34,0x20,0x38,0x2e,0x37,0x37,0x31,0x33,0x31,0x20,0x31,0x36,0x48,0x31,0x35,0x2e,
  0x32,0x32,0x38,0x37,0x43,0x31,0x35,0x2e,0x30,0x37,0x39,0x39,0x20,0x31,0x35,0x2e,
  0x38,0x30,0x36,0x34,0x20,0x31,0x34,0x2e,0x39,0x30,0x39,0x39,0x20,0x31,0x35,0x2e,
  0x36,0x31,0x31,0x36,0x20,0x31,0x34,0x2e,0x37,0x31,0x38,0x39,0x20,0x31,0x35,0x2e,
  0x34,0x31,0x34,0x32,0x43,0x31,0x33,0x2e,0x39,0x39,0x32,0x20,0x31,0x34,0x2e,0x36,
  0x36,0x33,0x20,0x31,0x33,0x2e,0x30,0x34,0x35,0x32,0x20,0x31,0x33,0x2e,0x39,0x36,
  0x30,0x32,0x20,0x31,0x32,0x20,0x31,0x33,0x2e,0x32,0x32,0x31,0x39,0x5a,0x22,0x3e,
  0x3c,0x2f,0x70,0x61,0x74,0x68,0x3e,0x3c,0x2f,0x73,0x76,0x67,0x3e,
    // E:/010-VisonPYC/VisionPYC/VisionPYC/VisionPYC/Styles/icon/checkbox-blank-circle-line.svg
  0x0,0x0,0x1,0x4e,
  0x3c,
  0x73,0x76,0x67,0x20,0x78,0x6d,0x6c,0x6e,0x73,0x3d,0x22,0x68,0x74,0x74,0x70,0x3a,
  0x2f,0x2f,0x77,0x77,0x77,0x2e,0x77,0x33,0x2e,0x6f,0x72,0x67,0x2f,0x32,0x30,0x30,
  0x30,0x2f,0x73,0x76,0x67,0x22,0x20,0x76,0x69,0x65,0x77,0x42,0x6f,0x78,0x3d,0x22,
  0x30,0x20,0x30,0x20,0x32,0x34,0x20,0x32,0x34,0x22,0x20,0x66,0x69,0x6c,0x6c,0x3d,
  0x22,0x72,0x67,0x62,0x61,0x28,0x30,0x2c,0x30,0x2c,0x30,0x2c,0x30,0x2e,0x36,0x38,
  0x29,0x22,0x3e,0x3c,0x70,0x61,0x74,0x68,0x20,0x64,0x3d,0x22,0x4d,0x31,0x32,0x20,
  0x32,0x32,0x43,0x36,0x2e,0x34,0x37,0x37,0x31,0x35,0x20,0x32,0x32,0x20,0x32,0x20,
  0x31,0x37,0x2e,0x35,0x32,0x32,0x38,0x20,0x32,0x20,0x31,0x32,0x43,0x32,0x20,0x36,
  0x2e,0x34,0x37,0x37,0x31,0x35,0x20,0x36,0x2e,0x34,0x37,0x37,0x31,0x35,0x20,0x32,
  0x20,0x31,0x32,0x20,0x32,0x43,0x31,0x37,0x2e,0x35,0x32,0x32,0x38,0x20,0x32,0x20,
  0x32,0x32,0x20,0x36,0x2e,0x34,0x37,0x37,0x31,0x35,0x20,0x32,0x32,0x20,0x31,0x32,
  0x43,0x32,0x32,0x20,0x31,0x37,0x2e,0x35,0x32,0x32,0x38,0x20,0x31,0x37,0x2e,0x35,
  0x32,0x32,0x38,0x20,0x32,0x32,0x20,0x31,0x32,0x20,0x32,0x32,0x5a,0x4d,0x31,0x32,
  0x20,0x32,0x30,0x43,0x31,0x36,0x2e,0x34,0x31,0x38,0x33,0x20,0x32,0x30,0x20,0x32,
  0x30,0x20,0x31,0x36,0x2e,0x34,0x31,0x38,0x33,0x20,0x32,0x30,0x20,0x31,0x32,0x43,
  0x32,0x30,0x20,0x37,0x2e,0x35,0x38,0x31,0x37,0x32,0x20,0x31,0x36,0x2e,0x34,0x31,
  0x38,0x33,0x20,0x34,0x20,0x31,0x32,0x20,0x34,0x43,0x37,0x2e,0x35,0x38,0x31,0x37,
  0x32,0x20,0x34,0x20,0x34,0x20,0x37,0x2e,0x35,0x38,0x31,0x37,0x32,0x20,0x34,0x20,
  0x31,0x32,0x43,0x34,0x20,0x31,0x36,0x2e,0x34,0x31,0x38,0x33,0x20,0x37,0x2e,0x35,
  0x38,0x31,0x37,0x32,0x20,0x32,0x30,0x20,0x31,0x32,0x20,0x32,0x30,0x5a,0x22,0x3e,
  0x3c,0x2f,0x70,0x61,0x74,0x68,0x3e,0x3c,0x2f,0x73,0x76,0x67,0x3e,
    // E:/010-VisonPYC/VisionPYC/VisionPYC/VisionPYC/Styles/icon/checkbox-multiple-fill.svg
  0x0,0x0,0x2,0x2d,
  0x3c,
  0x73,0x76,0x67,0x20,0x78,0x6d,0x6c,0x6e,0x73,0x3d,0x22,0x68,0x74,0x74,0x70,0x3a,
  0x2f,0x2f,0x77,0x77,0x77,0x2e,0x77,0x33,0x2e,0x6f,0x72,0x67,0x2f,0x32,0x30,0x30,
  0x30,0x2f,0x73,0x76,0x67,0x22,0x20,0x76,0x69,0x65,0x77,0x42,0x6f,0x78,0x3d,0x22,
  0x30,0x20,0x30,0x20,0x32,0x34,0x20,0x32,0x34,0x22,0x20,0x66,0x69,0x6c,0x6c,0x3d,
  0x22,0x72,0x67,0x62,0x61,0x28,0x30,0x2c,0x30,0x2c,0x30,0x2c,0x30,0x2e,0x36,0x38,
  0x29,0x22,0x3e,0x3c,0x70,0x61,0x74,0x68,0x20,0x64,0x3d,0x22,0x4d,0x36,0x2e,0x39,
  0x39,0x39,0x37,0x39,0x20,0x37,0x56,0x33,0x43,0x36,0x2e,0x39,0x39,0x39,0x37,0x39,
  0x20,0x32,0x2e,0x34,0x34,0x37,0x37,0x32,0x20,0x37,0x2e,0x34,0x34,0x37,0x35,0x20,
  0x32,0x20,0x37,0x2e,0x39,0x39,0x39,0x37,0x39,0x20,0x32,0x48,0x32,0x30,0x2e,0x39,
  0x39,0x39,0x38,0x43,0x32,0x31,0x2e,0x35,0x35,0x32,0x31,0x20,0x32,0x20,0x32,0x31,
  0x2e,0x39,0x39,0x39,0x38,0x20,0x32,0x2e,0x34,0x34,0x37,0x37,0x32,0x20,0x32,0x31,
  0x2e,0x39,0x39,0x39,0x38,0x20,0x33,0x56,0x31,0x36,0x43,0x32,0x31,0x2e,0x39,0x39,
  0x39,0x38,0x20,0x31,0x36,0x2e,0x35,0x35,0x32,0x33,0x20,0x32,0x31,0x2e,0x35,0x35,
  0x32,0x31,0x20,0x31,0x37,0x20,0x32,0x30,0x2e,0x39,0x39,0x39,0x38,0x20,0x31,0x37,
  0x48,0x31,0x37,0x56,0x32,0x30,0x2e,0x39,0x39,0x32,0x35,0x43,0x31,0x37,0x20,0x32,
  0x31,0x2e,0x35,0x34,0x38,0x39,0x20,0x31,0x36,0x2e,0x35,0x35,0x31,0x20,0x32,0x32,
  0x20,0x31,0x35,0x2e,0x39,0x39,0x32,0x35,0x20,0x32,0x32,0x48,0x33,0x2e,0x30,0x30,
  0x37,0x32,0x38,0x43,0x32,0x2e,0x34,0x35,0x30,0x38,0x36,0x20,0x32,0x32,0x20,0x32,
  0x20,0x32,0x31,0x2e,0x35,0x35,0x31,0x31,0x20,0x32,0x20,0x32,0x30,0x2e,0x39,0x39,
  0x32,0x35,0x4c,0x32,0x2e,0x30,0x30,0x32,0x37,0x36,0x20,0x38,0x2e,0x30,0x30,0x37,
  0x34,0x38,0x43,0x32,0x2e,0x30,0x30,0x32,0x38,0x38,0x20,0x37,0x2e,0x34,0x35,0x31,
  0x30,0x37,0x20,0x32,0x2e,0x34,0x35,0x31,0x38,0x20,0x37,0x20,0x33,0x2e,0x30,0x31,
  0x30,0x32,0x35,0x20,0x37,0x48,0x36,0x2e,0x39,0x39,0x39,0x37,0x39,0x5a,0x4d,0x38,
  0x2e,0x39,0x39,0x39,0x37,0x39,0x20,0x37,0x48,0x31,0x35,0x2e,0x39,0x39,0x32,0x37,
  0x43,0x31,0x36,0x2e,0x35,0x34,0x39,0x20,0x37,0x20,0x31,0x37,0x20,0x37,0x2e,0x34,
  0x34,0x38,0x39,0x32,0x20,0x31,0x37,0x20,0x38,0x2e,0x30,0x30,0x37,0x34,0x38,0x56,
  0x31,0x35,0x48,0x31,0x39,0x2e,0x39,0x39,0x39,0x38,0x56,0x34,0x48,0x38,0x2e,0x39,
  0x39,0x39,0x37,0x39,0x56,0x37,0x5a,0x4d,0x38,0x2e,0x35,0x30,0x32,0x34,0x32,0x20,
  0x31,0x38,0x4c,0x31,0x34,0x2e,0x31,0x35,0x39,0x33,0x20,0x31,0x32,0x2e,0x33,0x34,
  0x33,0x31,0x4c,0x31,0x32,0x2e,0x37,0x34,0x35,0x31,0x20,0x31,0x30,0x2e,0x39,0x32,
  0x38,0x39,0x4c,0x38,0x2e,0x35,0x30,0x32,0x34,0x32,0x20,0x31,0x35,0x2e,0x31,0x37,
  0x31,0x36,0x4c,0x36,0x2e,0x33,0x38,0x31,0x31,0x20,0x31,0x33,0x2e,0x30,0x35,0x30,
  0x33,0x4c,0x34,0x2e,0x39,0x36,0x36,0x38,0x39,0x20,0x31,0x34,0x2e,0x34,0x36,0x34,
  0x35,0x4c,0x38,0x2e,0x35,0x30,0x32,0x34,0x32,0x20,0x31,0x38,0x5a,0x22,0x3e,0x3c,
  0x2f,0x70,0x61,0x74,0x68,0x3e,0x3c,0x2f,0x73,0x76,0x67,0x3e,
    // E:/010-VisonPYC/VisionPYC/VisionPYC/VisionPYC/Styles/icon/loop-left-ai-line.svg
  0x0,0x0,0x3,0xb1,
  0x3c,
  0x73,0x76,0x67,0x20,0x78,0x6d,0x6c,0x6e,0x73,0x3d,0x22,0x68,0x74,0x74,0x70,0x3a,
  0x2f,0x2f,0x77,0x77,0x77,0x2e,0x77,0x33,0x2e,0x6f,0x72,0x67,0x2f,0x32,0x30,0x30,
  0x30,0x2f,0x73,0x76,0x67,0x22,0x20,0x76,0x69,0x65,0x77,0x42,0x6f,0x78,0x3d,0x22,
  0x30,0x20,0x30,0x20,0x32,0x34,0x20,0x32,0x34,0x22,0x20,0x66,0x69,0x6c,0x6c,0x3d,
  0x22,0x72,0x67,0x62,0x61,0x28,0x30,0x2c,0x30,0x2c,0x30,0x2c,0x30,0x2e,0x36,0x38,
  0x29,0x22,0x3e,0x3c,0x70,0x61,0x74,0x68,0x20,0x64,0x3d,0x22,0x4d,0x34,0x20,0x31,
  0x32,0x43,0x34,0x20,0x31,0x36,0x2e,0x34,0x31,0x38,0x33,0x20,0x37,0x2e,0x35,0x38,
  0x31,0x37,0x32,0x20,0x32,0x30,0x20,0x31,0x32,0x20,0x32,0x30,0x43,0x31,0x34,0x2e,
  0x37,0x34,0x38,0x35,0x20,0x32,0x30,0x20,0x31,0x37,0x2e,0x31,0x37,0x34,0x36,0x20,
  0x31,0x38,0x2e,0x36,0x31,0x33,0x37,0x20,0x31,0x38,0x2e,0x36,0x31,0x35,0x32,0x20,
  0x31,0x36,0x2e,0x35,0x48,0x31,0x36,0x56,0x31,0x34,0x2e,0x35,0x48,0x32,0x32,0x56,
  0x32,0x30,0x2e,0x35,0x48,0x32,0x30,0x56,0x31,0x38,0x2e,0x30,0x30,0x31,0x43,0x31,
  0x38,0x2e,0x31,0x37,0x36,0x32,0x20,0x32,0x30,0x2e,0x34,0x32,0x38,0x36,0x20,0x31,
  0x35,0x2e,0x32,0x37,0x32,0x33,0x20,0x32,0x32,0x20,0x31,0x32,0x20,0x32,0x32,0x43,
  0x36,0x2e,0x34,0x37,0x37,0x31,0x35,0x20,0x32,0x32,0x20,0x32,0x20,0x31,0x37,0x2e,
  0x35,0x32,0x32,0x38,0x20,0x32,0x20,0x31,0x32,0x48,0x34,0x5a,0x4d,0x31,0x31,0x2e,
  0x35,0x32,0x39,0x33,0x20,0x38,0x2e,0x33,0x31,0x39,0x33,0x34,0x43,0x31,0x31,0x2e,
  0x37,0x30,0x35,0x39,0x20,0x37,0x2e,0x38,0x39,0x33,0x35,0x20,0x31,0x32,0x2e,0x32,
  0x39,0x34,0x33,0x20,0x37,0x2e,0x38,0x39,0x33,0x34,0x39,0x20,0x31,0x32,0x2e,0x34,
  0x37,0x30,0x37,0x20,0x38,0x2e,0x33,0x31,0x39,0x33,0x34,0x4c,0x31,0x32,0x2e,0x37,
  0x32,0x33,0x36,0x20,0x38,0x2e,0x39,0x33,0x30,0x36,0x36,0x43,0x31,0x33,0x2e,0x31,
  0x35,0x35,0x36,0x20,0x39,0x2e,0x39,0x37,0x33,0x34,0x36,0x20,0x31,0x33,0x2e,0x39,
  0x36,0x31,0x35,0x20,0x31,0x30,0x2e,0x38,0x30,0x36,0x32,0x20,0x31,0x34,0x2e,0x39,
  0x37,0x34,0x36,0x20,0x31,0x31,0x2e,0x32,0x35,0x36,0x38,0x4c,0x31,0x35,0x2e,0x36,
  0x39,0x32,0x34,0x20,0x31,0x31,0x2e,0x35,0x37,0x36,0x32,0x43,0x31,0x36,0x2e,0x31,
  0x30,0x32,0x36,0x20,0x31,0x31,0x2e,0x37,0x35,0x39,0x20,0x31,0x36,0x2e,0x31,0x30,
  0x32,0x36,0x20,0x31,0x32,0x2e,0x33,0x35,0x36,0x32,0x20,0x31,0x35,0x2e,0x36,0x39,
  0x32,0x34,0x20,0x31,0x32,0x2e,0x35,0x33,0x39,0x31,0x4c,0x31,0x34,0x2e,0x39,0x33,
  0x32,0x36,0x20,0x31,0x32,0x2e,0x38,0x37,0x37,0x43,0x31,0x33,0x2e,0x39,0x34,0x34,
  0x39,0x20,0x31,0x33,0x2e,0x33,0x31,0x36,0x32,0x20,0x31,0x33,0x2e,0x31,0x35,0x33,
  0x34,0x20,0x31,0x34,0x2e,0x31,0x31,0x39,0x34,0x20,0x31,0x32,0x2e,0x37,0x31,0x33,
  0x39,0x20,0x31,0x35,0x2e,0x31,0x32,0x37,0x39,0x4c,0x31,0x32,0x2e,0x34,0x36,0x36,
  0x38,0x20,0x31,0x35,0x2e,0x36,0x39,0x33,0x34,0x43,0x31,0x32,0x2e,0x32,0x38,0x36,
  0x34,0x20,0x31,0x36,0x2e,0x31,0x30,0x37,0x35,0x20,0x31,0x31,0x2e,0x37,0x31,0x33,
  0x37,0x20,0x31,0x36,0x2e,0x31,0x30,0x37,0x35,0x20,0x31,0x31,0x2e,0x35,0x33,0x33,
  0x32,0x20,0x31,0x35,0x2e,0x36,0x39,0x33,0x34,0x4c,0x31,0x31,0x2e,0x32,0x38,0x37,
  0x31,0x20,0x31,0x35,0x2e,0x31,0x32,0x37,0x39,0x43,0x31,0x30,0x2e,0x38,0x34,0x37,
  0x36,0x20,0x31,0x34,0x2e,0x31,0x31,0x39,0x33,0x20,0x31,0x30,0x2e,0x30,0x35,0x35,
  0x32,0x20,0x31,0x33,0x2e,0x33,0x31,0x36,0x33,0x20,0x39,0x2e,0x30,0x36,0x37,0x33,
  0x38,0x20,0x31,0x32,0x2e,0x38,0x37,0x37,0x4c,0x38,0x2e,0x33,0x30,0x37,0x36,0x32,
  0x20,0x31,0x32,0x2e,0x35,0x33,0x39,0x31,0x43,0x37,0x2e,0x38,0x39,0x37,0x34,0x34,
  0x20,0x31,0x32,0x2e,0x33,0x35,0x36,0x32,0x20,0x37,0x2e,0x38,0x39,0x37,0x34,0x31,
  0x20,0x31,0x31,0x2e,0x37,0x35,0x39,0x20,0x38,0x2e,0x33,0x30,0x37,0x36,0x32,0x20,
  0x31,0x31,0x2e,0x35,0x37,0x36,0x32,0x4c,0x39,0x2e,0x30,0x32,0x35,0x33,0x39,0x20,
  0x31,0x31,0x2e,0x32,0x35,0x36,0x38,0x43,0x31,0x30,0x2e,0x30,0x33,0x38,0x35,0x20,
  0x31,0x30,0x2e,0x38,0x30,0x36,0x32,0x20,0x31,0x30,0x2e,0x38,0x34,0x34,0x35,0x20,
  0x39,0x2e,0x39,0x37,0x33,0x34,0x38,0x20,0x31,0x31,0x2e,0x32,0x37,0x36,0x34,0x20,
  0x38,0x2e,0x39,0x33,0x30,0x36,0x36,0x4c,0x31,0x31,0x2e,0x35,0x32,0x39,0x33,0x20,
  0x38,0x2e,0x33,0x31,0x39,0x33,0x34,0x5a,0x4d,0x31,0x32,0x20,0x32,0x43,0x31,0x37,
  0x2e,0x35,0x32,0x32,0x38,0x20,0x32,0x20,0x32,0x32,0x20,0x36,0x2e,0x34,0x37,0x37,
  0x31,0x35,0x20,0x32,0x32,0x20,0x31,0x32,0x48,0x32,0x30,0x43,0x32,0x30,0x20,0x37,
  0x2e,0x35,0x38,0x31,0x37,0x32,0x20,0x31,0x36,0x2e,0x34,0x31,0x38,0x33,0x20,0x34,
  0x20,0x31,0x32,0x20,0x34,0x43,0x39,0x2e,0x32,0x35,0x31,0x35,0x31,0x20,0x34,0x20,
  0x36,0x2e,0x38,0x32,0x35,0x34,0x33,0x20,0x35,0x2e,0x33,0x38,0x36,0x33,0x34,0x20,
  0x35,0x2e,0x33,0x38,0x34,0x37,0x37,0x20,0x37,0x2e,0x35,0x48,0x38,0x56,0x39,0x2e,
  0x35,0x48,0x32,0x56,0x33,0x2e,0x35,0x48,0x34,0x56,0x35,0x2e,0x39,0x39,0x39,0x30,
  0x32,0x43,0x35,0x2e,0x38,0x32,0x33,0x38,0x32,0x20,0x33,0x2e,0x35,0x37,0x31,0x34,
  0x34,0x20,0x38,0x2e,0x37,0x32,0x37,0x37,0x34,0x20,0x32,0x20,0x31,0x32,0x20,0x32,
  0x5a,0x22,0x3e,0x3c,0x2f,0x70,0x61,0x74,0x68,0x3e,0x3c,0x2f,0x73,0x76,0x67,0x3e,
  
    // E:/010-VisonPYC/VisionPYC/VisionPYC/VisionPYC/Styles/icon/refresh-line.svg
  0x0,0x0,0x2,0x10,
  0x3c,
  0x73,0x76,0x67,0x20,0x78,0x6d,0x6c,0x6e,0x73,0x3d,0x22,0x68,0x74,0x74,0x70,0x3a,
  0x2f,0x2f,0x77,0x77,0x77,0x2e,0x77,0x33,0x2e,0x6f,0x72,0x67,0x2f,0x32,0x30,0x30,
  0x30,0x2f,0x73,0x76,0x67,0x22,0x20,0x76,0x69,0x65,0x77,0x42,0x6f,0x78,0x3d,0x22,
  0x30,0x20,0x30,0x20,0x32,0x34,0x20,0x32,0x34,0x22,0x20,0x66,0x69,0x6c,0x6c,0x3d,
  0x22,0x72,0x67,0x62,0x61,0x28,0x30,0x2c,0x30,0x2c,0x30,0x2c,0x30,0x2e,0x36,0x38,
  0x29,0x22,0x3e,0x3c,0x70,0x61,0x74,0x68,0x20,0x64,0x3d,0x22,0x4d,0x35,0x2e,0x34,
  0x36,0x32,0x35,0x37,0x20,0x34,0x2e,0x34,0x33,0x32,0x36,0x32,0x43,0x37,0x2e,0x32,
  0x31,0x35,0x35,0x36,0x20,0x32,0x2e,0x39,0x31,0x36,0x38,0x38,0x20,0x39,0x2e,0x35,
  0x30,0x30,0x37,0x20,0x32,0x20,0x31,0x32,0x20,0x32,0x43,0x31,0x37,0x2e,0x35,0x32,
  0x32,0x38,0x20,0x32,0x20,0x32,0x32,0x20,0x36,0x2e,0x34,0x37,0x37,0x31,0x35,0x20,
  0x32,0x32,0x20,0x31,0x32,0x43,0x32,0x32,0x20,0x31,0x34,0x2e,0x31,0x33,0x36,0x31,
  0x20,0x32,0x31,0x2e,0x33,0x33,0x30,0x32,0x20,0x31,0x36,0x2e,0x31,0x31,0x35,0x38,
  0x20,0x32,0x30,0x2e,0x31,0x38,0x39,0x32,0x20,0x31,0x37,0x2e,0x37,0x34,0x30,0x36,
  0x4c,0x31,0x37,0x20,0x31,0x32,0x48,0x32,0x30,0x43,0x32,0x30,0x20,0x37,0x2e,0x35,
  0x38,0x31,0x37,0x32,0x20,0x31,0x36,0x2e,0x34,0x31,0x38,0x33,0x20,0x34,0x20,0x31,
  0x32,0x20,0x34,0x43,0x39,0x2e,0x38,0x34,0x39,0x38,0x32,0x20,0x34,0x20,0x37,0x2e,
  0x38,0x39,0x37,0x37,0x37,0x20,0x34,0x2e,0x38,0x34,0x38,0x32,0x37,0x20,0x36,0x2e,
  0x34,0x36,0x30,0x32,0x33,0x20,0x36,0x2e,0x32,0x32,0x38,0x34,0x32,0x4c,0x35,0x2e,
  0x34,0x36,0x32,0x35,0x37,0x20,0x34,0x2e,0x34,0x33,0x32,0x36,0x32,0x5a,0x4d,0x31,
  0x38,0x2e,0x35,0x33,0x37,0x34,0x20,0x31,0x39,0x2e,0x35,0x36,0x37,0x34,0x43,0x31,
  0x36,0x2e,0x37,0x38,0x34,0x34,0x20,0x32,0x31,0x2e,0x30,0x38,0x33,0x31,0x20,0x31,
  0x34,0x2e,0x34,0x39,0x39,0x33,0x20,0x32,0x32,0x20,0x31,0x32,0x20,0x32,0x32,0x43,
  0x36,0x2e,0x34,0x37,0x37,0x31,0x35,0x20,0x32,0x32,0x20,0x32,0x20,0x31,0x37,0x2e,
  0x35,0x32,0x32,0x38,0x20,0x32,0x20,0x31,0x32,0x43,0x32,0x20,0x39,0x2e,0x38,0x36,
  0x33,0x38,0x36,0x20,0x32,0x2e,0x36,0x36,0x39,0x37,0x39,0x20,0x37,0x2e,0x38,0x38,
  0x34,0x31,0x36,0x20,0x33,0x2e,0x38,0x31,0x30,0x38,0x20,0x36,0x2e,0x32,0x35,0x39,
  0x34,0x34,0x4c,0x37,0x20,0x31,0x32,0x48,0x34,0x43,0x34,0x20,0x31,0x36,0x2e,0x34,
  0x31,0x38,0x33,0x20,0x37,0x2e,0x35,0x38,0x31,0x37,0x32,0x20,0x32,0x30,0x20,0x31,
  0x32,0x20,0x32,0x30,0x43,0x31,0x34,0x2e,0x31,0x35,0x30,0x32,0x20,0x32,0x30,0x20,
  0x31,0x36,0x2e,0x31,0x30,0x32,0x32,0x20,0x31,0x39,0x2e,0x31,0x35,0x31,0x37,0x20,
  0x31,0x37,0x2e,0x35,0x33,0x39,0x38,0x20,0x31,0x37,0x2e,0x37,0x37,0x31,0x36,0x4c,
  0x31,0x38,0x2e,0x35,0x33,0x37,0x34,0x20,0x31,0x39,0x2e,0x35,0x36,0x37,0x34,0x5a,
  0x22,0x3e,0x3c,0x2f,0x70,0x61,0x74,0x68,0x3e,0x3c,0x2f,0x73,0x76,0x67,0x3e,
    // E:/010-VisonPYC/VisionPYC/VisionPYC/VisionPYC/Styles/icon/checkbox-multiple-blank-fill.svg
  0x0,0x0,0x1,0xc7,
  0x3c,
  0x73,0x76,0x67,0x20,0x78,0x6d,0x6c,0x6e,0x73,0x3d,0x22,0x68,0x74,0x74,0x70,0x3a,
  0x2f,0x2f,0x77,0x77,0x77,0x2e,0x77,0x33,0x2e,0x6f,0x72,0x67,0x2f,0x32,0x30,0x30,
  0x30,0x2f,0x73,0x76,0x67,0x22,0x20,0x76,0x69,0x65,0x77,0x42,0x6f,0x78,0x3d,0x22,
  0x30,0x20,0x30,0x20,0x32,0x34,0x20,0x32,0x34,0x22,0x20,0x66,0x69,0x6c,0x6c,0x3d,
  0x22,0x72,0x67,0x62,0x61,0x28,0x30,0x2c,0x30,0x2c,0x30,0x2c,0x30,0x2e,0x36,0x38,
  0x29,0x22,0x3e,0x3c,0x70,0x61,0x74,0x68,0x20,0x64,0x3d,0x22,0x4d,0x36,0x2e,0x39,
  0x39,0x39,0x37,0x39,0x20,0x37,0x56,0x33,0x43,0x36,0x2e,0x39,0x39,0x39,0x37,0x39,
  0x20,0x32,0x2e,0x34,0x34,0x37,0x37,0x32,0x20,0x37,0x2e,0x34,0x34,0x37,0x35,0x20,
  0x32,0x20,0x37,0x2e,0x39,0x39,0x39,0x37,0x39,0x20,0x32,0x48,0x32,0x30,0x2e,0x39,
  0x39,0x39,0x38,0x43,0x32,0x31,0x2e,0x35,0x35,0x32,0x31,0x20,0x32,0x20,0x32,0x31,
  0x2e,0x39,0x39,0x39,0x38,0x20,0x32,0x2e,0x34,0x34,0x37,0x37,0x32,0x20,0x32,0x31,
  0x2e,0x39,0x39,0x39,0x38,0x20,0x33,0x56,0x31,0x36,0x43,0x32,0x31,0x2e,0x39,0x39,
  0x39,0x38,0x20,0x31,0x36,0x2e,0x35,0x35,0x32,0x33,0x20,0x32,0x31,0x2e,0x35,0x35,
  0x32,0x31,0x20,0x31,0x37,0x20,0x32,0x30,0x2e,0x39,0x39,0x39,0x38,0x20,0x31,0x37,
  0x48,0x31,0x37,0x56,0x32,0x30,0x2e,0x39,0x39,0x32,0x35,0x43,0x31,0x37,0x20,0x32,
  0x31,0x2e,0x35,0x34,0x38,0x39,0x20,0x31,0x36,0x2e,0x35,0x35,0x31,0x20,0x32,0x32,
  0x20,0x31,0x35,0x2e,0x39,0x39,0x32,0x35,0x20,0x32,0x32,0x48,0x33,0x2e,0x30,0x30,
  0x37,0x32,0x38,0x43,0x32,0x2e,0x34,0x35,0x30,0x38,0x36,0x20,0x32,0x32,0x20,0x32,
  0x20,0x32,0x31,0x2e,0x35,0x35,0x31,0x31,0x20,0x32,0x20,0x32,0x30,0x2e,0x39,0x39,
  0x32,0x35,0x4c,0x32,0x2e,0x30,0x30,0x32,0x37,0x36,0x20,0x38,0x2e,0x30,0x30,0x37,
  0x34,0x38,0x43,0x32,0x2e,0x30,0x30,0x32,0x38,0x38,0x20,0x37,0x2e,0x34,0x35,0x31,
  0x30,0x37,0x20,0x32,0x2e,0x34,0x35,0x31,0x38,0x20,0x37,0x20,0x33,0x2e,0x30,0x31,
  0x30,0x32,0x35,0x20,0x37,0x48,0x36,0x2e,0x39,0x39,0x39,0x37,0x39,0x5a,0x4d,0x38,
  0x2e,0x39,0x39,0x39,0x37,0x39,0x20,0x37,0x48,0x31,0x35,0x2e,0x39,0x39,0x32,0x37,
  0x43,0x31,0x36,0x2e,0x35,0x34,0x39,0x20,0x37,0x20,0x31,0x37,0x20,0x37,0x2e,0x34,
  0x34,0x38,0x39,0x32,0x20,0x31,0x37,0x20,0x38,0x2e,0x30,0x30,0x37,0x34,0x38,0x56,
  0x31,0x35,0x48,0x31,0x39,0x2e,0x39,0x39,0x39,0x38,0x56,0x34,0x48,0x38,0x2e,0x39,
  0x39,0x39,0x37,0x39,0x56,0x37,0x5a,0x22,0x3e,0x3c,0x2f,0x70,0x61,0x74,0x68,0x3e,
  0x3c,0x2f,0x73,0x76,0x67,0x3e,
    // E:/010-VisonPYC/VisionPYC/VisionPYC/VisionPYC/Styles/icon/radio-button-line.svg
  0x0,0x0,0x1,0xbf,
  0x3c,
  0x73,0x76,0x67,0x20,0x78,0x6d,0x6c,0x6e,0x73,0x3d,0x22,0x68,0x74,0x74,0x70,0x3a,
  0x2f,0x2f,0x77,0x77,0x77,0x2e,0x77,0x33,0x2e,0x6f,0x72,0x67,0x2f,0x32,0x30,0x30,
  0x30,0x2f,0x73,0x76,0x67,0x22,0x20,0x76,0x69,0x65,0x77,0x42,0x6f,0x78,0x3d,0x22,
  0x30,0x20,0x30,0x20,0x32,0x34,0x20,0x32,0x34,0x22,0x20,0x66,0x69,0x6c,0x6c,0x3d,
  0x22,0x72,0x67,0x62,0x61,0x28,0x30,0x2c,0x30,0x2c,0x30,0x2c,0x30,0x2e,0x36,0x38,
  0x29,0x22,0x3e,0x3c,0x70,0x61,0x74,0x68,0x20,0x64,0x3d,0x22,0x4d,0x31,0x32,0x20,
  0x32,0x32,0x43,0x36,0x2e,0x34,0x37,0x37,0x31,0x35,0x20,0x32,0x32,0x20,0x32,0x20,
  0x31,0x37,0x2e,0x35,0x32,0x32,0x38,0x20,0x32,0x20,0x31,0x32,0x43,0x32,0x20,0x36,
  0x2e,0x34,0x37,0x37,0x31,0x35,0x20,0x36,0x2e,0x34,0x37,0x37,0x31,0x35,0x20,0x32,
  0x20,0x31,0x32,0x20,0x32,0x43,0x31,0x37,0x2e,0x35,0x32,0x32,0x38,0x20,0x32,0x20,
  0x32,0x32,0x20,0x36,0x2e,0x34,0x37,0x37,0x31,0x35,0x20,0x32,0x32,0x20,0x31,0x32,
  0x43,0x32,0x32,0x20,0x31,0x37,0x2e,0x35,0x32,0x32,0x38,0x20,0x31,0x37,0x2e,0x35,
  0x32,0x32,0x38,0x20,0x32,0x32,0x20,0x31,0x32,0x20,0x32,0x32,0x5a,0x4d,0x31,0x32,
  0x20,0x32,0x30,0x43,0x31,0x36,0x2e,0x34,0x31,0x38,0x33,0x20,0x32,0x30,0x20,0x32,
  0x30,0x20,0x31,0x36,0x2e,0x34,0x31,0x38,0x33,0x20,0x32,0x30,0x20,0x31,0x32,0x43,
  0x32,0x30,0x20,0x37,0x2e,0x35,0x38,0x31,0x37,0x32,0x20,0x31,0x36,0x2e,0x34,0x31,
  0x38,0x33,0x20,0x34,0x20,0x31,0x32,0x20,0x34,0x43,0x37,0x2e,0x35,0x38,0x31,0x37,
  0x32,0x20,0x34,0x20,0x34,0x20,0x37,0x2e,0x35,0x38,0x31,0x37,0x32,0x20,0x34,0x20,
  0x31,0x32,0x43,0x34,0x20,0x31,0x36,0x2e,0x34,0x31,0x38,0x33,0x20,0x37,0x2e,0x35,
  0x38,0x31,0x37,0x32,0x20,0x32,0x30,0x20,0x31,0x32,0x20,0x32,0x30,0x5a,0x4d,0x31,
  0x32,0x20,0x31,0x37,0x43,0x39,0x2e,0x32,0x33,0x38,0x35,0x38,0x20,0x31,0x37,0x20,
  0x37,0x20,0x31,0x34,0x2e,0x37,0x36,0x31,0x34,0x20,0x37,0x20,0x31,0x32,0x43,0x37,
  0x20,0x39,0x2e,0x32,0x33,0x38,0x35,0x38,0x20,0x39,0x2e,0x32,0x33,0x38,0x35,0x38,
  0x20,0x37,0x20,0x31,0x32,0x20,0x37,0x43,0x31,0x34,0x2e,0x37,0x36,0x31,0x34,0x20,
  0x37,0x20,0x31,0x37,0x20,0x39,0x2e,0x32,0x33,0x38,0x35,0x38,0x20,0x31,0x37,0x20,
  0x31,0x32,0x43,0x31,0x37,0x20,0x31,0x34,0x2e,0x37,0x36,0x31,0x34,0x20,0x31,0x34,
  0x2e,0x37,0x36,0x31,0x34,0x20,0x31,0x37,0x20,0x31,0x32,0x20,0x31,0x37,0x5a,0x22,
  0x3e,0x3c,0x2f,0x70,0x61,0x74,0x68,0x3e,0x3c,0x2f,0x73,0x76,0x67,0x3e,
    // E:/010-VisonPYC/VisionPYC/VisionPYC/VisionPYC/Styles/icon/folder-open-fill.svg
  0x0,0x0,0x1,0x22,
  0x3c,
  0x73,0x76,0x67,0x20,0x78,0x6d,0x6c,0x6e,0x73,0x3d,0x22,0x68,0x74,0x74,0x70,0x3a,
  0x2f,0x2f,0x77,0x77,0x77,0x2e,0x77,0x33,0x2e,0x6f,0x72,0x67,0x2f,0x32,0x30,0x30,
  0x30,0x2f,0x73,0x76,0x67,0x22,0x20,0x76,0x69,0x65,0x77,0x42,0x6f,0x78,0x3d,0x22,
  0x30,0x20,0x30,0x20,0x32,0x34,0x20,0x32,0x34,0x22,0x20,0x66,0x69,0x6c,0x6c,0x3d,
  0x22,0x72,0x67,0x62,0x61,0x28,0x30,0x2c,0x30,0x2c,0x30,0x2c,0x30,0x2e,0x36,0x38,
  0x29,0x22,0x3e,0x3c,0x70,0x61,0x74,0x68,0x20,0x64,0x3d,0x22,0x4d,0x33,0x20,0x32,
  0x31,0x43,0x32,0x2e,0x34,0x34,0x37,0x37,0x32,0x20,0x32,0x31,0x20,0x32,0x20,0x32,
  0x30,0x2e,0x35,0x35,0x32,0x33,0x20,0x32,0x20,0x32,0x30,0x56,0x34,0x43,0x32,0x20,
  0x33,0x2e,0x34,0x34,0x37,0x37,0x32,0x20,0x32,0x2e,0x34,0x34,0x37,0x37,0x32,0x20,
  0x33,0x20,0x33,0x20,0x33,0x48,0x31,0x30,0x2e,0x34,0x31,0x34,0x32,0x4c,0x31,0x32,
  0x2e,0x34,0x31,0x34,0x32,0x20,0x35,0x48,0x32,0x30,0x43,0x32,0x30,0x2e,0x35,0x35,
  0x32,0x33,0x20,0x35,0x20,0x32,0x31,0x20,0x35,0x2e,0x34,0x34,0x37,0x37,0x32,0x20,
  0x32,0x31,0x20,0x36,0x56,0x39,0x48,0x34,0x56,0x31,0x38,0x2e,0x39,0x39,0x36,0x4c,
  0x36,0x20,0x31,0x31,0x48,0x32,0x32,0x2e,0x35,0x4c,0x32,0x30,0x2e,0x31,0x38,0x39,
  0x34,0x20,0x32,0x30,0x2e,0x32,0x34,0x32,0x35,0x43,0x32,0x30,0x2e,0x30,0x37,0x38,
  0x31,0x20,0x32,0x30,0x2e,0x36,0x38,0x37,0x37,0x20,0x31,0x39,0x2e,0x36,0x37,0x38,
  0x31,0x20,0x32,0x31,0x20,0x31,0x39,0x2e,0x32,0x31,0x39,0x32,0x20,0x32,0x31,0x48,
  0x33,0x5a,0x22,0x3e,0x3c,0x2f,0x70,0x61,0x74,0x68,0x3e,0x3c,0x2f,0x73,0x76,0x67,
  0x3e,
    // E:/010-VisonPYC/VisionPYC/VisionPYC/VisionPYC/Styles/icon/repeat-2-line.svg
  0x0,0x0,0x2,0xba,
  0x3c,
  0x73,0x76,0x67,0x20,0x78,0x6d,0x6c,0x6e,0x73,0x3d,0x22,0x68,0x74,0x74,0x70,0x3a,
  0x2f,0x2f,0x77,0x77,0x77,0x2e,0x77,0x33,0x2e,0x6f,0x72,0x67,0x2f,0x32,0x30,0x30,
  0x30,0x2f,0x73,0x76,0x67,0x22,0x20,0x76,0x69,0x65,0x77,0x42,0x6f,0x78,0x3d,0x22,
  0x30,0x20,0x30,0x20,0x32,0x34,0x20,0x32,0x34,0x22,0x20,0x66,0x69,0x6c,0x6c,0x3d,
  0x22,0x72,0x67,0x62,0x61,0x28,0x30,0x2c,0x30,0x2c,0x30,0x2c,0x30,0x2e,0x36,0x38,
  0x29,0x22,0x3e,0x3c,0x70,0x61,0x74,0x68,0x20,0x64,0x3d,0x22,0x4d,0x38,0x20,0x32,
  0x30,0x56,0x32,0x31,0x2e,0x39,0x33,0x32,0x34,0x43,0x38,0x20,0x32,0x32,0x2e,0x32,
  0x30,0x38,0x36,0x20,0x37,0x2e,0x37,0x37,0x36,0x31,0x34,0x20,0x32,0x32,0x2e,0x34,
  0x33,0x32,0x34,0x20,0x37,0x2e,0x35,0x20,0x32,0x32,0x2e,0x34,0x33,0x32,0x34,0x43,
  0x37,0x2e,0x33,0x38,0x33,0x30,0x33,0x20,0x32,0x32,0x2e,0x34,0x33,0x32,0x34,0x20,
  0x37,0x2e,0x32,0x36,0x39,0x37,0x37,0x20,0x32,0x32,0x2e,0x33,0x39,0x31,0x34,0x20,
  0x37,0x2e,0x31,0x37,0x39,0x39,0x31,0x20,0x32,0x32,0x2e,0x33,0x31,0x36,0x35,0x4c,
  0x33,0x2e,0x30,0x36,0x30,0x39,0x33,0x20,0x31,0x38,0x2e,0x38,0x38,0x34,0x31,0x43,
  0x32,0x2e,0x38,0x34,0x38,0x37,0x39,0x20,0x31,0x38,0x2e,0x37,0x30,0x37,0x33,0x20,
  0x32,0x2e,0x38,0x32,0x30,0x31,0x33,0x20,0x31,0x38,0x2e,0x33,0x39,0x32,0x20,0x32,
  0x2e,0x39,0x39,0x36,0x39,0x31,0x20,0x31,0x38,0x2e,0x31,0x37,0x39,0x39,0x43,0x33,
  0x2e,0x30,0x39,0x31,0x39,0x31,0x20,0x31,0x38,0x2e,0x30,0x36,0x35,0x39,0x20,0x33,
  0x2e,0x32,0x33,0x32,0x36,0x34,0x20,0x31,0x38,0x20,0x33,0x2e,0x33,0x38,0x31,0x30,
  0x33,0x20,0x31,0x38,0x4c,0x31,0x38,0x20,0x31,0x38,0x43,0x31,0x39,0x2e,0x31,0x30,
  0x34,0x36,0x20,0x31,0x38,0x20,0x32,0x30,0x20,0x31,0x37,0x2e,0x31,0x30,0x34,0x35,
  0x20,0x32,0x30,0x20,0x31,0x36,0x56,0x37,0x2e,0x39,0x39,0x39,0x39,0x37,0x48,0x32,
  0x32,0x56,0x31,0x36,0x43,0x32,0x32,0x20,0x31,0x38,0x2e,0x32,0x30,0x39,0x31,0x20,
  0x32,0x30,0x2e,0x32,0x30,0x39,0x31,0x20,0x32,0x30,0x20,0x31,0x38,0x20,0x32,0x30,
  0x48,0x38,0x5a,0x4d,0x31,0x36,0x20,0x33,0x2e,0x39,0x39,0x39,0x39,0x37,0x56,0x32,
  0x2e,0x30,0x36,0x37,0x35,0x43,0x31,0x36,0x20,0x31,0x2e,0x37,0x39,0x31,0x33,0x36,
  0x20,0x31,0x36,0x2e,0x32,0x32,0x33,0x39,0x20,0x31,0x2e,0x35,0x36,0x37,0x35,0x20,
  0x31,0x36,0x2e,0x35,0x20,0x31,0x2e,0x35,0x36,0x37,0x35,0x43,0x31,0x36,0x2e,0x36,
  0x31,0x37,0x20,0x31,0x2e,0x35,0x36,0x37,0x35,0x20,0x31,0x36,0x2e,0x37,0x33,0x30,
  0x32,0x20,0x31,0x2e,0x36,0x30,0x38,0x35,0x31,0x20,0x31,0x36,0x2e,0x38,0x32,0x30,
  0x31,0x20,0x31,0x2e,0x36,0x38,0x33,0x33,0x39,0x4c,0x32,0x30,0x2e,0x39,0x33,0x39,
  0x31,0x20,0x35,0x2e,0x31,0x31,0x35,0x38,0x37,0x43,0x32,0x31,0x2e,0x31,0x35,0x31,
  0x32,0x20,0x35,0x2e,0x32,0x39,0x32,0x36,0x36,0x20,0x32,0x31,0x2e,0x31,0x37,0x39,
  0x39,0x20,0x35,0x2e,0x36,0x30,0x37,0x39,0x34,0x20,0x32,0x31,0x2e,0x30,0x30,0x33,
  0x31,0x20,0x35,0x2e,0x38,0x32,0x30,0x30,0x38,0x43,0x32,0x30,0x2e,0x39,0x30,0x38,
  0x31,0x20,0x35,0x2e,0x39,0x33,0x34,0x30,0x37,0x20,0x32,0x30,0x2e,0x37,0x36,0x37,
  0x34,0x20,0x35,0x2e,0x39,0x39,0x39,0x39,0x38,0x20,0x32,0x30,0x2e,0x36,0x31,0x39,
  0x20,0x35,0x2e,0x39,0x39,0x39,0x39,0x38,0x4c,0x36,0x20,0x35,0x2e,0x39,0x39,0x39,
  0x39,0x37,0x43,0x34,0x2e,0x38,0x39,0x35,0x34,0x33,0x20,0x35,0x2e,0x39,0x39,0x39,
  0x39,0x37,0x20,0x34,0x20,0x36,0x2e,0x38,0x39,0x35,0x34,0x20,0x34,0x20,0x37,0x2e,
  0x39,0x39,0x39,0x39,0x37,0x56,0x31,0x36,0x48,0x32,0x56,0x37,0x2e,0x39,0x39,0x39,
  0x39,0x37,0x43,0x32,0x20,0x35,0x2e,0x37,0x39,0x30,0x38,0x33,0x20,0x33,0x2e,0x37,
  0x39,0x30,0x38,0x36,0x20,0x33,0x2e,0x39,0x39,0x39,0x39,0x37,0x20,0x36,0x20,0x33,
  0x2e,0x39,0x39,0x39,0x39,0x37,0x48,0x31,0x36,0x5a,0x22,0x3e,0x3c,0x2f,0x70,0x61,
  0x74,0x68,0x3e,0x3c,0x2f,0x73,0x76,0x67,0x3e,
    // E:/010-VisonPYC/VisionPYC/VisionPYC/VisionPYC/Styles/icon/subtract-line.svg
  0x0,0x0,0x0,0x7d,
  0x3c,
  0x73,0x76,0x67,0x20,0x78,0x6d,0x6c,0x6e,0x73,0x3d,0x22,0x68,0x74,0x74,0x70,0x3a,
  0x2f,0x2f,0x77,0x77,0x77,0x2e,0x77,0x33,0x2e,0x6f,0x72,0x67,0x2f,0x32,0x30,0x30,
  0x30,0x2f,0x73,0x76,0x67,0x22,0x20,0x76,0x69,0x65,0x77,0x42,0x6f,0x78,0x3d,0x22,
  0x30,0x20,0x30,0x20,0x32,0x34,0x20,0x32,0x34,0x22,0x20,0x66,0x69,0x6c,0x6c,0x3d,
  0x22,0x72,0x67,0x62,0x61,0x28,0x30,0x2c,0x30,0x2c,0x30,0x2c,0x30,0x2e,0x36,0x38,
  0x29,0x22,0x3e,0x3c,0x70,0x61,0x74,0x68,0x20,0x64,0x3d,0x22,0x4d,0x35,0x20,0x31,
  0x31,0x56,0x31,0x33,0x48,0x31,0x39,0x56,0x31,0x31,0x48,0x35,0x5a,0x22,0x3e,0x3c,
  0x2f,0x70,0x61,0x74,0x68,0x3e,0x3c,0x2f,0x73,0x76,0x67,0x3e,
    // E:/010-VisonPYC/VisionPYC/VisionPYC/VisionPYC/Styles/icon/settings-3-line.svg
  0x0,0x0,0x9,0x8e,
  0x3c,
  0x73,0x76,0x67,0x20,0x78,0x6d,0x6c,0x6e,0x73,0x3d,0x22,0x68,0x74,0x74,0x70,0x3a,
  0x2f,0x2f,0x77,0x77,0x77,0x2e,0x77,0x33,0x2e,0x6f,0x72,0x67,0x2f,0x32,0x30,0x30,
  0x30,0x2f,0x73,0x76,0x67,0x22,0x20,0x76,0x69,0x65,0x77,0x42,0x6f,0x78,0x3d,0x22,
  0x30,0x20,0x30,0x20,0x32,0x34,0x20,0x32,0x34,0x22,0x20,0x66,0x69,0x6c,0x6c,0x3d,
  0x22,0x72,0x67,0x62,0x61,0x28,0x30,0x2c,0x30,0x2c,0x30,0x2c,0x30,0x2e,0x36,0x38,
  0x29,0x22,0x3e,0x3c,0x70,0x61,0x74,0x68,0x20,0x64,0x3d,0x22,0x4d,0x33,0x2e,0x33,
  0x33,0x39,0x34,0x36,0x20,0x31,0x37,0x2e,0x30,0x30,0x30,0x32,0x43,0x32,0x2e,0x39,
  0x30,0x37,0x32,0x31,0x20,0x31,0x36,0x2e,0x32,0x35,0x31,0x35,0x20,0x32,0x2e,0x35,
  0x38,0x32,0x37,0x37,0x20,0x31,0x35,0x2e,0x34,0x37,0x30,0x32,0x20,0x32,0x2e,0x33,
  0x36,0x31,0x33,0x33,0x20,0x31,0x34,0x2e,0x36,0x37,0x34,0x31,0x43,0x33,0x2e,0x33,
  0x33,0x33,0x38,0x20,0x31,0x34,0x2e,0x31,0x37,0x37,0x39,0x20,0x33,0x2e,0x39,0x39,
  0x39,0x37,0x32,0x20,0x31,0x33,0x2e,0x31,0x36,0x36,0x38,0x20,0x33,0x2e,0x39,0x39,
  0x39,0x37,0x32,0x20,0x31,0x32,0x2e,0x30,0x30,0x30,0x32,0x43,0x33,0x2e,0x39,0x39,
  0x39,0x37,0x32,0x20,0x31,0x30,0x2e,0x38,0x33,0x34,0x35,0x20,0x33,0x2e,0x33,0x33,
  0x34,0x38,0x20,0x39,0x2e,0x38,0x32,0x34,0x20,0x32,0x2e,0x33,0x36,0x33,0x35,0x33,
  0x20,0x39,0x2e,0x33,0x32,0x37,0x34,0x31,0x43,0x32,0x2e,0x38,0x31,0x30,0x32,0x35,
  0x20,0x37,0x2e,0x37,0x31,0x36,0x35,0x31,0x20,0x33,0x2e,0x36,0x35,0x38,0x35,0x37,
  0x20,0x36,0x2e,0x32,0x31,0x36,0x32,0x37,0x20,0x34,0x2e,0x38,0x36,0x34,0x37,0x34,
  0x20,0x34,0x2e,0x39,0x39,0x30,0x30,0x31,0x43,0x35,0x2e,0x37,0x38,0x30,0x37,0x20,
  0x35,0x2e,0x35,0x38,0x34,0x31,0x36,0x20,0x36,0x2e,0x39,0x38,0x39,0x33,0x35,0x20,
  0x35,0x2e,0x36,0x35,0x35,0x33,0x34,0x20,0x37,0x2e,0x39,0x39,0x39,0x37,0x32,0x20,
  0x35,0x2e,0x30,0x37,0x32,0x43,0x39,0x2e,0x30,0x31,0x30,0x30,0x39,0x20,0x34,0x2e,
  0x34,0x38,0x38,0x36,0x36,0x20,0x39,0x2e,0x35,0x35,0x32,0x37,0x37,0x20,0x33,0x2e,
  0x34,0x30,0x36,0x33,0x35,0x20,0x39,0x2e,0x34,0x39,0x36,0x32,0x20,0x32,0x2e,0x33,
  0x31,0x36,0x30,0x34,0x43,0x31,0x31,0x2e,0x31,0x36,0x31,0x33,0x20,0x31,0x2e,0x38,
  0x38,0x34,0x36,0x20,0x31,0x32,0x2e,0x38,0x38,0x34,0x37,0x20,0x31,0x2e,0x39,0x30,
  0x30,0x30,0x34,0x20,0x31,0x34,0x2e,0x35,0x30,0x33,0x31,0x20,0x32,0x2e,0x33,0x31,
  0x38,0x36,0x32,0x43,0x31,0x34,0x2e,0x34,0x34,0x37,0x35,0x20,0x33,0x2e,0x34,0x30,
  0x38,0x30,0x36,0x20,0x31,0x34,0x2e,0x39,0x39,0x30,0x31,0x20,0x34,0x2e,0x34,0x38,
  0x39,0x31,0x32,0x20,0x31,0x35,0x2e,0x39,0x39,0x39,0x37,0x20,0x35,0x2e,0x30,0x37,
  0x32,0x43,0x31,0x37,0x2e,0x30,0x31,0x30,0x31,0x20,0x35,0x2e,0x36,0x35,0x35,0x33,
  0x32,0x20,0x31,0x38,0x2e,0x32,0x31,0x38,0x37,0x20,0x35,0x2e,0x35,0x38,0x34,0x31,
  0x36,0x20,0x31,0x39,0x2e,0x31,0x33,0x34,0x36,0x20,0x34,0x2e,0x39,0x39,0x30,0x30,
  0x37,0x43,0x31,0x39,0x2e,0x37,0x31,0x33,0x33,0x20,0x35,0x2e,0x35,0x37,0x39,0x38,
  0x36,0x20,0x32,0x30,0x2e,0x32,0x32,0x37,0x37,0x20,0x36,0x2e,0x32,0x35,0x31,0x35,
  0x31,0x20,0x32,0x30,0x2e,0x36,0x36,0x20,0x37,0x2e,0x30,0x30,0x30,0x32,0x31,0x43,
  0x32,0x31,0x2e,0x30,0x39,0x32,0x32,0x20,0x37,0x2e,0x37,0x34,0x38,0x39,0x20,0x32,
  0x31,0x2e,0x34,0x31,0x36,0x37,0x20,0x38,0x2e,0x35,0x33,0x30,0x32,0x35,0x20,0x32,
  0x31,0x2e,0x36,0x33,0x38,0x31,0x20,0x39,0x2e,0x33,0x32,0x36,0x32,0x38,0x43,0x32,
  0x30,0x2e,0x36,0x36,0x35,0x36,0x20,0x39,0x2e,0x38,0x32,0x32,0x34,0x37,0x20,0x31,
  0x39,0x2e,0x39,0x39,0x39,0x37,0x20,0x31,0x30,0x2e,0x38,0x33,0x33,0x36,0x20,0x31,
  0x39,0x2e,0x39,0x39,0x39,0x37,0x20,0x31,0x32,0x2e,0x30,0x30,0x30,0x32,0x43,0x31,
  0x39,0x2e,0x39,0x39,0x39,0x37,0x20,0x31,0x33,0x2e,0x31,0x36,0x36,0x20,0x32,0x30,
  0x2e,0x36,0x36,0x34,0x36,0x20,0x31,0x34,0x2e,0x31,0x37,0x36,0x34,0x20,0x32,0x31,
  0x2e,0x36,0x33,0x35,0x39,0x20,0x31,0x34,0x2e,0x36,0x37,0x33,0x43,0x32,0x31,0x2e,
  0x31,0x38,0x39,0x32,0x20,0x31,0x36,0x2e,0x32,0x38,0x33,0x39,0x20,0x32,0x30,0x2e,
  0x33,0x34,0x30,0x39,0x20,0x31,0x37,0x2e,0x37,0x38,0x34,0x31,0x20,0x31,0x39,0x2e,
  0x31,0x33,0x34,0x37,0x20,0x31,0x39,0x2e,0x30,0x31,0x30,0x34,0x43,0x31,0x38,0x2e,
  0x32,0x31,0x38,0x37,0x20,0x31,0x38,0x2e,0x34,0x31,0x36,0x33,0x20,0x31,0x37,0x2e,
  0x30,0x31,0x30,0x31,0x20,0x31,0x38,0x2e,0x33,0x34,0x35,0x31,0x20,0x31,0x35,0x2e,
  0x39,0x39,0x39,0x37,0x20,0x31,0x38,0x2e,0x39,0x32,0x38,0x34,0x43,0x31,0x34,0x2e,
  0x39,0x38,0x39,0x33,0x20,0x31,0x39,0x2e,0x35,0x31,0x31,0x37,0x20,0x31,0x34,0x2e,
  0x34,0x34,0x36,0x37,0x20,0x32,0x30,0x2e,0x35,0x39,0x34,0x31,0x20,0x31,0x34,0x2e,
  0x35,0x30,0x33,0x32,0x20,0x32,0x31,0x2e,0x36,0x38,0x34,0x34,0x43,0x31,0x32,0x2e,
  0x38,0x33,0x38,0x32,0x20,0x32,0x32,0x2e,0x31,0x31,0x35,0x38,0x20,0x31,0x31,0x2e,
  0x31,0x31,0x34,0x38,0x20,0x32,0x32,0x2e,0x31,0x30,0x30,0x34,0x20,0x39,0x2e,0x34,
  0x39,0x36,0x33,0x33,0x20,0x32,0x31,0x2e,0x36,0x38,0x31,0x38,0x43,0x39,0x2e,0x35,
  0x35,0x31,0x39,0x31,0x20,0x32,0x30,0x2e,0x35,0x39,0x32,0x33,0x20,0x39,0x2e,0x30,
  0x30,0x39,0x32,0x39,0x20,0x31,0x39,0x2e,0x35,0x31,0x31,0x33,0x20,0x37,0x2e,0x39,
  0x39,0x39,0x37,0x32,0x20,0x31,0x38,0x2e,0x39,0x32,0x38,0x34,0x43,0x36,0x2e,0x39,
  0x38,0x39,0x33,0x38,0x20,0x31,0x38,0x2e,0x33,0x34,0x35,0x31,0x20,0x35,0x2e,0x37,
  0x38,0x30,0x37,0x39,0x20,0x31,0x38,0x2e,0x34,0x31,0x36,0x32,0x20,0x34,0x2e,0x38,
  0x36,0x34,0x38,0x34,0x20,0x31,0x39,0x2e,0x30,0x31,0x30,0x33,0x43,0x34,0x2e,0x32,
  0x38,0x36,0x31,0x37,0x20,0x31,0x38,0x2e,0x34,0x32,0x30,0x35,0x20,0x33,0x2e,0x37,
  0x37,0x31,0x37,0x32,0x20,0x31,0x37,0x2e,0x37,0x34,0x38,0x39,0x20,0x33,0x2e,0x33,
  0x33,0x39,0x34,0x36,0x20,0x31,0x37,0x2e,0x30,0x30,0x30,0x32,0x5a,0x4d,0x38,0x2e,
  0x39,0x39,0x39,0x37,0x32,0x20,0x31,0x37,0x2e,0x31,0x39,0x36,0x34,0x43,0x31,0x30,
  0x2e,0x30,0x39,0x31,0x31,0x20,0x31,0x37,0x2e,0x38,0x32,0x36,0x35,0x20,0x31,0x30,
  0x2e,0x38,0x37,0x34,0x39,0x20,0x31,0x38,0x2e,0x38,0x32,0x32,0x37,0x20,0x31,0x31,
  0x2e,0x32,0x35,0x30,0x33,0x20,0x31,0x39,0x2e,0x39,0x36,0x35,0x39,0x43,0x31,0x31,
  0x2e,0x37,0x34,0x38,0x36,0x20,0x32,0x30,0x2e,0x30,0x31,0x33,0x33,0x20,0x31,0x32,
  0x2e,0x32,0x35,0x30,0x32,0x20,0x32,0x30,0x2e,0x30,0x31,0x34,0x20,0x31,0x32,0x2e,
  0x37,0x34,0x38,0x36,0x20,0x31,0x39,0x2e,0x39,0x36,0x37,0x35,0x43,0x31,0x33,0x2e,
  0x31,0x32,0x33,0x38,0x20,0x31,0x38,0x2e,0x38,0x32,0x33,0x37,0x20,0x31,0x33,0x2e,
  0x39,0x30,0x37,0x38,0x20,0x31,0x37,0x2e,0x38,0x32,0x36,0x38,0x20,0x31,0x34,0x2e,
  0x39,0x39,0x39,0x37,0x20,0x31,0x37,0x2e,0x31,0x39,0x36,0x34,0x43,0x31,0x36,0x2e,
  0x30,0x39,0x31,0x36,0x20,0x31,0x36,0x2e,0x35,0x36,0x35,0x39,0x20,0x31,0x37,0x2e,
  0x33,0x34,0x37,0x20,0x31,0x36,0x2e,0x33,0x38,0x35,0x35,0x20,0x31,0x38,0x2e,0x35,
  0x32,0x35,0x32,0x20,0x31,0x36,0x2e,0x36,0x33,0x32,0x34,0x43,0x31,0x38,0x2e,0x38,
  0x31,0x34,0x36,0x20,0x31,0x36,0x2e,0x32,0x32,0x34,0x20,0x31,0x39,0x2e,0x30,0x36,
  0x34,0x38,0x20,0x31,0x35,0x2e,0x37,0x38,0x39,0x32,0x20,0x31,0x39,0x2e,0x32,0x37,
  0x32,0x39,0x20,0x31,0x35,0x2e,0x33,0x33,0x34,0x43,0x31,0x38,0x2e,0x34,0x37,0x30,
  0x36,0x20,0x31,0x34,0x2e,0x34,0x33,0x37,0x33,0x20,0x31,0x37,0x2e,0x39,0x39,0x39,
  0x37,0x20,0x31,0x33,0x2e,0x32,0x36,0x30,0x34,0x20,0x31,0x37,0x2e,0x39,0x39,0x39,
  0x37,0x20,0x31,0x32,0x2e,0x30,0x30,0x30,0x32,0x43,0x31,0x37,0x2e,0x39,0x39,0x39,
  0x37,0x20,0x31,0x30,0x2e,0x37,0x34,0x20,0x31,0x38,0x2e,0x34,0x37,0x30,0x36,0x20,
  0x39,0x2e,0x35,0x36,0x33,0x32,0x20,0x31,0x39,0x2e,0x32,0x37,0x32,0x39,0x20,0x38,
  0x2e,0x36,0x36,0x36,0x35,0x43,0x31,0x39,0x2e,0x31,0x36,0x38,0x38,0x20,0x38,0x2e,
  0x34,0x34,0x30,0x35,0x20,0x31,0x39,0x2e,0x30,0x35,0x33,0x38,0x20,0x38,0x2e,0x32,
  0x31,0x38,0x32,0x32,0x20,0x31,0x38,0x2e,0x39,0x32,0x37,0x39,0x20,0x38,0x2e,0x30,
  0x30,0x30,0x32,0x31,0x43,0x31,0x38,0x2e,0x38,0x30,0x32,0x20,0x37,0x2e,0x37,0x38,
  0x32,0x31,0x39,0x20,0x31,0x38,0x2e,0x36,0x36,0x37,0x20,0x37,0x2e,0x35,0x37,0x31,
  0x34,0x38,0x20,0x31,0x38,0x2e,0x35,0x32,0x33,0x33,0x20,0x37,0x2e,0x33,0x36,0x38,
  0x34,0x32,0x43,0x31,0x37,0x2e,0x33,0x34,0x35,0x37,0x20,0x37,0x2e,0x36,0x31,0x34,
  0x37,0x36,0x20,0x31,0x36,0x2e,0x30,0x39,0x31,0x31,0x20,0x37,0x2e,0x34,0x33,0x34,
  0x31,0x34,0x20,0x31,0x34,0x2e,0x39,0x39,0x39,0x37,0x20,0x36,0x2e,0x38,0x30,0x34,
  0x30,0x35,0x43,0x31,0x33,0x2e,0x39,0x30,0x38,0x33,0x20,0x36,0x2e,0x31,0x37,0x33,
  0x39,0x35,0x20,0x31,0x33,0x2e,0x31,0x32,0x34,0x36,0x20,0x35,0x2e,0x31,0x37,0x37,
  0x36,0x38,0x20,0x31,0x32,0x2e,0x37,0x34,0x39,0x31,0x20,0x34,0x2e,0x30,0x33,0x34,
  0x35,0x35,0x43,0x31,0x32,0x2e,0x32,0x35,0x30,0x39,0x20,0x33,0x2e,0x39,0x38,0x37,
  0x31,0x34,0x20,0x31,0x31,0x2e,0x37,0x34,0x39,0x32,0x20,0x33,0x2e,0x39,0x38,0x36,
  0x34,0x36,0x20,0x31,0x31,0x2e,0x32,0x35,0x30,0x39,0x20,0x34,0x2e,0x30,0x33,0x32,
  0x39,0x32,0x43,0x31,0x30,0x2e,0x38,0x37,0x35,0x36,0x20,0x35,0x2e,0x31,0x37,0x36,
  0x37,0x31,0x20,0x31,0x30,0x2e,0x30,0x39,0x31,0x36,0x20,0x36,0x2e,0x31,0x37,0x33,
  0x36,0x34,0x20,0x38,0x2e,0x39,0x39,0x39,0x37,0x32,0x20,0x36,0x2e,0x38,0x30,0x34,
  0x30,0x35,0x43,0x37,0x2e,0x39,0x30,0x37,0x38,0x20,0x37,0x2e,0x34,0x33,0x34,0x34,
  0x37,0x20,0x36,0x2e,0x36,0x35,0x32,0x34,0x35,0x20,0x37,0x2e,0x36,0x31,0x34,0x39,
  0x34,0x20,0x35,0x2e,0x34,0x37,0x34,0x32,0x38,0x20,0x37,0x2e,0x33,0x36,0x38,0x30,
  0x33,0x43,0x35,0x2e,0x31,0x38,0x34,0x38,0x35,0x20,0x37,0x2e,0x37,0x37,0x36,0x34,
  0x31,0x20,0x34,0x2e,0x39,0x33,0x34,0x36,0x33,0x20,0x38,0x2e,0x32,0x31,0x31,0x31,
  0x37,0x20,0x34,0x2e,0x37,0x32,0x36,0x35,0x36,0x20,0x38,0x2e,0x36,0x36,0x36,0x33,
  0x37,0x43,0x35,0x2e,0x35,0x32,0x38,0x38,0x31,0x20,0x39,0x2e,0x35,0x36,0x33,0x31,
  0x31,0x20,0x35,0x2e,0x39,0x39,0x39,0x37,0x32,0x20,0x31,0x30,0x2e,0x37,0x34,0x20,
  0x35,0x2e,0x39,0x39,0x39,0x37,0x32,0x20,0x31,0x32,0x2e,0x30,0x30,0x30,0x32,0x43,
  0x35,0x2e,0x39,0x39,0x39,0x37,0x32,0x20,0x31,0x33,0x2e,0x32,0x36,0x30,0x34,0x20,
  0x35,0x2e,0x35,0x32,0x38,0x38,0x33,0x20,0x31,0x34,0x2e,0x34,0x33,0x37,0x32,0x20,
  0x34,0x2e,0x37,0x32,0x36,0x35,0x36,0x20,0x31,0x35,0x2e,0x33,0x33,0x33,0x39,0x43,
  0x34,0x2e,0x38,0x33,0x30,0x36,0x37,0x20,0x31,0x35,0x2e,0x35,0x35,0x39,0x39,0x20,
  0x34,0x2e,0x39,0x34,0x35,0x36,0x34,0x20,0x31,0x35,0x2e,0x37,0x38,0x32,0x32,0x20,
  0x35,0x2e,0x30,0x37,0x31,0x35,0x32,0x20,0x31,0x36,0x2e,0x30,0x30,0x30,0x32,0x43,
  0x35,0x2e,0x31,0x39,0x37,0x33,0x39,0x20,0x31,0x36,0x2e,0x32,0x31,0x38,0x32,0x20,
  0x35,0x2e,0x33,0x33,0x32,0x34,0x20,0x31,0x36,0x2e,0x34,0x32,0x38,0x39,0x20,0x35,
  0x2e,0x34,0x37,0x36,0x31,0x32,0x20,0x31,0x36,0x2e,0x36,0x33,0x32,0x43,0x36,0x2e,
  0x36,0x35,0x33,0x37,0x37,0x20,0x31,0x36,0x2e,0x33,0x38,0x35,0x37,0x20,0x37,0x2e,
  0x39,0x30,0x38,0x33,0x38,0x20,0x31,0x36,0x2e,0x35,0x36,0x36,0x33,0x20,0x38,0x2e,
  0x39,0x39,0x39,0x37,0x32,0x20,0x31,0x37,0x2e,0x31,0x39,0x36,0x34,0x5a,0x4d,0x31,
  0x31,0x2e,0x39,0x39,0x39,0x37,0x20,0x31,0x35,0x2e,0x30,0x30,0x30,0x32,0x43,0x31,
  0x30,0x2e,0x33,0x34,0x32,0x39,0x20,0x31,0x35,0x2e,0x30,0x30,0x30,0x32,0x20,0x38,
  0x2e,0x39,0x39,0x39,0x37,0x32,0x20,0x31,0x33,0x2e,0x36,0x35,0x37,0x31,0x20,0x38,
  0x2e,0x39,0x39,0x39,0x37,0x32,0x20,0x31,0x32,0x2e,0x30,0x30,0x30,0x32,0x43,0x38,
  0x2e,0x39,0x39,0x39,0x37,0x32,0x20,0x31,0x30,0x2e,0x33,0x34,0x33,0x34,0x20,0x31,
  0x30,0x2e,0x33,0x34,0x32,0x39,0x20,0x39,0x2e,0x30,0x30,0x30,0x32,0x31,0x20,0x31,
  0x31,0x2e,0x39,0x39,0x39,0x37,0x20,0x39,0x2e,0x30,0x30,0x30,0x32,0x31,0x43,0x31,
  0x33,0x2e,0x36,0x35,0x36,0x36,0x20,0x39,0x2e,0x30,0x30,0x30,0x32,0x31,0x20,0x31,
  0x34,0x2e,0x39,0x39,0x39,0x37,0x20,0x31,0x30,0x2e,0x33,0x34,0x33,0x34,0x20,0x31,
  0x34,0x2e,0x39,0x39,0x39,0x37,0x20,0x31,0x32,0x2e,0x30,0x30,0x30,0x32,0x43,0x31,
  0x34,0x2e,0x39,0x39,0x39,0x37,0x20,0x31,0x33,0x2e,0x36,0x35,0x37,0x31,0x20,0x31,
  0x33,0x2e,0x36,0x35,0x36,0x36,0x20,0x31,0x35,0x2e,0x30,0x30,0x30,0x32,0x20,0x31,
  0x31,0x2e,0x39,0x39,0x39,0x37,0x20,0x31,0x35,0x2e,0x30,0x30,0x30,0x32,0x5a,0x4d,
  0x31,0x31,0x2e,0x39,0x39,0x39,0x37,0x20,0x31,0x33,0x2e,0x30,0x30,0x30,0x32,0x43,
  0x31,0x32,0x2e,0x35,0x35,0x32,0x20,0x31,0x33,0x2e,0x30,0x30,0x30,0x32,0x20,0x31,
  0x32,0x2e,0x39,0x39,0x39,0x37,0x20,0x31,0x32,0x2e,0x35,0x35,0x32,0x35,0x20,0x31,
  0x32,0x2e,0x39,0x39,0x39,0x37,0x20,0x31,0x32,0x2e,0x30,0x30,0x30,0x32,0x43,0x31,
  0x32,0x2e,0x39,0x39,0x39,0x37,0x20,0x31,0x31,0x2e,0x34,0x34,0x37,0x39,0x20,0x31,
  0x32,0x2e,0x35,0x35,0x32,0x20,0x31,0x31,0x2e,0x30,0x30,0x30,0x32,0x20,0x31,0x31,
  0x2e,0x39,0x39,0x39,0x37,0x20,0x31,0x31,0x2e,0x30,0x30,0x30,0x32,0x43,0x31,0x31,
  0x2e,0x34,0x34,0x37,0x34,0x20,0x31,0x31,0x2e,0x30,0x30,0x30,0x32,0x20,0x31,0x30,
  0x2e,0x39,0x39,0x39,0x37,0x20,0x31,0x31,0x2e,0x34,0x34,0x37,0x39,0x20,0x31,0x30,
  0x2e,0x39,0x39,0x39,0x37,0x20,0x31,0x32,0x2e,0x30,0x30,0x30,0x32,0x43,0x31,0x30,
  0x2e,0x39,0x39,0x39,0x37,0x20,0x31,0x32,0x2e,0x35,0x35,0x32,0x35,0x20,0x31,0x31,
  0x2e,0x34,0x34,0x37,0x34,0x20,0x31,0x33,0x2e,0x30,0x30,0x30,0x32,0x20,0x31,0x31,
  0x2e,0x39,0x39,0x39,0x37,0x20,0x31,0x33,0x2e,0x30,0x30,0x30,0x32,0x5a,0x22,0x3e,
  0x3c,0x2f,0x70,0x61,0x74,0x68,0x3e,0x3c,0x2f,0x73,0x76,0x67,0x3e,
    // E:/010-VisonPYC/VisionPYC/VisionPYC/VisionPYC/Styles/icon/arrow-go-back-line.svg
  0x0,0x0,0x1,0x86,
  0x3c,
  0x73,0x76,0x67,0x20,0x78,0x6d,0x6c,0x6e,0x73,0x3d,0x22,0x68,0x74,0x74,0x70,0x3a,
  0x2f,0x2f,0x77,0x77,0x77,0x2e,0x77,0x33,0x2e,0x6f,0x72,0x67,0x2f,0x32,0x30,0x30,
  0x30,0x2f,0x73,0x76,0x67,0x22,0x20,0x76,0x69,0x65,0x77,0x42,0x6f,0x78,0x3d,0x22,
  0x30,0x20,0x30,0x20,0x32,0x34,0x20,0x32,0x34,0x22,0x20,0x66,0x69,0x6c,0x6c,0x3d,
  0x22,0x72,0x67,0x62,0x61,0x28,0x30,0x2c,0x30,0x2c,0x30,0x2c,0x30,0x2e,0x36,0x38,
  0x29,0x22,0x3e,0x3c,0x70,0x61,0x74,0x68,0x20,0x64,0x3d,0x22,0x4d,0x35,0x2e,0x38,
  0x32,0x38,0x34,0x33,0x20,0x36,0x2e,0x39,0x39,0x39,0x35,0x35,0x4c,0x38,0x2e,0x33,
  0x36,0x33,0x39,0x36,0x20,0x39,0x2e,0x35,0x33,0x35,0x30,0x39,0x4c,0x36,0x2e,0x39,
  0x34,0x39,0x37,0x35,0x20,0x31,0x30,0x2e,0x39,0x34,0x39,0x33,0x4c,0x32,0x20,0x35,
  0x2e,0x39,0x39,0x39,0x35,0x35,0x4c,0x36,0x2e,0x39,0x34,0x39,0x37,0x35,0x20,0x31,
  0x2e,0x30,0x34,0x39,0x38,0x4c,0x38,0x2e,0x33,0x36,0x33,0x39,0x36,0x20,0x32,0x2e,
  0x34,0x36,0x34,0x30,0x32,0x4c,0x35,0x2e,0x38,0x32,0x38,0x34,0x33,0x20,0x34,0x2e,
  0x39,0x39,0x39,0x35,0x35,0x48,0x31,0x33,0x43,0x31,0x37,0x2e,0x34,0x31,0x38,0x33,
  0x20,0x34,0x2e,0x39,0x39,0x39,0x35,0x35,0x20,0x32,0x31,0x20,0x38,0x2e,0x35,0x38,
  0x31,0x32,0x37,0x20,0x32,0x31,0x20,0x31,0x32,0x2e,0x39,0x39,0x39,0x36,0x43,0x32,
  0x31,0x20,0x31,0x37,0x2e,0x34,0x31,0x37,0x38,0x20,0x31,0x37,0x2e,0x34,0x31,0x38,
  0x33,0x20,0x32,0x30,0x2e,0x39,0x39,0x39,0x36,0x20,0x31,0x33,0x20,0x32,0x30,0x2e,
  0x39,0x39,0x39,0x36,0x48,0x34,0x56,0x31,0x38,0x2e,0x39,0x39,0x39,0x36,0x48,0x31,
  0x33,0x43,0x31,0x36,0x2e,0x33,0x31,0x33,0x37,0x20,0x31,0x38,0x2e,0x39,0x39,0x39,
  0x36,0x20,0x31,0x39,0x20,0x31,0x36,0x2e,0x33,0x31,0x33,0x33,0x20,0x31,0x39,0x20,
  0x31,0x32,0x2e,0x39,0x39,0x39,0x36,0x43,0x31,0x39,0x20,0x39,0x2e,0x36,0x38,0x35,
  0x38,0x34,0x20,0x31,0x36,0x2e,0x33,0x31,0x33,0x37,0x20,0x36,0x2e,0x39,0x39,0x39,
  0x35,0x35,0x20,0x31,0x33,0x20,0x36,0x2e,0x39,0x39,0x39,0x35,0x35,0x48,0x35,0x2e,
  0x38,0x32,0x38,0x34,0x33,0x5a,0x22,0x3e,0x3c,0x2f,0x70,0x61,0x74,0x68,0x3e,0x3c,
  0x2f,0x73,0x76,0x67,0x3e,
    // E:/010-VisonPYC/VisionPYC/VisionPYC/VisionPYC/Styles/icon/progress-2-line.svg
  0x0,0x0,0x1,0x74,
  0x3c,
  0x73,0x76,0x67,0x20,0x78,0x6d,0x6c,0x6e,0x73,0x3d,0x22,0x68,0x74,0x74,0x70,0x3a,
  0x2f,0x2f,0x77,0x77,0x77,0x2e,0x77,0x33,0x2e,0x6f,0x72,0x67,0x2f,0x32,0x30,0x30,
  0x30,0x2f,0x73,0x76,0x67,0x22,0x20,0x76,0x69,0x65,0x77,0x42,0x6f,0x78,0x3d,0x22,
  0x30,0x20,0x30,0x20,0x32,0x34,0x20,0x32,0x34,0x22,0x20,0x66,0x69,0x6c,0x6c,0x3d,
  0x22,0x72,0x67,0x62,0x61,0x28,0x30,0x2c,0x30,0x2c,0x30,0x2c,0x30,0x2e,0x36,0x38,
  0x29,0x22,0x3e,0x3c,0x70,0x61,0x74,0x68,0x20,0x64,0x3d,0x22,0x4d,0x32,0x20,0x31,
  0x32,0x43,0x32,0x20,0x31,0x37,0x2e,0x35,0x32,0x32,0x38,0x20,0x36,0x2e,0x34,0x37,
  0x37,0x31,0x35,0x20,0x32,0x32,0x20,0x31,0x32,0x20,0x32,0x32,0x43,0x31,0x37,0x2e,
  0x35,0x32,0x32,0x38,0x20,0x32,0x32,0x20,0x32,0x32,0x20,0x31,0x37,0x2e,0x35,0x32,
  0x32,0x38,0x20,0x32,0x32,0x20,0x31,0x32,0x43,0x32,0x32,0x20,0x36,0x2e,0x34,0x37,
  0x37,0x31,0x35,0x20,0x31,0x37,0x2e,0x35,0x32,0x32,0x38,0x20,0x32,0x20,0x31,0x32,
  0x20,0x32,0x43,0x36,0x2e,0x34,0x37,0x37,0x31,0x35,0x20,0x32,0x20,0x32,0x20,0x36,
  0x2e,0x34,0x37,0x37,0x31,0x35,0x20,0x32,0x20,0x31,0x32,0x5a,0x4d,0x32,0x30,0x20,
  0x31,0x32,0x43,0x32,0x30,0x20,0x31,0x36,0x2e,0x34,0x31,0x38,0x33,0x20,0x31,0x36,
  0x2e,0x34,0x31,0x38,0x33,0x20,0x32,0x30,0x20,0x31,0x32,0x20,0x32,0x30,0x43,0x37,
  0x2e,0x35,0x38,0x31,0x37,0x32,0x20,0x32,0x30,0x20,0x34,0x20,0x31,0x36,0x2e,0x34,
  0x31,0x38,0x33,0x20,0x34,0x20,0x31,0x32,0x43,0x34,0x20,0x37,0x2e,0x35,0x38,0x31,
  0x37,0x32,0x20,0x37,0x2e,0x35,0x38,0x31,0x37,0x32,0x20,0x34,0x20,0x31,0x32,0x20,
  0x34,0x43,0x31,0x36,0x2e,0x34,0x31,0x38,0x33,0x20,0x34,0x20,0x32,0x30,0x20,0x37,
  0x2e,0x35,0x38,0x31,0x37,0x32,0x20,0x32,0x30,0x20,0x31,0x32,0x5a,0x4d,0x31,0x32,
  0x20,0x31,0x32,0x56,0x36,0x43,0x31,0x35,0x2e,0x33,0x31,0x33,0x37,0x20,0x36,0x20,
  0x31,0x38,0x20,0x38,0x2e,0x36,0x38,0x36,0x32,0x39,0x20,0x31,0x38,0x20,0x31,0x32,
  0x48,0x31,0x32,0x5a,0x22,0x3e,0x3c,0x2f,0x70,0x61,0x74,0x68,0x3e,0x3c,0x2f,0x73,
  0x76,0x67,0x3e,
    // E:/010-VisonPYC/VisionPYC/VisionPYC/VisionPYC/Styles/icon/filter-off-line.svg
  0x0,0x0,0x1,0xc3,
  0x3c,
  0x73,0x76,0x67,0x20,0x78,0x6d,0x6c,0x6e,0x73,0x3d,0x22,0x68,0x74,0x74,0x70,0x3a,
  0x2f,0x2f,0x77,0x77,0x77,0x2e,0x77,0x33,0x2e,0x6f,0x72,0x67,0x2f,0x32,0x30,0x30,
  0x30,0x2f,0x73,0x76,0x67,0x22,0x20,0x76,0x69,0x65,0x77,0x42,0x6f,0x78,0x3d,0x22,
  0x30,0x20,0x30,0x20,0x32,0x34,0x20,0x32,0x34,0x22,0x20,0x66,0x69,0x6c,0x6c,0x3d,
  0x22,0x72,0x67,0x62,0x61,0x28,0x30,0x2c,0x30,0x2c,0x30,0x2c,0x30,0x2e,0x36,0x38,
  0x29,0x22,0x3e,0x3c,0x70,0x61,0x74,0x68,0x20,0x64,0x3d,0x22,0x4d,0x36,0x2e,0x39,
  0x32,0x38,0x39,0x33,0x20,0x30,0x2e,0x35,0x31,0x34,0x36,0x34,0x38,0x4c,0x32,0x31,
  0x2e,0x30,0x37,0x31,0x31,0x20,0x31,0x34,0x2e,0x36,0x35,0x36,0x38,0x4c,0x31,0x39,
  0x2e,0x36,0x35,0x36,0x39,0x20,0x31,0x36,0x2e,0x30,0x37,0x31,0x4c,0x31,0x35,0x2e,
  0x38,0x33,0x34,0x20,0x31,0x32,0x2e,0x32,0x34,0x38,0x36,0x4c,0x31,0x35,0x20,0x31,
  0x33,0x2e,0x34,0x39,0x39,0x39,0x56,0x32,0x31,0x2e,0x39,0x39,0x39,0x39,0x48,0x39,
  0x56,0x31,0x33,0x2e,0x34,0x39,0x39,0x39,0x4c,0x34,0x20,0x35,0x2e,0x39,0x39,0x39,
  0x39,0x33,0x48,0x33,0x56,0x33,0x2e,0x39,0x39,0x39,0x39,0x33,0x4c,0x37,0x2e,0x35,
  0x38,0x35,0x20,0x33,0x2e,0x39,0x39,0x39,0x36,0x35,0x4c,0x35,0x2e,0x35,0x31,0x34,
  0x37,0x32,0x20,0x31,0x2e,0x39,0x32,0x38,0x38,0x36,0x4c,0x36,0x2e,0x39,0x32,0x38,
  0x39,0x33,0x20,0x30,0x2e,0x35,0x31,0x34,0x36,0x34,0x38,0x5a,0x4d,0x39,0x2e,0x35,
  0x38,0x35,0x20,0x35,0x2e,0x39,0x39,0x39,0x36,0x35,0x4c,0x36,0x2e,0x34,0x30,0x33,
  0x37,0x20,0x35,0x2e,0x39,0x39,0x39,0x39,0x33,0x4c,0x31,0x31,0x20,0x31,0x32,0x2e,
  0x38,0x39,0x34,0x34,0x56,0x31,0x39,0x2e,0x39,0x39,0x39,0x39,0x48,0x31,0x33,0x56,
  0x31,0x32,0x2e,0x38,0x39,0x34,0x34,0x4c,0x31,0x34,0x2e,0x33,0x39,0x32,0x20,0x31,
  0x30,0x2e,0x38,0x30,0x36,0x36,0x4c,0x39,0x2e,0x35,0x38,0x35,0x20,0x35,0x2e,0x39,
  0x39,0x39,0x36,0x35,0x5a,0x4d,0x32,0x31,0x20,0x33,0x2e,0x39,0x39,0x39,0x39,0x33,
  0x56,0x35,0x2e,0x39,0x39,0x39,0x39,0x33,0x48,0x32,0x30,0x4c,0x31,0x38,0x2e,0x30,
  0x38,0x35,0x20,0x38,0x2e,0x38,0x37,0x31,0x39,0x33,0x4c,0x31,0x36,0x2e,0x36,0x34,
  0x33,0x20,0x37,0x2e,0x34,0x32,0x38,0x39,0x33,0x4c,0x31,0x37,0x2e,0x35,0x39,0x36,
  0x33,0x20,0x35,0x2e,0x39,0x39,0x39,0x39,0x33,0x48,0x31,0x35,0x2e,0x32,0x31,0x33,
  0x4c,0x31,0x33,0x2e,0x32,0x31,0x33,0x20,0x33,0x2e,0x39,0x39,0x39,0x39,0x33,0x48,
  0x32,0x31,0x5a,0x22,0x3e,0x3c,0x2f,0x70,0x61,0x74,0x68,0x3e,0x3c,0x2f,0x73,0x76,
  0x67,0x3e,
    // E:/010-VisonPYC/VisionPYC/VisionPYC/VisionPYC/Styles/icon/progress-4-line.svg
  0x0,0x0,0x1,0x8d,
  0x3c,
  0x73,0x76,0x67,0x20,0x78,0x6d,0x6c,0x6e,0x73,0x3d,0x22,0x68,0x74,0x74,0x70,0x3a,
  0x2f,0x2f,0x77,0x77,0x77,0x2e,0x77,0x33,0x2e,0x6f,0x72,0x67,0x2f,0x32,0x30,0x30,
  0x30,0x2f,0x73,0x76,0x67,0x22,0x20,0x76,0x69,0x65,0x77,0x42,0x6f,0x78,0x3d,0x22,
  0x30,0x20,0x30,0x20,0x32,0x34,0x20,0x32,0x34,0x22,0x20,0x66,0x69,0x6c,0x6c,0x3d,
  0x22,0x72,0x67,0x62,0x61,0x28,0x30,0x2c,0x30,0x2c,0x30,0x2c,0x30,0x2e,0x36,0x38,
  0x29,0x22,0x3e,0x3c,0x70,0x61,0x74,0x68,0x20,0x64,0x3d,0x22,0x4d,0x32,0x20,0x31,
  0x32,0x43,0x32,0x20,0x31,0x37,0x2e,0x35,0x32,0x32,0x38,0x20,0x36,0x2e,0x34,0x37,
  0x37,0x31,0x35,0x20,0x32,0x32,0x20,0x31,0x32,0x20,0x32,0x32,0x43,0x31,0x37,0x2e,
  0x35,0x32,0x32,0x38,0x20,0x32,0x32,0x20,0x32,0x32,0x20,0x31,0x37,0x2e,0x35,0x32,
  0x32,0x38,0x20,0x32,0x32,0x20,0x31,0x32,0x43,0x32,0x32,0x20,0x36,0x2e,0x34,0x37,
  0x37,0x31,0x35,0x20,0x31,0x37,0x2e,0x35,0x32,0x32,0x38,0x20,0x32,0x20,0x31,0x32,
  0x20,0x32,0x43,0x36,0x2e,0x34,0x37,0x37,0x31,0x35,0x20,0x32,0x20,0x32,0x20,0x36,
  0x2e,0x34,0x37,0x37,0x31,0x35,0x20,0x32,0x20,0x31,0x32,0x5a,0x4d,0x32,0x30,0x20,
  0x31,0x32,0x43,0x32,0x30,0x20,0x31,0x36,0x2e,0x34,0x31,0x38,0x33,0x20,0x31,0x36,
  0x2e,0x34,0x31,0x38,0x33,0x20,0x32,0x30,0x20,0x31,0x32,0x20,0x32,0x30,0x43,0x37,
  0x2e,0x35,0x38,0x31,0x37,0x32,0x20,0x32,0x30,0x20,0x34,0x20,0x31,0x36,0x2e,0x34,
  0x31,0x38,0x33,0x20,0x34,0x20,0x31,0x32,0x43,0x34,0x20,0x37,0x2e,0x35,0x38,0x31,
  0x37,0x32,0x20,0x37,0x2e,0x35,0x38,0x31,0x37,0x32,0x20,0x34,0x20,0x31,0x32,0x20,
  0x34,0x43,0x31,0x36,0x2e,0x34,0x31,0x38,0x33,0x20,0x34,0x20,0x32,0x30,0x20,0x37,
  0x2e,0x35,0x38,0x31,0x37,0x32,0x20,0x32,0x30,0x20,0x31,0x32,0x5a,0x4d,0x31,0x38,
  0x20,0x31,0x32,0x43,0x31,0x38,0x20,0x31,0x35,0x2e,0x33,0x31,0x33,0x37,0x20,0x31,
  0x35,0x2e,0x33,0x31,0x33,0x37,0x20,0x31,0x38,0x20,0x31,0x32,0x20,0x31,0x38,0x56,
  0x36,0x43,0x31,0x35,0x2e,0x33,0x31,0x33,0x37,0x20,0x36,0x20,0x31,0x38,0x20,0x38,
  0x2e,0x36,0x38,0x36,0x32,0x39,0x20,0x31,0x38,0x20,0x31,0x32,0x5a,0x22,0x3e,0x3c,
  0x2f,0x70,0x61,0x74,0x68,0x3e,0x3c,0x2f,0x73,0x76,0x67,0x3e,
    // E:/010-VisonPYC/VisionPYC/VisionPYC/VisionPYC/Styles/icon/toggle-line.svg
  0x0,0x0,0x1,0xbc,
  0x3c,
  0x73,0x76,0x67,0x20,0x78,0x6d,0x6c,0x6e,0x73,0x3d,0x22,0x68,0x74,0x74,0x70,0x3a,
  0x2f,0x2f,0x77,0x77,0x77,0x2e,0x77,0x33,0x2e,0x6f,0x72,0x67,0x2f,0x32,0x30,0x30,
  0x30,0x2f,0x73,0x76,0x67,0x22,0x20,0x76,0x69,0x65,0x77,0x42,0x6f,0x78,0x3d,0x22,
  0x30,0x20,0x30,0x20,0x32,0x34,0x20,0x32,0x34,0x22,0x20,0x66,0x69,0x6c,0x6c,0x3d,
  0x22,0x72,0x67,0x62,0x61,0x28,0x30,0x2c,0x30,0x2c,0x30,0x2c,0x30,0x2e,0x36,0x38,
  0x29,0x22,0x3e,0x3c,0x70,0x61,0x74,0x68,0x20,0x64,0x3d,0x22,0x4d,0x38,0x20,0x37,
  0x43,0x35,0x2e,0x32,0x33,0x38,0x35,0x38,0x20,0x37,0x20,0x33,0x20,0x39,0x2e,0x32,
  0x33,0x38,0x35,0x38,0x20,0x33,0x20,0x31,0x32,0x43,0x33,0x20,0x31,0x34,0x2e,0x37,
  0x36,0x31,0x34,0x20,0x35,0x2e,0x32,0x33,0x38,0x35,0x38,0x20,0x31,0x37,0x20,0x38,
  0x20,0x31,0x37,0x48,0x31,0x36,0x43,0x31,0x38,0x2e,0x37,0x36,0x31,0x34,0x20,0x31,
  0x37,0x20,0x32,0x31,0x20,0x31,0x34,0x2e,0x37,0x36,0x31,0x34,0x20,0x32,0x31,0x20,
  0x31,0x32,0x43,0x32,0x31,0x20,0x39,0x2e,0x32,0x33,0x38,0x35,0x38,0x20,0x31,0x38,
  0x2e,0x37,0x36,0x31,0x34,0x20,0x37,0x20,0x31,0x36,0x20,0x37,0x48,0x38,0x5a,0x4d,
  0x38,0x20,0x35,0x48,0x31,0x36,0x43,0x31,0x39,0x2e,0x38,0x36,0x36,0x20,0x35,0x20,
  0x32,0x33,0x20,0x38,0x2e,0x31,0x33,0x34,0x30,0x31,0x20,0x32,0x33,0x20,0x31,0x32,
  0x43,0x32,0x33,0x20,0x31,0x35,0x2e,0x38,0x36,0x36,0x20,0x31,0x39,0x2e,0x38,0x36,
  0x36,0x20,0x31,0x39,0x20,0x31,0x36,0x20,0x31,0x39,0x48,0x38,0x43,0x34,0x2e,0x31,
  0x33,0x34,0x30,0x31,0x20,0x31,0x39,0x20,0x31,0x20,0x31,0x35,0x2e,0x38,0x36,0x36,
  0x20,0x31,0x20,0x31,0x32,0x43,0x31,0x20,0x38,0x2e,0x31,0x33,0x34,0x30,0x31,0x20,
  0x34,0x2e,0x31,0x33,0x34,0x30,0x31,0x20,0x35,0x20,0x38,0x20,0x35,0x5a,0x4d,0x38,
  0x20,0x31,0x35,0x43,0x36,0x2e,0x33,0x34,0x33,0x31,0x35,0x20,0x31,0x35,0x20,0x35,
  0x20,0x31,0x33,0x2e,0x36,0x35,0x36,0x39,0x20,0x35,0x20,0x31,0x32,0x43,0x35,0x20,
  0x31,0x30,0x2e,0x33,0x34,0x33,0x31,0x20,0x36,0x2e,0x33,0x34,0x33,0x31,0x35,0x20,
  0x39,0x20,0x38,0x20,0x39,0x43,0x39,0x2e,0x36,0x35,0x36,0x38,0x35,0x20,0x39,0x20,
  0x31,0x31,0x20,0x31,0x30,0x2e,0x33,0x34,0x33,0x31,0x20,0x31,0x31,0x20,0x31,0x32,
  0x43,0x31,0x31,0x20,0x31,0x33,0x2e,0x36,0x35,0x36,0x39,0x20,0x39,0x2e,0x36,0x35,
  0x36,0x38,0x35,0x20,0x31,0x35,0x20,0x38,0x20,0x31,0x35,0x5a,0x22,0x3e,0x3c,0x2f,
  0x70,0x61,0x74,0x68,0x3e,0x3c,0x2f,0x73,0x76,0x67,0x3e,
    // E:/010-VisonPYC/VisionPYC/VisionPYC/VisionPYC/Styles/icon/folder-3-fill.svg
  0x0,0x0,0x1,0x5,
  0x3c,
  0x73,0x76,0x67,0x20,0x78,0x6d,0x6c,0x6e,0x73,0x3d,0x22,0x68,0x74,0x74,0x70,0x3a,
  0x2f,0x2f,0x77,0x77,0x77,0x2e,0x77,0x33,0x2e,0x6f,0x72,0x67,0x2f,0x32,0x30,0x30,
  0x30,0x2f,0x73,0x76,0x67,0x22,0x20,0x76,0x69,0x65,0x77,0x42,0x6f,0x78,0x3d,0x22,
  0x30,0x20,0x30,0x20,0x32,0x34,0x20,0x32,0x34,0x22,0x20,0x66,0x69,0x6c,0x6c,0x3d,
  0x22,0x72,0x67,0x62,0x61,0x28,0x30,0x2c,0x30,0x2c,0x30,0x2c,0x30,0x2e,0x36,0x38,
  0x29,0x22,0x3e,0x3c,0x70,0x61,0x74,0x68,0x20,0x64,0x3d,0x22,0x4d,0x32,0x32,0x20,
  0x38,0x56,0x32,0x30,0x43,0x32,0x32,0x20,0x32,0x30,0x2e,0x35,0x35,0x32,0x33,0x20,
  0x32,0x31,0x2e,0x35,0x35,0x32,0x33,0x20,0x32,0x31,0x20,0x32,0x31,0x20,0x32,0x31,
  0x48,0x33,0x43,0x32,0x2e,0x34,0x34,0x37,0x37,0x32,0x20,0x32,0x31,0x20,0x32,0x20,
  0x32,0x30,0x2e,0x35,0x35,0x32,0x33,0x20,0x32,0x20,0x32,0x30,0x56,0x37,0x48,0x32,
  0x31,0x43,0x32,0x31,0x2e,0x35,0x35,0x32,0x33,0x20,0x37,0x20,0x32,0x32,0x20,0x37,
  0x2e,0x34,0x34,0x37,0x37,0x32,0x20,0x32,0x32,0x20,0x38,0x5a,0x4d,0x31,0x32,0x2e,
  0x34,0x31,0x34,0x32,0x20,0x35,0x48,0x32,0x56,0x34,0x43,0x32,0x20,0x33,0x2e,0x34,
  0x34,0x37,0x37,0x32,0x20,0x32,0x2e,0x34,0x34,0x37,0x37,0x32,0x20,0x33,0x20,0x33,
  0x20,0x33,0x48,0x31,0x30,0x2e,0x34,0x31,0x34,0x32,0x4c,0x31,0x32,0x2e,0x34,0x31,
  0x34,0x32,0x20,0x35,0x5a,0x22,0x3e,0x3c,0x2f,0x70,0x61,0x74,0x68,0x3e,0x3c,0x2f,
  0x73,0x76,0x67,0x3e,
    // E:/010-VisonPYC/VisionPYC/VisionPYC/VisionPYC/Styles/icon/repeat-2-fill.svg
  0x0,0x0,0x2,0x8b,
  0x3c,
  0x73,0x76,0x67,0x20,0x78,0x6d,0x6c,0x6e,0x73,0x3d,0x22,0x68,0x74,0x74,0x70,0x3a,
  0x2f,0x2f,0x77,0x77,0x77,0x2e,0x77,0x33,0x2e,0x6f,0x72,0x67,0x2f,0x32,0x30,0x30,
  0x30,0x2f,0x73,0x76,0x67,0x22,0x20,0x76,0x69,0x65,0x77,0x42,0x6f,0x78,0x3d,0x22,
  0x30,0x20,0x30,0x20,0x32,0x34,0x20,0x32,0x34,0x22,0x20,0x66,0x69,0x6c,0x6c,0x3d,
  0x22,0x72,0x67,0x62,0x61,0x28,0x30,0x2c,0x30,0x2c,0x30,0x2c,0x30,0x2e,0x36,0x38,
  0x29,0x22,0x3e,0x3c,0x70,0x61,0x74,0x68,0x20,0x64,0x3d,0x22,0x4d,0x38,0x20,0x32,
  0x30,0x56,0x32,0x31,0x2e,0x39,0x33,0x32,0x35,0x43,0x38,0x20,0x32,0x32,0x2e,0x32,
  0x30,0x38,0x36,0x20,0x37,0x2e,0x37,0x37,0x36,0x31,0x34,0x20,0x32,0x32,0x2e,0x34,
  0x33,0x32,0x35,0x20,0x37,0x2e,0x35,0x20,0x32,0x32,0x2e,0x34,0x33,0x32,0x35,0x43,
  0x37,0x2e,0x33,0x38,0x33,0x30,0x33,0x20,0x32,0x32,0x2e,0x34,0x33,0x32,0x35,0x20,
  0x37,0x2e,0x32,0x36,0x39,0x37,0x37,0x20,0x32,0x32,0x2e,0x33,0x39,0x31,0x35,0x20,
  0x37,0x2e,0x31,0x37,0x39,0x39,0x31,0x20,0x32,0x32,0x2e,0x33,0x31,0x36,0x36,0x4c,
  0x33,0x2e,0x30,0x36,0x30,0x39,0x33,0x20,0x31,0x38,0x2e,0x38,0x38,0x34,0x31,0x43,
  0x32,0x2e,0x38,0x34,0x38,0x37,0x39,0x20,0x31,0x38,0x2e,0x37,0x30,0x37,0x33,0x20,
  0x32,0x2e,0x38,0x32,0x30,0x31,0x33,0x20,0x31,0x38,0x2e,0x33,0x39,0x32,0x20,0x32,
  0x2e,0x39,0x39,0x36,0x39,0x31,0x20,0x31,0x38,0x2e,0x31,0x37,0x39,0x39,0x43,0x33,
  0x2e,0x30,0x39,0x31,0x39,0x31,0x20,0x31,0x38,0x2e,0x30,0x36,0x35,0x39,0x20,0x33,
  0x2e,0x32,0x33,0x32,0x36,0x34,0x20,0x31,0x38,0x20,0x33,0x2e,0x33,0x38,0x31,0x30,
  0x33,0x20,0x31,0x38,0x4c,0x31,0x38,0x20,0x31,0x38,0x43,0x31,0x39,0x2e,0x31,0x30,
  0x34,0x36,0x20,0x31,0x38,0x20,0x32,0x30,0x20,0x31,0x37,0x2e,0x31,0x30,0x34,0x36,
  0x20,0x32,0x30,0x20,0x31,0x36,0x56,0x38,0x48,0x32,0x32,0x56,0x31,0x36,0x43,0x32,
  0x32,0x20,0x31,0x38,0x2e,0x32,0x30,0x39,0x31,0x20,0x32,0x30,0x2e,0x32,0x30,0x39,
  0x31,0x20,0x32,0x30,0x20,0x31,0x38,0x20,0x32,0x30,0x48,0x38,0x5a,0x4d,0x31,0x36,
  0x20,0x34,0x56,0x32,0x2e,0x30,0x36,0x37,0x35,0x43,0x31,0x36,0x20,0x31,0x2e,0x37,
  0x39,0x31,0x33,0x36,0x20,0x31,0x36,0x2e,0x32,0x32,0x33,0x39,0x20,0x31,0x2e,0x35,
  0x36,0x37,0x35,0x20,0x31,0x36,0x2e,0x35,0x20,0x31,0x2e,0x35,0x36,0x37,0x35,0x43,
  0x31,0x36,0x2e,0x36,0x31,0x37,0x20,0x31,0x2e,0x35,0x36,0x37,0x35,0x20,0x31,0x36,
  0x2e,0x37,0x33,0x30,0x32,0x20,0x31,0x2e,0x36,0x30,0x38,0x35,0x31,0x20,0x31,0x36,
  0x2e,0x38,0x32,0x30,0x31,0x20,0x31,0x2e,0x36,0x38,0x33,0x33,0x39,0x4c,0x32,0x30,
  0x2e,0x39,0x33,0x39,0x31,0x20,0x35,0x2e,0x31,0x31,0x35,0x38,0x37,0x43,0x32,0x31,
  0x2e,0x31,0x35,0x31,0x32,0x20,0x35,0x2e,0x32,0x39,0x32,0x36,0x36,0x20,0x32,0x31,
  0x2e,0x31,0x37,0x39,0x39,0x20,0x35,0x2e,0x36,0x30,0x37,0x39,0x34,0x20,0x32,0x31,
  0x2e,0x30,0x30,0x33,0x31,0x20,0x35,0x2e,0x38,0x32,0x30,0x30,0x38,0x43,0x32,0x30,
  0x2e,0x39,0x30,0x38,0x31,0x20,0x35,0x2e,0x39,0x33,0x34,0x30,0x37,0x20,0x32,0x30,
  0x2e,0x37,0x36,0x37,0x34,0x20,0x35,0x2e,0x39,0x39,0x39,0x39,0x38,0x20,0x32,0x30,
  0x2e,0x36,0x31,0x39,0x20,0x35,0x2e,0x39,0x39,0x39,0x39,0x38,0x4c,0x36,0x20,0x36,
  0x43,0x34,0x2e,0x38,0x39,0x35,0x34,0x33,0x20,0x36,0x20,0x34,0x20,0x36,0x2e,0x38,
  0x39,0x35,0x34,0x33,0x20,0x34,0x20,0x38,0x56,0x31,0x36,0x48,0x32,0x56,0x38,0x43,
  0x32,0x20,0x35,0x2e,0x37,0x39,0x30,0x38,0x36,0x20,0x33,0x2e,0x37,0x39,0x30,0x38,
  0x36,0x20,0x34,0x20,0x36,0x20,0x34,0x48,0x31,0x36,0x5a,0x22,0x3e,0x3c,0x2f,0x70,
  0x61,0x74,0x68,0x3e,0x3c,0x2f,0x73,0x76,0x67,0x3e,
    // E:/010-VisonPYC/VisionPYC/VisionPYC/VisionPYC/Styles/icon/reset-right-fill.svg
  0x0,0x0,0x1,0x78,
  0x3c,
  0x73,0x76,0x67,0x20,0x78,0x6d,0x6c,0x6e,0x73,0x3d,0x22,0x68,0x74,0x74,0x70,0x3a,
  0x2f,0x2f,0x77,0x77,0x77,0x2e,0x77,0x33,0x2e,0x6f,0x72,0x67,0x2f,0x32,0x30,0x30,
  0x30,0x2f,0x73,0x76,0x67,0x22,0x20,0x76,0x69,0x65,0x77,0x42,0x6f,0x78,0x3d,0x22,
  0x30,0x20,0x30,0x20,0x32,0x34,0x20,0x32,0x34,0x22,0x20,0x66,0x69,0x6c,0x6c,0x3d,
  0x22,0x72,0x67,0x62,0x61,0x28,0x30,0x2c,0x30,0x2c,0x30,0x2c,0x30,0x2e,0x36,0x38,
  0x29,0x22,0x3e,0x3c,0x70,0x61,0x74,0x68,0x20,0x64,0x3d,0x22,0x4d,0x32,0x20,0x31,
  0x32,0x43,0x32,0x20,0x31,0x37,0x2e,0x35,0x32,0x32,0x38,0x20,0x36,0x2e,0x34,0x37,
  0x37,0x31,0x35,0x20,0x32,0x32,0x20,0x31,0x32,0x20,0x32,0x32,0x43,0x31,0x37,0x2e,
  0x35,0x32,0x32,0x38,0x20,0x32,0x32,0x20,0x32,0x32,0x20,0x31,0x37,0x2e,0x35,0x32,
  0x32,0x38,0x20,0x32,0x32,0x20,0x31,0x32,0x43,0x32,0x32,0x20,0x36,0x2e,0x34,0x37,
  0x37,0x31,0x35,0x20,0x31,0x37,0x2e,0x35,0x32,0x32,0x38,0x20,0x32,0x20,0x31,0x32,
  0x20,0x32,0x56,0x34,0x43,0x31,0x36,0x2e,0x34,0x31,0x38,0x33,0x20,0x34,0x20,0x32,
  0x30,0x20,0x37,0x2e,0x35,0x38,0x31,0x37,0x32,0x20,0x32,0x30,0x20,0x31,0x32,0x43,
  0x32,0x30,0x20,0x31,0x36,0x2e,0x34,0x31,0x38,0x33,0x20,0x31,0x36,0x2e,0x34,0x31,
  0x38,0x33,0x20,0x32,0x30,0x20,0x31,0x32,0x20,0x32,0x30,0x43,0x37,0x2e,0x35,0x38,
  0x31,0x37,0x32,0x20,0x32,0x30,0x20,0x34,0x20,0x31,0x36,0x2e,0x34,0x31,0x38,0x33,
  0x20,0x34,0x20,0x31,0x32,0x43,0x34,0x20,0x39,0x2e,0x35,0x33,0x36,0x31,0x34,0x20,
  0x35,0x2e,0x31,0x31,0x33,0x38,0x33,0x20,0x37,0x2e,0x33,0x33,0x32,0x34,0x33,0x20,
  0x36,0x2e,0x38,0x36,0x35,0x34,0x33,0x20,0x35,0x2e,0x38,0x36,0x34,0x39,0x32,0x4c,
  0x39,0x20,0x38,0x56,0x32,0x4c,0x33,0x20,0x32,0x4c,0x35,0x2e,0x34,0x34,0x36,0x34,
  0x38,0x20,0x34,0x2e,0x34,0x34,0x36,0x35,0x36,0x43,0x33,0x2e,0x33,0x33,0x35,0x30,
  0x39,0x20,0x36,0x2e,0x32,0x38,0x30,0x30,0x32,0x20,0x32,0x20,0x38,0x2e,0x39,0x38,
  0x34,0x31,0x20,0x32,0x20,0x31,0x32,0x5a,0x22,0x3e,0x3c,0x2f,0x70,0x61,0x74,0x68,
  0x3e,0x3c,0x2f,0x73,0x76,0x67,0x3e,
    // E:/010-VisonPYC/VisionPYC/VisionPYC/VisionPYC/Styles/icon/loop-left-ai-fill.svg
  0x0,0x0,0x3,0xc3,
  0x3c,
  0x73,0x76,0x67,0x20,0x78,0x6d,0x6c,0x6e,0x73,0x3d,0x22,0x68,0x74,0x74,0x70,0x3a,
  0x2f,0x2f,0x77,0x77,0x77,0x2e,0x77,0x33,0x2e,0x6f,0x72,0x67,0x2f,0x32,0x30,0x30,
  0x30,0x2f,0x73,0x76,0x67,0x22,0x20,0x76,0x69,0x65,0x77,0x42,0x6f,0x78,0x3d,0x22,
  0x30,0x20,0x30,0x20,0x32,0x34,0x20,0x32,0x34,0x22,0x20,0x66,0x69,0x6c,0x6c,0x3d,
  0x22,0x72,0x67,0x62,0x61,0x28,0x30,0x2c,0x30,0x2c,0x30,0x2c,0x30,0x2e,0x36,0x38,
  0x29,0x22,0x3e,0x3c,0x70,0x61,0x74,0x68,0x20,0x64,0x3d,0x22,0x4d,0x34,0x20,0x31,
  0x32,0x43,0x34,0x20,0x31,0x36,0x2e,0x34,0x31,0x38,0x33,0x20,0x37,0x2e,0x35,0x38,
  0x31,0x37,0x32,0x20,0x32,0x30,0x20,0x31,0x32,0x20,0x32,0x30,0x43,0x31,0x34,0x2e,
  0x35,0x39,0x30,0x35,0x20,0x32,0x30,0x20,0x31,0x36,0x2e,0x38,0x39,0x34,0x31,0x20,
  0x31,0x38,0x2e,0x37,0x36,0x39,0x36,0x20,0x31,0x38,0x2e,0x33,0x35,0x37,0x34,0x20,
  0x31,0x36,0x2e,0x38,0x35,0x37,0x34,0x4c,0x31,0x36,0x20,0x31,0x34,0x2e,0x35,0x48,
  0x32,0x32,0x56,0x32,0x30,0x2e,0x35,0x4c,0x31,0x39,0x2e,0x37,0x38,0x31,0x32,0x20,
  0x31,0x38,0x2e,0x32,0x38,0x31,0x32,0x43,0x31,0x37,0x2e,0x39,0x34,0x39,0x33,0x20,
  0x32,0x30,0x2e,0x35,0x34,0x37,0x39,0x20,0x31,0x35,0x2e,0x31,0x34,0x34,0x34,0x20,
  0x32,0x32,0x20,0x31,0x32,0x20,0x32,0x32,0x43,0x36,0x2e,0x34,0x37,0x37,0x31,0x35,
  0x20,0x32,0x32,0x20,0x32,0x20,0x31,0x37,0x2e,0x35,0x32,0x32,0x38,0x20,0x32,0x20,
  0x31,0x32,0x48,0x34,0x5a,0x4d,0x31,0x31,0x2e,0x35,0x32,0x39,0x33,0x20,0x38,0x2e,
  0x33,0x31,0x39,0x33,0x34,0x43,0x31,0x31,0x2e,0x37,0x30,0x35,0x39,0x20,0x37,0x2e,
  0x38,0x39,0x33,0x35,0x20,0x31,0x32,0x2e,0x32,0x39,0x34,0x33,0x20,0x37,0x2e,0x38,
  0x39,0x33,0x34,0x39,0x20,0x31,0x32,0x2e,0x34,0x37,0x30,0x37,0x20,0x38,0x2e,0x33,
  0x31,0x39,0x33,0x34,0x4c,0x31,0x32,0x2e,0x37,0x32,0x33,0x36,0x20,0x38,0x2e,0x39,
  0x33,0x30,0x36,0x36,0x43,0x31,0x33,0x2e,0x31,0x35,0x35,0x36,0x20,0x39,0x2e,0x39,
  0x37,0x33,0x34,0x36,0x20,0x31,0x33,0x2e,0x39,0x36,0x31,0x35,0x20,0x31,0x30,0x2e,
  0x38,0x30,0x36,0x32,0x20,0x31,0x34,0x2e,0x39,0x37,0x34,0x36,0x20,0x31,0x31,0x2e,
  0x32,0x35,0x36,0x38,0x4c,0x31,0x35,0x2e,0x36,0x39,0x32,0x34,0x20,0x31,0x31,0x2e,
  0x35,0x37,0x36,0x32,0x43,0x31,0x36,0x2e,0x31,0x30,0x32,0x36,0x20,0x31,0x31,0x2e,
  0x37,0x35,0x39,0x20,0x31,0x36,0x2e,0x31,0x30,0x32,0x36,0x20,0x31,0x32,0x2e,0x33,
  0x35,0x36,0x32,0x20,0x31,0x35,0x2e,0x36,0x39,0x32,0x34,0x20,0x31,0x32,0x2e,0x35,
  0x33,0x39,0x31,0x4c,0x31,0x34,0x2e,0x39,0x33,0x32,0x36,0x20,0x31,0x32,0x2e,0x38,
  0x37,0x37,0x43,0x31,0x33,0x2e,0x39,0x34,0x34,0x39,0x20,0x31,0x33,0x2e,0x33,0x31,
  0x36,0x32,0x20,0x31,0x33,0x2e,0x31,0x35,0x33,0x34,0x20,0x31,0x34,0x2e,0x31,0x31,
  0x39,0x34,0x20,0x31,0x32,0x2e,0x37,0x31,0x33,0x39,0x20,0x31,0x35,0x2e,0x31,0x32,
  0x37,0x39,0x4c,0x31,0x32,0x2e,0x34,0x36,0x36,0x38,0x20,0x31,0x35,0x2e,0x36,0x39,
  0x33,0x34,0x43,0x31,0x32,0x2e,0x32,0x38,0x36,0x34,0x20,0x31,0x36,0x2e,0x31,0x30,
  0x37,0x35,0x20,0x31,0x31,0x2e,0x37,0x31,0x33,0x37,0x20,0x31,0x36,0x2e,0x31,0x30,
  0x37,0x35,0x20,0x31,0x31,0x2e,0x35,0x33,0x33,0x32,0x20,0x31,0x35,0x2e,0x36,0x39,
  0x33,0x34,0x4c,0x31,0x31,0x2e,0x32,0x38,0x37,0x31,0x20,0x31,0x35,0x2e,0x31,0x32,
  0x37,0x39,0x43,0x31,0x30,0x2e,0x38,0x34,0x37,0x36,0x20,0x31,0x34,0x2e,0x31,0x31,
  0x39,0x33,0x20,0x31,0x30,0x2e,0x30,0x35,0x35,0x32,0x20,0x31,0x33,0x2e,0x33,0x31,
  0x36,0x33,0x20,0x39,0x2e,0x30,0x36,0x37,0x33,0x38,0x20,0x31,0x32,0x2e,0x38,0x37,
  0x37,0x4c,0x38,0x2e,0x33,0x30,0x37,0x36,0x32,0x20,0x31,0x32,0x2e,0x35,0x33,0x39,
  0x31,0x43,0x37,0x2e,0x38,0x39,0x37,0x34,0x34,0x20,0x31,0x32,0x2e,0x33,0x35,0x36,
  0x32,0x20,0x37,0x2e,0x38,0x39,0x37,0x34,0x31,0x20,0x31,0x31,0x2e,0x37,0x35,0x39,
  0x20,0x38,0x2e,0x33,0x30,0x37,0x36,0x32,0x20,0x31,0x31,0x2e,0x35,0x37,0x36,0x32,
  0x4c,0x39,0x2e,0x30,0x32,0x35,0x33,0x39,0x20,0x31,0x31,0x2e,0x32,0x35,0x36,0x38,
  0x43,0x31,0x30,0x2e,0x30,0x33,0x38,0x35,0x20,0x31,0x30,0x2e,0x38,0x30,0x36,0x32,
  0x20,0x31,0x30,0x2e,0x38,0x34,0x34,0x35,0x20,0x39,0x2e,0x39,0x37,0x33,0x34,0x38,
  0x20,0x31,0x31,0x2e,0x32,0x37,0x36,0x34,0x20,0x38,0x2e,0x39,0x33,0x30,0x36,0x36,
  0x4c,0x31,0x31,0x2e,0x35,0x32,0x39,0x33,0x20,0x38,0x2e,0x33,0x31,0x39,0x33,0x34,
  0x5a,0x4d,0x31,0x32,0x20,0x32,0x43,0x31,0x37,0x2e,0x35,0x32,0x32,0x38,0x20,0x32,
  0x20,0x32,0x32,0x20,0x36,0x2e,0x34,0x37,0x37,0x31,0x35,0x20,0x32,0x32,0x20,0x31,
  0x32,0x48,0x32,0x30,0x43,0x32,0x30,0x20,0x37,0x2e,0x35,0x38,0x31,0x37,0x32,0x20,
  0x31,0x36,0x2e,0x34,0x31,0x38,0x33,0x20,0x34,0x20,0x31,0x32,0x20,0x34,0x43,0x39,
  0x2e,0x34,0x30,0x39,0x35,0x31,0x20,0x34,0x20,0x37,0x2e,0x31,0x30,0x35,0x39,0x20,
  0x35,0x2e,0x32,0x33,0x30,0x33,0x38,0x20,0x35,0x2e,0x36,0x34,0x32,0x35,0x38,0x20,
  0x37,0x2e,0x31,0x34,0x32,0x35,0x38,0x4c,0x38,0x20,0x39,0x2e,0x35,0x48,0x32,0x56,
  0x33,0x2e,0x35,0x4c,0x34,0x2e,0x32,0x31,0x38,0x37,0x35,0x20,0x35,0x2e,0x37,0x31,
  0x38,0x37,0x35,0x43,0x36,0x2e,0x30,0x35,0x30,0x37,0x33,0x20,0x33,0x2e,0x34,0x35,
  0x32,0x31,0x32,0x20,0x38,0x2e,0x38,0x35,0x35,0x35,0x38,0x20,0x32,0x20,0x31,0x32,
  0x20,0x32,0x5a,0x22,0x3e,0x3c,0x2f,0x70,0x61,0x74,0x68,0x3e,0x3c,0x2f,0x73,0x76,
  0x67,0x3e,
    // E:/010-VisonPYC/VisionPYC/VisionPYC/VisionPYC/Styles/icon/refresh-fill.svg
  0x0,0x0,0x2,0x80,
  0x3c,
  0x73,0x76,0x67,0x20,0x78,0x6d,0x6c,0x6e,0x73,0x3d,0x22,0x68,0x74,0x74,0x70,0x3a,
  0x2f,0x2f,0x77,0x77,0x77,0x2e,0x77,0x33,0x2e,0x6f,0x72,0x67,0x2f,0x32,0x30,0x30,
  0x30,0x2f,0x73,0x76,0x67,0x22,0x20,0x76,0x69,0x65,0x77,0x42,0x6f,0x78,0x3d,0x22,
  0x30,0x20,0x30,0x20,0x32,0x34,0x20,0x32,0x34,0x22,0x20,0x66,0x69,0x6c,0x6c,0x3d,
  0x22,0x72,0x67,0x62,0x61,0x28,0x30,0x2c,0x30,0x2c,0x30,0x2c,0x30,0x2e,0x36,0x38,
  0x29,0x22,0x3e,0x3c,0x70,0x61,0x74,0x68,0x20,0x64,0x3d,0x22,0x4d,0x31,0x32,0x20,
  0x32,0x32,0x43,0x36,0x2e,0x34,0x37,0x37,0x31,0x35,0x20,0x32,0x32,0x20,0x32,0x20,
  0x31,0x37,0x2e,0x35,0x32,0x32,0x38,0x20,0x32,0x20,0x31,0x32,0x43,0x32,0x20,0x36,
  0x2e,0x34,0x37,0x37,0x31,0x35,0x20,0x36,0x2e,0x34,0x37,0x37,0x31,0x35,0x20,0x32,
  0x20,0x31,0x32,0x20,0x32,0x43,0x31,0x37,0x2e,0x35,0x32,0x32,0x38,0x20,0x32,0x20,
  0x32,0x32,0x20,0x36,0x2e,0x34,0x37,0x37,0x31,0x35,0x20,0x32,0x32,0x20,0x31,0x32,
  0x43,0x32,0x32,0x20,0x31,0x37,0x2e,0x35,0x32,0x32,0x38,0x20,0x31,0x37,0x2e,0x35,
  0x32,0x32,0x38,0x20,0x32,0x32,0x20,0x31,0x32,0x20,0x32,0x32,0x5a,0x4d,0x31,0x36,
  0x2e,0x38,0x32,0x30,0x31,0x20,0x31,0x37,0x2e,0x30,0x37,0x36,0x31,0x43,0x31,0x38,
  0x2e,0x31,0x36,0x32,0x38,0x20,0x31,0x35,0x2e,0x38,0x30,0x30,0x37,0x20,0x31,0x39,
  0x20,0x31,0x33,0x2e,0x39,0x39,0x38,0x31,0x20,0x31,0x39,0x20,0x31,0x32,0x43,0x31,
  0x39,0x20,0x38,0x2e,0x31,0x33,0x34,0x30,0x31,0x20,0x31,0x35,0x2e,0x38,0x36,0x36,
  0x20,0x35,0x20,0x31,0x32,0x20,0x35,0x43,0x31,0x30,0x2e,0x39,0x33,0x39,0x31,0x20,
  0x35,0x20,0x39,0x2e,0x39,0x33,0x33,0x34,0x20,0x35,0x2e,0x32,0x33,0x35,0x39,0x39,
  0x20,0x39,0x2e,0x30,0x33,0x32,0x34,0x31,0x20,0x35,0x2e,0x36,0x35,0x38,0x33,0x34,
  0x4c,0x31,0x30,0x2e,0x30,0x30,0x37,0x32,0x20,0x37,0x2e,0x34,0x31,0x32,0x39,0x32,
  0x43,0x31,0x30,0x2e,0x36,0x31,0x37,0x37,0x20,0x37,0x2e,0x31,0x34,0x37,0x32,0x39,
  0x20,0x31,0x31,0x2e,0x32,0x39,0x31,0x37,0x20,0x37,0x20,0x31,0x32,0x20,0x37,0x43,
  0x31,0x34,0x2e,0x37,0x36,0x31,0x34,0x20,0x37,0x20,0x31,0x37,0x20,0x39,0x2e,0x32,
  0x33,0x38,0x35,0x38,0x20,0x31,0x37,0x20,0x31,0x32,0x48,0x31,0x34,0x4c,0x31,0x36,
  0x2e,0x38,0x32,0x30,0x31,0x20,0x31,0x37,0x2e,0x30,0x37,0x36,0x31,0x5a,0x4d,0x31,
  0x34,0x2e,0x39,0x36,0x37,0x36,0x20,0x31,0x38,0x2e,0x33,0x34,0x31,0x37,0x4c,0x31,
  0x33,0x2e,0x39,0x39,0x32,0x38,0x20,0x31,0x36,0x2e,0x35,0x38,0x37,0x31,0x43,0x31,
  0x33,0x2e,0x33,0x38,0x32,0x33,0x20,0x31,0x36,0x2e,0x38,0x35,0x32,0x37,0x20,0x31,
  0x32,0x2e,0x37,0x30,0x38,0x33,0x20,0x31,0x37,0x20,0x31,0x32,0x20,0x31,0x37,0x43,
  0x39,0x2e,0x32,0x33,0x38,0x35,0x38,0x20,0x31,0x37,0x20,0x37,0x20,0x31,0x34,0x2e,
  0x37,0x36,0x31,0x34,0x20,0x37,0x20,0x31,0x32,0x48,0x31,0x30,0x4c,0x37,0x2e,0x31,
  0x37,0x39,0x39,0x33,0x20,0x36,0x2e,0x39,0x32,0x33,0x38,0x37,0x43,0x35,0x2e,0x38,
  0x33,0x37,0x31,0x39,0x20,0x38,0x2e,0x31,0x39,0x39,0x32,0x39,0x20,0x35,0x20,0x31,
  0x30,0x2e,0x30,0x30,0x31,0x39,0x20,0x35,0x20,0x31,0x32,0x43,0x35,0x20,0x31,0x35,
  0x2e,0x38,0x36,0x36,0x20,0x38,0x2e,0x31,0x33,0x34,0x30,0x31,0x20,0x31,0x39,0x20,
  0x31,0x32,0x20,0x31,0x39,0x43,0x31,0x33,0x2e,0x30,0x36,0x30,0x39,0x20,0x31,0x39,
  0x20,0x31,0x34,0x2e,0x30,0x36,0x36,0x36,0x20,0x31,0x38,0x2e,0x37,0x36,0x34,0x20,
  0x31,0x34,0x2e,0x39,0x36,0x37,0x36,0x20,0x31,0x38,0x2e,0x33,0x34,0x31,0x37,0x5a,
  0x22,0x3e,0x3c,0x2f,0x70,0x61,0x74,0x68,0x3e,0x3c,0x2f,0x73,0x76,0x67,0x3e,
    // E:/010-VisonPYC/VisionPYC/VisionPYC/VisionPYC/Styles/icon/filter-2-fill.svg
  0x0,0x0,0x0,0x90,
  0x3c,
  0x73,0x76,0x67,0x20,0x78,0x6d,0x6c,0x6e,0x73,0x3d,0x22,0x68,0x74,0x74,0x70,0x3a,
  0x2f,0x2f,0x77,0x77,0x77,0x2e,0x77,0x33,0x2e,0x6f,0x72,0x67,0x2f,0x32,0x30,0x30,
  0x30,0x2f,0x73,0x76,0x67,0x22,0x20,0x76,0x69,0x65,0x77,0x42,0x6f,0x78,0x3d,0x22,
  0x30,0x20,0x30,0x20,0x32,0x34,0x20,0x32,0x34,0x22,0x20,0x66,0x69,0x6c,0x6c,0x3d,
  0x22,0x72,0x67,0x62,0x61,0x28,0x30,0x2c,0x30,0x2c,0x30,0x2c,0x30,0x2e,0x36,0x38,
  0x29,0x22,0x3e,0x3c,0x70,0x61,0x74,0x68,0x20,0x64,0x3d,0x22,0x4d,0x31,0x30,0x20,
  0x31,0x34,0x4c,0x34,0x20,0x35,0x56,0x33,0x48,0x32,0x30,0x56,0x35,0x4c,0x31,0x34,
  0x20,0x31,0x34,0x56,0x32,0x30,0x4c,0x31,0x30,0x20,0x32,0x32,0x56,0x31,0x34,0x5a,
  0x22,0x3e,0x3c,0x2f,0x70,0x61,0x74,0x68,0x3e,0x3c,0x2f,0x73,0x76,0x67,0x3e,
    // E:/010-VisonPYC/VisionPYC/VisionPYC/VisionPYC/Styles/icon/subtract-fill.svg
  0x0,0x0,0x0,0x7e,
  0x3c,
  0x73,0x76,0x67,0x20,0x78,0x6d,0x6c,0x6e,0x73,0x3d,0x22,0x68,0x74,0x74,0x70,0x3a,
  0x2f,0x2f,0x77,0x77,0x77,0x2e,0x77,0x33,0x2e,0x6f,0x72,0x67,0x2f,0x32,0x30,0x30,
  0x30,0x2f,0x73,0x76,0x67,0x22,0x20,0x76,0x69,0x65,0x77,0x42,0x6f,0x78,0x3d,0x22,
  0x30,0x20,0x30,0x20,0x32,0x34,0x20,0x32,0x34,0x22,0x20,0x66,0x69,0x6c,0x6c,0x3d,
  0x22,0x72,0x67,0x62,0x61,0x28,0x30,0x2c,0x30,0x2c,0x30,0x2c,0x30,0x2e,0x36,0x38,
  0x29,0x22,0x3e,0x3c,0x70,0x61,0x74,0x68,0x20,0x64,0x3d,0x22,0x4d,0x31,0x39,0x20,
  0x31,0x31,0x48,0x35,0x56,0x31,0x33,0x48,0x31,0x39,0x56,0x31,0x31,0x5a,0x22,0x3e,
  0x3c,0x2f,0x70,0x61,0x74,0x68,0x3e,0x3c,0x2f,0x73,0x76,0x67,0x3e,
    // E:/010-VisonPYC/VisionPYC/VisionPYC/VisionPYC/Styles/icon/filter-2-line.svg
  0x0,0x0,0x0,0xb6,
  0x3c,
  0x73,0x76,0x67,0x20,0x78,0x6d,0x6c,0x6e,0x73,0x3d,0x22,0x68,0x74,0x74,0x70,0x3a,
  0x2f,0x2f,0x77,0x77,0x77,0x2e,0x77,0x33,0x2e,0x6f,0x72,0x67,0x2f,0x32,0x30,0x30,
  0x30,0x2f,0x73,0x76,0x67,0x22,0x20,0x76,0x69,0x65,0x77,0x42,0x6f,0x78,0x3d,0x22,
  0x30,0x20,0x30,0x20,0x32,0x34,0x20,0x32,0x34,0x22,0x20,0x66,0x69,0x6c,0x6c,0x3d,
  0x22,0x72,0x67,0x62,0x61,0x28,0x30,0x2c,0x30,0x2c,0x30,0x2c,0x30,0x2e,0x36,0x38,
  0x29,0x22,0x3e,0x3c,0x70,0x61,0x74,0x68,0x20,0x64,0x3d,0x22,0x4d,0x31,0x34,0x20,
  0x31,0x34,0x56,0x32,0x30,0x4c,0x31,0x30,0x20,0x32,0x32,0x56,0x31,0x34,0x4c,0x34,
  0x20,0x35,0x56,0x33,0x48,0x32,0x30,0x56,0x35,0x4c,0x31,0x34,0x20,0x31,0x34,0x5a,
  0x4d,0x36,0x2e,0x34,0x30,0x33,0x37,0x20,0x35,0x4c,0x31,0x32,0x20,0x31,0x33,0x2e,
  0x33,0x39,0x34,0x34,0x4c,0x31,0x37,0x2e,0x35,0x39,0x36,0x33,0x20,0x35,0x48,0x36,
  0x2e,0x34,0x30,0x33,0x37,0x5a,0x22,0x3e,0x3c,0x2f,0x70,0x61,0x74,0x68,0x3e,0x3c,
  0x2f,0x73,0x76,0x67,0x3e,
    // E:/010-VisonPYC/VisionPYC/VisionPYC/VisionPYC/Styles/icon/history-fill.svg
  0x0,0x0,0x1,0xc2,
  0x3c,
  0x73,0x76,0x67,0x20,0x78,0x6d,0x6c,0x6e,0x73,0x3d,0x22,0x68,0x74,0x74,0x70,0x3a,
  0x2f,0x2f,0x77,0x77,0x77,0x2e,0x77,0x33,0x2e,0x6f,0x72,0x67,0x2f,0x32,0x30,0x30,
  0x30,0x2f,0x73,0x76,0x67,0x22,0x20,0x76,0x69,0x65,0x77,0x42,0x6f,0x78,0x3d,0x22,
  0x30,0x20,0x30,0x20,0x32,0x34,0x20,0x32,0x34,0x22,0x20,0x66,0x69,0x6c,0x6c,0x3d,
  0x22,0x72,0x67,0x62,0x61,0x28,0x30,0x2c,0x30,0x2c,0x30,0x2c,0x30,0x2e,0x36,0x38,
  0x29,0x22,0x3e,0x3c,0x70,0x61,0x74,0x68,0x20,0x64,0x3d,0x22,0x4d,0x31,0x32,0x20,
  0x32,0x43,0x31,0x37,0x2e,0x35,0x32,0x32,0x38,0x20,0x32,0x20,0x32,0x32,0x20,0x36,
  0x2e,0x34,0x37,0x37,0x31,0x35,0x20,0x32,0x32,0x20,0x31,0x32,0x43,0x32,0x32,0x20,
  0x31,0x37,0x2e,0x35,0x32,0x32,0x38,0x20,0x31,0x37,0x2e,0x35,0x32,0x32,0x38,0x20,
  0x32,0x32,0x20,0x31,0x32,0x20,0x32,0x32,0x43,0x36,0x2e,0x34,0x37,0x37,0x31,0x35,
  0x20,0x32,0x32,0x20,0x32,0x20,0x31,0x37,0x2e,0x35,0x32,0x32,0x38,0x20,0x32,0x20,
  0x31,0x32,0x48,0x34,0x43,0x34,0x20,0x31,0x36,0x2e,0x34,0x31,0x38,0x33,0x20,0x37,
  0x2e,0x35,0x38,0x31,0x37,0x32,0x20,0x32,0x30,0x20,0x31,0x32,0x20,0x32,0x30,0x43,
  0x31,0x36,0x2e,0x34,0x31,0x38,0x33,0x20,0x32,0x30,0x20,0x32,0x30,0x20,0x31,0x36,
  0x2e,0x34,0x31,0x38,0x33,0x20,0x32,0x30,0x20,0x31,0x32,0x43,0x32,0x30,0x20,0x37,
  0x2e,0x35,0x38,0x31,0x37,0x32,0x20,0x31,0x36,0x2e,0x34,0x31,0x38,0x33,0x20,0x34,
  0x20,0x31,0x32,0x20,0x34,0x43,0x39,0x2e,0x35,0x33,0x36,0x31,0x34,0x20,0x34,0x20,
  0x37,0x2e,0x33,0x33,0x32,0x34,0x33,0x20,0x35,0x2e,0x31,0x31,0x33,0x38,0x33,0x20,
  0x35,0x2e,0x38,0x36,0x34,0x39,0x32,0x20,0x36,0x2e,0x38,0x36,0x35,0x34,0x33,0x4c,
  0x38,0x20,0x39,0x48,0x32,0x56,0x33,0x4c,0x34,0x2e,0x34,0x34,0x36,0x35,0x36,0x20,
  0x35,0x2e,0x34,0x34,0x36,0x34,0x38,0x43,0x36,0x2e,0x32,0x38,0x30,0x30,0x32,0x20,
  0x33,0x2e,0x33,0x33,0x35,0x30,0x39,0x20,0x38,0x2e,0x39,0x38,0x34,0x31,0x20,0x32,
  0x20,0x31,0x32,0x20,0x32,0x5a,0x4d,0x31,0x33,0x20,0x37,0x4c,0x31,0x32,0x2e,0x39,
  0x39,0x39,0x38,0x20,0x31,0x31,0x2e,0x35,0x38,0x35,0x4c,0x31,0x36,0x2e,0x32,0x34,
  0x32,0x36,0x20,0x31,0x34,0x2e,0x38,0x32,0x38,0x34,0x4c,0x31,0x34,0x2e,0x38,0x32,
  0x38,0x34,0x20,0x31,0x36,0x2e,0x32,0x34,0x32,0x36,0x4c,0x31,0x30,0x2e,0x39,0x39,
  0x39,0x38,0x20,0x31,0x32,0x2e,0x34,0x31,0x33,0x4c,0x31,0x31,0x20,0x37,0x48,0x31,
  0x33,0x5a,0x22,0x3e,0x3c,0x2f,0x70,0x61,0x74,0x68,0x3e,0x3c,0x2f,0x73,0x76,0x67,
  0x3e,
    // E:/010-VisonPYC/VisionPYC/VisionPYC/VisionPYC/Styles/icon/loop-left-fill.svg
  0x0,0x0,0x1,0xb8,
  0x3c,
  0x73,0x76,0x67,0x20,0x78,0x6d,0x6c,0x6e,0x73,0x3d,0x22,0x68,0x74,0x74,0x70,0x3a,
  0x2f,0x2f,0x77,0x77,0x77,0x2e,0x77,0x33,0x2e,0x6f,0x72,0x67,0x2f,0x32,0x30,0x30,
  0x30,0x2f,0x73,0x76,0x67,0x22,0x20,0x76,0x69,0x65,0x77,0x42,0x6f,0x78,0x3d,0x22,
  0x30,0x20,0x30,0x20,0x32,0x34,0x20,0x32,0x34,0x22,0x20,0x66,0x69,0x6c,0x6c,0x3d,
  0x22,0x72,0x67,0x62,0x61,0x28,0x30,0x2c,0x30,0x2c,0x30,0x2c,0x30,0x2e,0x36,0x38,
  0x29,0x22,0x3e,0x3c,0x70,0x61,0x74,0x68,0x20,0x64,0x3d,0x22,0x4d,0x31,0x32,0x20,
  0x34,0x43,0x39,0x2e,0x34,0x30,0x39,0x35,0x20,0x34,0x20,0x37,0x2e,0x31,0x30,0x36,
  0x30,0x36,0x20,0x35,0x2e,0x32,0x33,0x30,0x35,0x33,0x20,0x35,0x2e,0x36,0x34,0x32,
  0x37,0x34,0x20,0x37,0x2e,0x31,0x34,0x32,0x37,0x34,0x4c,0x38,0x20,0x39,0x2e,0x35,
  0x48,0x32,0x56,0x33,0x2e,0x35,0x4c,0x34,0x2e,0x32,0x31,0x38,0x36,0x33,0x20,0x35,
  0x2e,0x37,0x31,0x38,0x36,0x33,0x43,0x36,0x2e,0x30,0x35,0x30,0x36,0x31,0x20,0x33,
  0x2e,0x34,0x35,0x32,0x20,0x38,0x2e,0x38,0x35,0x35,0x35,0x38,0x20,0x32,0x20,0x31,
  0x32,0x20,0x32,0x20,0x31,0x37,0x2e,0x35,0x32,0x32,0x38,0x20,0x32,0x20,0x32,0x32,
  0x20,0x36,0x2e,0x34,0x37,0x37,0x31,0x35,0x20,0x32,0x32,0x20,0x31,0x32,0x48,0x32,
  0x30,0x43,0x32,0x30,0x20,0x37,0x2e,0x35,0x38,0x31,0x37,0x32,0x20,0x31,0x36,0x2e,
  0x34,0x31,0x38,0x33,0x20,0x34,0x20,0x31,0x32,0x20,0x34,0x5a,0x4d,0x34,0x20,0x31,
  0x32,0x43,0x34,0x20,0x31,0x36,0x2e,0x34,0x31,0x38,0x33,0x20,0x37,0x2e,0x35,0x38,
  0x31,0x37,0x32,0x20,0x32,0x30,0x20,0x31,0x32,0x20,0x32,0x30,0x20,0x31,0x34,0x2e,
  0x35,0x39,0x30,0x35,0x20,0x32,0x30,0x20,0x31,0x36,0x2e,0x38,0x39,0x34,0x20,0x31,
  0x38,0x2e,0x37,0x36,0x39,0x35,0x20,0x31,0x38,0x2e,0x33,0x35,0x37,0x33,0x20,0x31,
  0x36,0x2e,0x38,0x35,0x37,0x33,0x4c,0x31,0x36,0x20,0x31,0x34,0x2e,0x35,0x20,0x32,
  0x32,0x20,0x31,0x34,0x2e,0x35,0x56,0x32,0x30,0x2e,0x35,0x4c,0x31,0x39,0x2e,0x37,
  0x38,0x31,0x34,0x20,0x31,0x38,0x2e,0x32,0x38,0x31,0x34,0x43,0x31,0x37,0x2e,0x39,
  0x34,0x39,0x34,0x20,0x32,0x30,0x2e,0x35,0x34,0x38,0x20,0x31,0x35,0x2e,0x31,0x34,
  0x34,0x34,0x20,0x32,0x32,0x20,0x31,0x32,0x20,0x32,0x32,0x20,0x36,0x2e,0x34,0x37,
  0x37,0x31,0x35,0x20,0x32,0x32,0x20,0x32,0x20,0x31,0x37,0x2e,0x35,0x32,0x32,0x38,
  0x20,0x32,0x20,0x31,0x32,0x48,0x34,0x5a,0x22,0x3e,0x3c,0x2f,0x70,0x61,0x74,0x68,
  0x3e,0x3c,0x2f,0x73,0x76,0x67,0x3e,
    // E:/010-VisonPYC/VisionPYC/VisionPYC/VisionPYC/Styles/icon/arrow-go-back-fill.svg
  0x0,0x0,0x0,0xf8,
  0x3c,
  0x73,0x76,0x67,0x20,0x78,0x6d,0x6c,0x6e,0x73,0x3d,0x22,0x68,0x74,0x74,0x70,0x3a,
  0x2f,0x2f,0x77,0x77,0x77,0x2e,0x77,0x33,0x2e,0x6f,0x72,0x67,0x2f,0x32,0x30,0x30,
  0x30,0x2f,0x73,0x76,0x67,0x22,0x20,0x76,0x69,0x65,0x77,0x42,0x6f,0x78,0x3d,0x22,
  0x30,0x20,0x30,0x20,0x32,0x34,0x20,0x32,0x34,0x22,0x20,0x66,0x69,0x6c,0x6c,0x3d,
  0x22,0x72,0x67,0x62,0x61,0x28,0x30,0x2c,0x30,0x2c,0x30,0x2c,0x30,0x2e,0x36,0x38,
  0x29,0x22,0x3e,0x3c,0x70,0x61,0x74,0x68,0x20,0x64,0x3d,0x22,0x4d,0x38,0x20,0x37,
  0x56,0x31,0x31,0x4c,0x32,0x20,0x36,0x4c,0x38,0x20,0x31,0x56,0x35,0x48,0x31,0x33,
  0x43,0x31,0x37,0x2e,0x34,0x31,0x38,0x33,0x20,0x35,0x20,0x32,0x31,0x20,0x38,0x2e,
  0x35,0x38,0x31,0x37,0x32,0x20,0x32,0x31,0x20,0x31,0x33,0x43,0x32,0x31,0x20,0x31,
  0x37,0x2e,0x34,0x31,0x38,0x33,0x20,0x31,0x37,0x2e,0x34,0x31,0x38,0x33,0x20,0x32,
  0x31,0x20,0x31,0x33,0x20,0x32,0x31,0x48,0x34,0x56,0x31,0x39,0x48,0x31,0x33,0x43,
  0x31,0x36,0x2e,0x33,0x31,0x33,0x37,0x20,0x31,0x39,0x20,0x31,0x39,0x20,0x31,0x36,
  0x2e,0x33,0x31,0x33,0x37,0x20,0x31,0x39,0x20,0x31,0x33,0x43,0x31,0x39,0x20,0x39,
  0x2e,0x36,0x38,0x36,0x32,0x39,0x20,0x31,0x36,0x2e,0x33,0x31,0x33,0x37,0x20,0x37,
  0x20,0x31,0x33,0x20,0x37,0x48,0x38,0x5a,0x22,0x3e,0x3c,0x2f,0x70,0x61,0x74,0x68,
  0x3e,0x3c,0x2f,0x73,0x76,0x67,0x3e,
    // E:/010-VisonPYC/VisionPYC/VisionPYC/VisionPYC/Styles/icon/folder-open-line.svg
  0x0,0x0,0x1,0x6d,
  0x3c,
  0x73,0x76,0x67,0x20,0x78,0x6d,0x6c,0x6e,0x73,0x3d,0x22,0x68,0x74,0x74,0x70,0x3a,
  0x2f,0x2f,0x77,0x77,0x77,0x2e,0x77,0x33,0x2e,0x6f,0x72,0x67,0x2f,0x32,0x30,0x30,
  0x30,0x2f,0x73,0x76,0x67,0x22,0x20,0x76,0x69,0x65,0x77,0x42,0x6f,0x78,0x3d,0x22,
  0x30,0x20,0x30,0x20,0x32,0x34,0x20,0x32,0x34,0x22,0x20,0x66,0x69,0x6c,0x6c,0x3d,
  0x22,0x72,0x67,0x62,0x61,0x28,0x30,0x2c,0x30,0x2c,0x30,0x2c,0x30,0x2e,0x36,0x38,
  0x29,0x22,0x3e,0x3c,0x70,0x61,0x74,0x68,0x20,0x64,0x3d,0x22,0x4d,0x33,0x20,0x32,
  0x31,0x43,0x32,0x2e,0x34,0x34,0x37,0x37,0x32,0x20,0x32,0x31,0x20,0x32,0x20,0x32,
  0x30,0x2e,0x35,0x35,0x32,0x33,0x20,0x32,0x20,0x32,0x30,0x56,0x34,0x43,0x32,0x20,
  0x33,0x2e,0x34,0x34,0x37,0x37,0x32,0x20,0x32,0x2e,0x34,0x34,0x37,0x37,0x32,0x20,
  0x33,0x20,0x33,0x20,0x33,0x48,0x31,0x30,0x2e,0x34,0x31,0x34,0x32,0x4c,0x31,0x32,
  0x2e,0x34,0x31,0x34,0x32,0x20,0x35,0x48,0x32,0x30,0x43,0x32,0x30,0x2e,0x35,0x35,
  0x32,0x33,0x20,0x35,0x20,0x32,0x31,0x20,0x35,0x2e,0x34,0x34,0x37,0x37,0x32,0x20,
  0x32,0x31,0x20,0x36,0x56,0x39,0x48,0x31,0x39,0x56,0x37,0x48,0x31,0x31,0x2e,0x35,
  0x38,0x35,0x38,0x4c,0x39,0x2e,0x35,0x38,0x35,0x37,0x39,0x20,0x35,0x48,0x34,0x56,
  0x31,0x36,0x2e,0x39,0x39,0x38,0x4c,0x35,0x2e,0x35,0x20,0x31,0x31,0x48,0x32,0x32,
  0x2e,0x35,0x4c,0x32,0x30,0x2e,0x31,0x38,0x39,0x34,0x20,0x32,0x30,0x2e,0x32,0x34,
  0x32,0x35,0x43,0x32,0x30,0x2e,0x30,0x37,0x38,0x31,0x20,0x32,0x30,0x2e,0x36,0x38,
  0x37,0x37,0x20,0x31,0x39,0x2e,0x36,0x37,0x38,0x31,0x20,0x32,0x31,0x20,0x31,0x39,
  0x2e,0x32,0x31,0x39,0x32,0x20,0x32,0x31,0x48,0x33,0x5a,0x4d,0x31,0x39,0x2e,0x39,
  0x33,0x38,0x34,0x20,0x31,0x33,0x48,0x37,0x2e,0x30,0x36,0x31,0x35,0x35,0x4c,0x35,
  0x2e,0x35,0x36,0x31,0x35,0x35,0x20,0x31,0x39,0x48,0x31,0x38,0x2e,0x34,0x33,0x38,
  0x34,0x4c,0x31,0x39,0x2e,0x39,0x33,0x38,0x34,0x20,0x31,0x33,0x5a,0x22,0x3e,0x3c,
  0x2f,0x70,0x61,0x74,0x68,0x3e,0x3c,0x2f,0x73,0x76,0x67,0x3e,
    // E:/010-VisonPYC/VisionPYC/VisionPYC/VisionPYC/Styles/icon/loop-right-ai-line.svg
  0x0,0x0,0x3,0xb2,
  0x3c,
  0x73,0x76,0x67,0x20,0x78,0x6d,0x6c,0x6e,0x73,0x3d,0x22,0x68,0x74,0x74,0x70,0x3a,
  0x2f,0x2f,0x77,0x77,0x77,0x2e,0x77,0x33,0x2e,0x6f,0x72,0x67,0x2f,0x32,0x30,0x30,
  0x30,0x2f,0x73,0x76,0x67,0x22,0x20,0x76,0x69,0x65,0x77,0x42,0x6f,0x78,0x3d,0x22,
  0x30,0x20,0x30,0x20,0x32,0x34,0x20,0x32,0x34,0x22,0x20,0x66,0x69,0x6c,0x6c,0x3d,
  0x22,0x72,0x67,0x62,0x61,0x28,0x30,0x2c,0x30,0x2c,0x30,0x2c,0x30,0x2e,0x36,0x38,
  0x29,0x22,0x3e,0x3c,0x70,0x61,0x74,0x68,0x20,0x64,0x3d,0x22,0x4d,0x32,0x32,0x20,
  0x31,0x32,0x43,0x32,0x32,0x20,0x31,0x37,0x2e,0x35,0x32,0x32,0x38,0x20,0x31,0x37,
  0x2e,0x35,0x32,0x32,0x38,0x20,0x32,0x32,0x20,0x31,0x32,0x20,0x32,0x32,0x43,0x38,
  0x2e,0x37,0x32,0x37,0x37,0x34,0x20,0x32,0x32,0x20,0x35,0x2e,0x38,0x32,0x33,0x38,
  0x32,0x20,0x32,0x30,0x2e,0x34,0x32,0x38,0x36,0x20,0x34,0x20,0x31,0x38,0x2e,0x30,
  0x30,0x31,0x56,0x32,0x30,0x2e,0x35,0x48,0x32,0x56,0x31,0x34,0x2e,0x35,0x48,0x38,
  0x56,0x31,0x36,0x2e,0x35,0x48,0x35,0x2e,0x33,0x38,0x34,0x37,0x37,0x43,0x36,0x2e,
  0x38,0x32,0x35,0x34,0x33,0x20,0x31,0x38,0x2e,0x36,0x31,0x33,0x37,0x20,0x39,0x2e,
  0x32,0x35,0x31,0x35,0x31,0x20,0x32,0x30,0x20,0x31,0x32,0x20,0x32,0x30,0x43,0x31,
  0x36,0x2e,0x34,0x31,0x38,0x33,0x20,0x32,0x30,0x20,0x32,0x30,0x20,0x31,0x36,0x2e,
  0x34,0x31,0x38,0x33,0x20,0x32,0x30,0x20,0x31,0x32,0x48,0x32,0x32,0x5a,0x4d,0x31,
  0x31,0x2e,0x35,0x32,0x39,0x33,0x20,0x38,0x2e,0x33,0x31,0x39,0x33,0x34,0x43,0x31,
  0x31,0x2e,0x37,0x30,0x35,0x39,0x20,0x37,0x2e,0x38,0x39,0x33,0x35,0x20,0x31,0x32,
  0x2e,0x32,0x39,0x34,0x33,0x20,0x37,0x2e,0x38,0x39,0x33,0x34,0x39,0x20,0x31,0x32,
  0x2e,0x34,0x37,0x30,0x37,0x20,0x38,0x2e,0x33,0x31,0x39,0x33,0x34,0x4c,0x31,0x32,
  0x2e,0x37,0x32,0x33,0x36,0x20,0x38,0x2e,0x39,0x33,0x30,0x36,0x36,0x43,0x31,0x33,
  0x2e,0x31,0x35,0x35,0x36,0x20,0x39,0x2e,0x39,0x37,0x33,0x34,0x36,0x20,0x31,0x33,
  0x2e,0x39,0x36,0x31,0x35,0x20,0x31,0x30,0x2e,0x38,0x30,0x36,0x32,0x20,0x31,0x34,
  0x2e,0x39,0x37,0x34,0x36,0x20,0x31,0x31,0x2e,0x32,0x35,0x36,0x38,0x4c,0x31,0x35,
  0x2e,0x36,0x39,0x32,0x34,0x20,0x31,0x31,0x2e,0x35,0x37,0x36,0x32,0x43,0x31,0x36,
  0x2e,0x31,0x30,0x32,0x36,0x20,0x31,0x31,0x2e,0x37,0x35,0x39,0x20,0x31,0x36,0x2e,
  0x31,0x30,0x32,0x36,0x20,0x31,0x32,0x2e,0x33,0x35,0x36,0x32,0x20,0x31,0x35,0x2e,
  0x36,0x39,0x32,0x34,0x20,0x31,0x32,0x2e,0x35,0x33,0x39,0x31,0x4c,0x31,0x34,0x2e,
  0x39,0x33,0x32,0x36,0x20,0x31,0x32,0x2e,0x38,0x37,0x37,0x43,0x31,0x33,0x2e,0x39,
  0x34,0x34,0x39,0x20,0x31,0x33,0x2e,0x33,0x31,0x36,0x32,0x20,0x31,0x33,0x2e,0x31,
  0x35,0x33,0x34,0x20,0x31,0x34,0x2e,0x31,0x31,0x39,0x34,0x20,0x31,0x32,0x2e,0x37,
  0x31,0x33,0x39,0x20,0x31,0x35,0x2e,0x31,0x32,0x37,0x39,0x4c,0x31,0x32,0x2e,0x34,
  0x36,0x36,0x38,0x20,0x31,0x35,0x2e,0x36,0x39,0x33,0x34,0x43,0x31,0x32,0x2e,0x32,
  0x38,0x36,0x34,0x20,0x31,0x36,0x2e,0x31,0x30,0x37,0x35,0x20,0x31,0x31,0x2e,0x37,
  0x31,0x33,0x37,0x20,0x31,0x36,0x2e,0x31,0x30,0x37,0x35,0x20,0x31,0x31,0x2e,0x35,
  0x33,0x33,0x32,0x20,0x31,0x35,0x2e,0x36,0x39,0x33,0x34,0x4c,0x31,0x31,0x2e,0x32,
  0x38,0x37,0x31,0x20,0x31,0x35,0x2e,0x31,0x32,0x37,0x39,0x43,0x31,0x30,0x2e,0x38,
  0x34,0x37,0x36,0x20,0x31,0x34,0x2e,0x31,0x31,0x39,0x33,0x20,0x31,0x30,0x2e,0x30,
  0x35,0x35,0x32,0x20,0x31,0x33,0x2e,0x33,0x31,0x36,0x33,0x20,0x39,0x2e,0x30,0x36,
  0x37,0x33,0x38,0x20,0x31,0x32,0x2e,0x38,0x37,0x37,0x4c,0x38,0x2e,0x33,0x30,0x37,
  0x36,0x32,0x20,0x31,0x32,0x2e,0x35,0x33,0x39,0x31,0x43,0x37,0x2e,0x38,0x39,0x37,
  0x34,0x34,0x20,0x31,0x32,0x2e,0x33,0x35,0x36,0x32,0x20,0x37,0x2e,0x38,0x39,0x37,
  0x34,0x31,0x20,0x31,0x31,0x2e,0x37,0x35,0x39,0x20,0x38,0x2e,0x33,0x30,0x37,0x36,
  0x32,0x20,0x31,0x31,0x2e,0x35,0x37,0x36,0x32,0x4c,0x39,0x2e,0x30,0x32,0x35,0x33,
  0x39,0x20,0x31,0x31,0x2e,0x32,0x35,0x36,0x38,0x43,0x31,0x30,0x2e,0x30,0x33,0x38,
  0x35,0x20,0x31,0x30,0x2e,0x38,0x30,0x36,0x32,0x20,0x31,0x30,0x2e,0x38,0x34,0x34,
  0x35,0x20,0x39,0x2e,0x39,0x37,0x33,0x34,0x38,0x20,0x31,0x31,0x2e,0x32,0x37,0x36,
  0x34,0x20,0x38,0x2e,0x39,0x33,0x30,0x36,0x36,0x4c,0x31,0x31,0x2e,0x35,0x32,0x39,
  0x33,0x20,0x38,0x2e,0x33,0x31,0x39,0x33,0x34,0x5a,0x4d,0x31,0x32,0x20,0x32,0x43,
  0x31,0x35,0x2e,0x32,0x37,0x32,0x33,0x20,0x32,0x20,0x31,0x38,0x2e,0x31,0x37,0x36,
  0x32,0x20,0x33,0x2e,0x35,0x37,0x31,0x34,0x34,0x20,0x32,0x30,0x20,0x35,0x2e,0x39,
  0x39,0x39,0x30,0x32,0x56,0x33,0x2e,0x35,0x48,0x32,0x32,0x56,0x39,0x2e,0x35,0x48,
  0x31,0x36,0x56,0x37,0x2e,0x35,0x48,0x31,0x38,0x2e,0x36,0x31,0x35,0x32,0x43,0x31,
  0x37,0x2e,0x31,0x37,0x34,0x36,0x20,0x35,0x2e,0x33,0x38,0x36,0x33,0x34,0x20,0x31,
  0x34,0x2e,0x37,0x34,0x38,0x35,0x20,0x34,0x20,0x31,0x32,0x20,0x34,0x43,0x37,0x2e,
  0x35,0x38,0x31,0x37,0x32,0x20,0x34,0x20,0x34,0x20,0x37,0x2e,0x35,0x38,0x31,0x37,
  0x32,0x20,0x34,0x20,0x31,0x32,0x48,0x32,0x43,0x32,0x20,0x36,0x2e,0x34,0x37,0x37,
  0x31,0x35,0x20,0x36,0x2e,0x34,0x37,0x37,0x31,0x35,0x20,0x32,0x20,0x31,0x32,0x20,
  0x32,0x5a,0x22,0x3e,0x3c,0x2f,0x70,0x61,0x74,0x68,0x3e,0x3c,0x2f,0x73,0x76,0x67,
  0x3e,
    // E:/010-VisonPYC/VisionPYC/VisionPYC/VisionPYC/Styles/icon/toggle-fill.svg
  0x0,0x0,0x1,0x4f,
  0x3c,
  0x73,0x76,0x67,0x20,0x78,0x6d,0x6c,0x6e,0x73,0x3d,0x22,0x68,0x74,0x74,0x70,0x3a,
  0x2f,0x2f,0x77,0x77,0x77,0x2e,0x77,0x33,0x2e,0x6f,0x72,0x67,0x2f,0x32,0x30,0x30,
  0x30,0x2f,0x73,0x76,0x67,0x22,0x20,0x76,0x69,0x65,0x77,0x42,0x6f,0x78,0x3d,0x22,
  0x30,0x20,0x30,0x20,0x32,0x34,0x20,0x32,0x34,0x22,0x20,0x66,0x69,0x6c,0x6c,0x3d,
  0x22,0x72,0x67,0x62,0x61,0x28,0x30,0x2c,0x30,0x2c,0x30,0x2c,0x30,0x2e,0x36,0x38,
  0x29,0x22,0x3e,0x3c,0x70,0x61,0x74,0x68,0x20,0x64,0x3d,0x22,0x4d,0x38,0x20,0x35,
  0x48,0x31,0x36,0x43,0x31,0x39,0x2e,0x38,0x36,0x36,0x20,0x35,0x20,0x32,0x33,0x20,
  0x38,0x2e,0x31,0x33,0x34,0x30,0x31,0x20,0x32,0x33,0x20,0x31,0x32,0x43,0x32,0x33,
  0x20,0x31,0x35,0x2e,0x38,0x36,0x36,0x20,0x31,0x39,0x2e,0x38,0x36,0x36,0x20,0x31,
  0x39,0x20,0x31,0x36,0x20,0x31,0x39,0x48,0x38,0x43,0x34,0x2e,0x31,0x33,0x34,0x30,
  0x31,0x20,0x31,0x39,0x20,0x31,0x20,0x31,0x35,0x2e,0x38,0x36,0x36,0x20,0x31,0x20,
  0x31,0x32,0x43,0x31,0x20,0x38,0x2e,0x31,0x33,0x34,0x30,0x31,0x20,0x34,0x2e,0x31,
  0x33,0x34,0x30,0x31,0x20,0x35,0x20,0x38,0x20,0x35,0x5a,0x4d,0x31,0x36,0x20,0x31,
  0x35,0x43,0x31,0x37,0x2e,0x36,0x35,0x36,0x39,0x20,0x31,0x35,0x20,0x31,0x39,0x20,
  0x31,0x33,0x2e,0x36,0x35,0x36,0x39,0x20,0x31,0x39,0x20,0x31,0x32,0x43,0x31,0x39,
  0x20,0x31,0x30,0x2e,0x33,0x34,0x33,0x31,0x20,0x31,0x37,0x2e,0x36,0x35,0x36,0x39,
  0x20,0x39,0x20,0x31,0x36,0x20,0x39,0x43,0x31,0x34,0x2e,0x33,0x34,0x33,0x31,0x20,
  0x39,0x20,0x31,0x33,0x20,0x31,0x30,0x2e,0x33,0x34,0x33,0x31,0x20,0x31,0x33,0x20,
  0x31,0x32,0x43,0x31,0x33,0x20,0x31,0x33,0x2e,0x36,0x35,0x36,0x39,0x20,0x31,0x34,
  0x2e,0x33,0x34,0x33,0x31,0x20,0x31,0x35,0x20,0x31,0x36,0x20,0x31,0x35,0x5a,0x22,
  0x3e,0x3c,0x2f,0x70,0x61,0x74,0x68,0x3e,0x3c,0x2f,0x73,0x76,0x67,0x3e,
    // E:/010-VisonPYC/VisionPYC/VisionPYC/VisionPYC/Styles/icon/list-settings-fill.svg
  0x0,0x0,0x3,0x5c,
  0x3c,
  0x73,0x76,0x67,0x20,0x78,0x6d,0x6c,0x6e,0x73,0x3d,0x22,0x68,0x74,0x74,0x70,0x3a,
  0x2f,0x2f,0x77,0x77,0x77,0x2e,0x77,0x33,0x2e,0x6f,0x72,0x67,0x2f,0x32,0x30,0x30,
  0x30,0x2f,0x73,0x76,0x67,0x22,0x20,0x76,0x69,0x65,0x77,0x42,0x6f,0x78,0x3d,0x22,
  0x30,0x20,0x30,0x20,0x32,0x34,0x20,0x32,0x34,0x22,0x20,0x66,0x69,0x6c,0x6c,0x3d,
  0x22,0x72,0x67,0x62,0x61,0x28,0x30,0x2c,0x30,0x2c,0x30,0x2c,0x30,0x2e,0x36,0x38,
  0x29,0x22,0x3e,0x3c,0x70,0x61,0x74,0x68,0x20,0x64,0x3d,0x22,0x4d,0x32,0x20,0x31,
  0x38,0x48,0x39,0x56,0x32,0x30,0x48,0x32,0x56,0x31,0x38,0x5a,0x4d,0x32,0x20,0x31,
  0x31,0x48,0x31,0x31,0x56,0x31,0x33,0x48,0x32,0x56,0x31,0x31,0x5a,0x4d,0x32,0x20,
  0x34,0x48,0x32,0x32,0x56,0x36,0x48,0x32,0x56,0x34,0x5a,0x4d,0x32,0x30,0x2e,0x36,
  0x37,0x34,0x20,0x31,0x33,0x2e,0x30,0x32,0x35,0x31,0x4c,0x32,0x31,0x2e,0x38,0x33,
  0x30,0x31,0x20,0x31,0x32,0x2e,0x36,0x33,0x34,0x4c,0x32,0x32,0x2e,0x38,0x33,0x30,
  0x31,0x20,0x31,0x34,0x2e,0x33,0x36,0x36,0x4c,0x32,0x31,0x2e,0x39,0x31,0x34,0x20,
  0x31,0x35,0x2e,0x31,0x37,0x31,0x31,0x43,0x32,0x31,0x2e,0x39,0x37,0x30,0x34,0x20,
  0x31,0x35,0x2e,0x34,0x33,0x38,0x36,0x20,0x32,0x32,0x20,0x31,0x35,0x2e,0x37,0x31,
  0x35,0x38,0x20,0x32,0x32,0x20,0x31,0x36,0x43,0x32,0x32,0x20,0x31,0x36,0x2e,0x32,
  0x38,0x34,0x32,0x20,0x32,0x31,0x2e,0x39,0x37,0x30,0x34,0x20,0x31,0x36,0x2e,0x35,
  0x36,0x31,0x34,0x20,0x32,0x31,0x2e,0x39,0x31,0x34,0x20,0x31,0x36,0x2e,0x38,0x32,
  0x38,0x39,0x4c,0x32,0x32,0x2e,0x38,0x33,0x30,0x31,0x20,0x31,0x37,0x2e,0x36,0x33,
  0x34,0x4c,0x32,0x31,0x2e,0x38,0x33,0x30,0x31,0x20,0x31,0x39,0x2e,0x33,0x36,0x36,
  0x4c,0x32,0x30,0x2e,0x36,0x37,0x34,0x20,0x31,0x38,0x2e,0x39,0x37,0x34,0x39,0x43,
  0x32,0x30,0x2e,0x32,0x36,0x33,0x35,0x20,0x31,0x39,0x2e,0x33,0x34,0x34,0x31,0x20,
  0x31,0x39,0x2e,0x37,0x37,0x36,0x33,0x20,0x31,0x39,0x2e,0x36,0x32,0x39,0x35,0x20,
  0x31,0x39,0x2e,0x32,0x33,0x39,0x31,0x20,0x31,0x39,0x2e,0x38,0x30,0x34,0x34,0x4c,
  0x31,0x39,0x20,0x32,0x31,0x48,0x31,0x37,0x4c,0x31,0x36,0x2e,0x37,0x36,0x30,0x39,
  0x20,0x31,0x39,0x2e,0x38,0x30,0x34,0x34,0x43,0x31,0x36,0x2e,0x32,0x32,0x33,0x37,
  0x20,0x31,0x39,0x2e,0x36,0x32,0x39,0x35,0x20,0x31,0x35,0x2e,0x37,0x33,0x36,0x35,
  0x20,0x31,0x39,0x2e,0x33,0x34,0x34,0x31,0x20,0x31,0x35,0x2e,0x33,0x32,0x36,0x20,
  0x31,0x38,0x2e,0x39,0x37,0x34,0x39,0x4c,0x31,0x34,0x2e,0x31,0x36,0x39,0x39,0x20,
  0x31,0x39,0x2e,0x33,0x36,0x36,0x4c,0x31,0x33,0x2e,0x31,0x36,0x39,0x39,0x20,0x31,
  0x37,0x2e,0x36,0x33,0x34,0x4c,0x31,0x34,0x2e,0x30,0x38,0x36,0x20,0x31,0x36,0x2e,
  0x38,0x32,0x38,0x39,0x43,0x31,0x34,0x2e,0x30,0x32,0x39,0x36,0x20,0x31,0x36,0x2e,
  0x35,0x36,0x31,0x34,0x20,0x31,0x34,0x20,0x31,0x36,0x2e,0x32,0x38,0x34,0x32,0x20,
  0x31,0x34,0x20,0x31,0x36,0x43,0x31,0x34,0x20,0x31,0x35,0x2e,0x37,0x31,0x35,0x38,
  0x20,0x31,0x34,0x2e,0x30,0x32,0x39,0x36,0x20,0x31,0x35,0x2e,0x34,0x33,0x38,0x36,
  0x20,0x31,0x34,0x2e,0x30,0x38,0x36,0x20,0x31,0x35,0x2e,0x31,0x37,0x31,0x31,0x4c,
  0x31,0x33,0x2e,0x31,0x36,0x39,0x39,0x20,0x31,0x34,0x2e,0x33,0x36,0x36,0x4c,0x31,
  0x34,0x2e,0x31,0x36,0x39,0x39,0x20,0x31,0x32,0x2e,0x36,0x33,0x34,0x4c,0x31,0x35,
  0x2e,0x33,0x32,0x36,0x20,0x31,0x33,0x2e,0x30,0x32,0x35,0x31,0x43,0x31,0x35,0x2e,
  0x37,0x33,0x36,0x35,0x20,0x31,0x32,0x2e,0x36,0x35,0x35,0x39,0x20,0x31,0x36,0x2e,
  0x32,0x32,0x33,0x37,0x20,0x31,0x32,0x2e,0x33,0x37,0x30,0x35,0x20,0x31,0x36,0x2e,
  0x37,0x36,0x30,0x39,0x20,0x31,0x32,0x2e,0x31,0x39,0x35,0x36,0x4c,0x31,0x37,0x20,
  0x31,0x31,0x48,0x31,0x39,0x4c,0x31,0x39,0x2e,0x32,0x33,0x39,0x31,0x20,0x31,0x32,
  0x2e,0x31,0x39,0x35,0x36,0x43,0x31,0x39,0x2e,0x37,0x37,0x36,0x33,0x20,0x31,0x32,
  0x2e,0x33,0x37,0x30,0x35,0x20,0x32,0x30,0x2e,0x32,0x36,0x33,0x35,0x20,0x31,0x32,
  0x2e,0x36,0x35,0x35,0x39,0x20,0x32,0x30,0x2e,0x36,0x37,0x34,0x20,0x31,0x33,0x2e,
  0x30,0x32,0x35,0x31,0x5a,0x4d,0x31,0x38,0x20,0x31,0x37,0x43,0x31,0x38,0x2e,0x35,
  0x35,0x32,0x33,0x20,0x31,0x37,0x20,0x31,0x39,0x20,0x31,0x36,0x2e,0x35,0x35,0x32,
  0x33,0x20,0x31,0x39,0x20,0x31,0x36,0x43,0x31,0x39,0x20,0x31,0x35,0x2e,0x34,0x34,
  0x37,0x37,0x20,0x31,0x38,0x2e,0x35,0x35,0x32,0x33,0x20,0x31,0x35,0x20,0x31,0x38,
  0x20,0x31,0x35,0x43,0x31,0x37,0x2e,0x34,0x34,0x37,0x37,0x20,0x31,0x35,0x20,0x31,
  0x37,0x20,0x31,0x35,0x2e,0x34,0x34,0x37,0x37,0x20,0x31,0x37,0x20,0x31,0x36,0x43,
  0x31,0x37,0x20,0x31,0x36,0x2e,0x35,0x35,0x32,0x33,0x20,0x31,0x37,0x2e,0x34,0x34,
  0x37,0x37,0x20,0x31,0x37,0x20,0x31,0x38,0x20,0x31,0x37,0x5a,0x22,0x3e,0x3c,0x2f,
  0x70,0x61,0x74,0x68,0x3e,0x3c,0x2f,0x73,0x76,0x67,0x3e,
    // E:/010-VisonPYC/VisionPYC/VisionPYC/VisionPYC/Styles/icon/progress-3-line.svg
  0x0,0x0,0x1,0xa2,
  0x3c,
  0x73,0x76,0x67,0x20,0x78,0x6d,0x6c,0x6e,0x73,0x3d,0x22,0x68,0x74,0x74,0x70,0x3a,
  0x2f,0x2f,0x77,0x77,0x77,0x2e,0x77,0x33,0x2e,0x6f,0x72,0x67,0x2f,0x32,0x30,0x30,
  0x30,0x2f,0x73,0x76,0x67,0x22,0x20,0x76,0x69,0x65,0x77,0x42,0x6f,0x78,0x3d,0x22,
  0x30,0x20,0x30,0x20,0x32,0x34,0x20,0x32,0x34,0x22,0x20,0x66,0x69,0x6c,0x6c,0x3d,
  0x22,0x72,0x67,0x62,0x61,0x28,0x30,0x2c,0x30,0x2c,0x30,0x2c,0x30,0x2e,0x36,0x38,
  0x29,0x22,0x3e,0x3c,0x70,0x61,0x74,0x68,0x20,0x64,0x3d,0x22,0x4d,0x32,0x20,0x31,
  0x32,0x43,0x32,0x20,0x31,0x37,0x2e,0x35,0x32,0x32,0x38,0x20,0x36,0x2e,0x34,0x37,
  0x37,0x31,0x35,0x20,0x32,0x32,0x20,0x31,0x32,0x20,0x32,0x32,0x43,0x31,0x37,0x2e,
  0x35,0x32,0x32,0x38,0x20,0x32,0x32,0x20,0x32,0x32,0x20,0x31,0x37,0x2e,0x35,0x32,
  0x32,0x38,0x20,0x32,0x32,0x20,0x31,0x32,0x43,0x32,0x32,0x20,0x36,0x2e,0x34,0x37,
  0x37,0x31,0x35,0x20,0x31,0x37,0x2e,0x35,0x32,0x32,0x38,0x20,0x32,0x20,0x31,0x32,
  0x20,0x32,0x43,0x36,0x2e,0x34,0x37,0x37,0x31,0x35,0x20,0x32,0x20,0x32,0x20,0x36,
  0x2e,0x34,0x37,0x37,0x31,0x35,0x20,0x32,0x20,0x31,0x32,0x5a,0x4d,0x32,0x30,0x20,
  0x31,0x32,0x43,0x32,0x30,0x20,0x31,0x36,0x2e,0x34,0x31,0x38,0x33,0x20,0x31,0x36,
  0x2e,0x34,0x31,0x38,0x33,0x20,0x32,0x30,0x20,0x31,0x32,0x20,0x32,0x30,0x43,0x37,
  0x2e,0x35,0x38,0x31,0x37,0x32,0x20,0x32,0x30,0x20,0x34,0x20,0x31,0x36,0x2e,0x34,
  0x31,0x38,0x33,0x20,0x34,0x20,0x31,0x32,0x43,0x34,0x20,0x37,0x2e,0x35,0x38,0x31,
  0x37,0x32,0x20,0x37,0x2e,0x35,0x38,0x31,0x37,0x32,0x20,0x34,0x20,0x31,0x32,0x20,
  0x34,0x43,0x31,0x36,0x2e,0x34,0x31,0x38,0x33,0x20,0x34,0x20,0x32,0x30,0x20,0x37,
  0x2e,0x35,0x38,0x31,0x37,0x32,0x20,0x32,0x30,0x20,0x31,0x32,0x5a,0x4d,0x31,0x38,
  0x20,0x31,0x32,0x43,0x31,0x38,0x20,0x31,0x33,0x2e,0x36,0x35,0x36,0x39,0x20,0x31,
  0x37,0x2e,0x33,0x32,0x38,0x34,0x20,0x31,0x35,0x2e,0x31,0x35,0x36,0x39,0x20,0x31,
  0x36,0x2e,0x32,0x34,0x32,0x36,0x20,0x31,0x36,0x2e,0x32,0x34,0x32,0x36,0x4c,0x31,
  0x32,0x20,0x31,0x32,0x56,0x36,0x43,0x31,0x35,0x2e,0x33,0x31,0x33,0x37,0x20,0x36,
  0x20,0x31,0x38,0x20,0x38,0x2e,0x36,0x38,0x36,0x32,0x39,0x20,0x31,0x38,0x20,0x31,
  0x32,0x5a,0x22,0x3e,0x3c,0x2f,0x70,0x61,0x74,0x68,0x3e,0x3c,0x2f,0x73,0x76,0x67,
  0x3e,
    // E:/010-VisonPYC/VisionPYC/VisionPYC/VisionPYC/Styles/icon/repeat-line.svg
  0x0,0x0,0x0,0xe4,
  0x3c,
  0x73,0x76,0x67,0x20,0x78,0x6d,0x6c,0x6e,0x73,0x3d,0x22,0x68,0x74,0x74,0x70,0x3a,
  0x2f,0x2f,0x77,0x77,0x77,0x2e,0x77,0x33,0x2e,0x6f,0x72,0x67,0x2f,0x32,0x30,0x30,
  0x30,0x2f,0x73,0x76,0x67,0x22,0x20,0x76,0x69,0x65,0x77,0x42,0x6f,0x78,0x3d,0x22,
  0x30,0x20,0x30,0x20,0x32,0x34,0x20,0x32,0x34,0x22,0x20,0x66,0x69,0x6c,0x6c,0x3d,
  0x22,0x72,0x67,0x62,0x61,0x28,0x30,0x2c,0x30,0x2c,0x30,0x2c,0x30,0x2e,0x36,0x38,
  0x29,0x22,0x3e,0x3c,0x70,0x61,0x74,0x68,0x20,0x64,0x3d,0x22,0x4d,0x36,0x20,0x34,
  0x48,0x32,0x31,0x43,0x32,0x31,0x2e,0x35,0x35,0x32,0x33,0x20,0x34,0x20,0x32,0x32,
  0x20,0x34,0x2e,0x34,0x34,0x37,0x37,0x32,0x20,0x32,0x32,0x20,0x35,0x56,0x31,0x32,
  0x48,0x32,0x30,0x56,0x36,0x48,0x36,0x56,0x39,0x4c,0x31,0x20,0x35,0x4c,0x36,0x20,
  0x31,0x56,0x34,0x5a,0x4d,0x31,0x38,0x20,0x32,0x30,0x48,0x33,0x43,0x32,0x2e,0x34,
  0x34,0x37,0x37,0x32,0x20,0x32,0x30,0x20,0x32,0x20,0x31,0x39,0x2e,0x35,0x35,0x32,
  0x33,0x20,0x32,0x20,0x31,0x39,0x56,0x31,0x32,0x48,0x34,0x56,0x31,0x38,0x48,0x31,
  0x38,0x56,0x31,0x35,0x4c,0x32,0x33,0x20,0x31,0x39,0x4c,0x31,0x38,0x20,0x32,0x33,
  0x56,0x32,0x30,0x5a,0x22,0x3e,0x3c,0x2f,0x70,0x61,0x74,0x68,0x3e,0x3c,0x2f,0x73,
  0x76,0x67,0x3e,
    // E:/010-VisonPYC/VisionPYC/VisionPYC/VisionPYC/Styles/icon/folder-2-fill.svg
  0x0,0x0,0x1,0x7,
  0x3c,
  0x73,0x76,0x67,0x20,0x78,0x6d,0x6c,0x6e,0x73,0x3d,0x22,0x68,0x74,0x74,0x70,0x3a,
  0x2f,0x2f,0x77,0x77,0x77,0x2e,0x77,0x33,0x2e,0x6f,0x72,0x67,0x2f,0x32,0x30,0x30,
  0x30,0x2f,0x73,0x76,0x67,0x22,0x20,0x76,0x69,0x65,0x77,0x42,0x6f,0x78,0x3d,0x22,
  0x30,0x20,0x30,0x20,0x32,0x34,0x20,0x32,0x34,0x22,0x20,0x66,0x69,0x6c,0x6c,0x3d,
  0x22,0x72,0x67,0x62,0x61,0x28,0x30,0x2c,0x30,0x2c,0x30,0x2c,0x30,0x2e,0x36,0x38,
  0x29,0x22,0x3e,0x3c,0x70,0x61,0x74,0x68,0x20,0x64,0x3d,0x22,0x4d,0x32,0x32,0x20,
  0x31,0x31,0x56,0x32,0x30,0x43,0x32,0x32,0x20,0x32,0x30,0x2e,0x35,0x35,0x32,0x33,
  0x20,0x32,0x31,0x2e,0x35,0x35,0x32,0x33,0x20,0x32,0x31,0x20,0x32,0x31,0x20,0x32,
  0x31,0x48,0x33,0x43,0x32,0x2e,0x34,0x34,0x37,0x37,0x32,0x20,0x32,0x31,0x20,0x32,
  0x20,0x32,0x30,0x2e,0x35,0x35,0x32,0x33,0x20,0x32,0x20,0x32,0x30,0x56,0x31,0x31,
  0x48,0x32,0x32,0x5a,0x4d,0x32,0x32,0x20,0x39,0x48,0x32,0x56,0x34,0x43,0x32,0x20,
  0x33,0x2e,0x34,0x34,0x37,0x37,0x32,0x20,0x32,0x2e,0x34,0x34,0x37,0x37,0x32,0x20,
  0x33,0x20,0x33,0x20,0x33,0x48,0x31,0x30,0x2e,0x34,0x31,0x34,0x32,0x4c,0x31,0x32,
  0x2e,0x34,0x31,0x34,0x32,0x20,0x35,0x48,0x32,0x31,0x43,0x32,0x31,0x2e,0x35,0x35,
  0x32,0x33,0x20,0x35,0x20,0x32,0x32,0x20,0x35,0x2e,0x34,0x34,0x37,0x37,0x32,0x20,
  0x32,0x32,0x20,0x36,0x56,0x39,0x5a,0x22,0x3e,0x3c,0x2f,0x70,0x61,0x74,0x68,0x3e,
  0x3c,0x2f,0x73,0x76,0x67,0x3e,
    // E:/010-VisonPYC/VisionPYC/VisionPYC/VisionPYC/Styles/icon/close-large-fill.svg
  0x0,0x0,0x1,0x2c,
  0x3c,
  0x73,0x76,0x67,0x20,0x78,0x6d,0x6c,0x6e,0x73,0x3d,0x22,0x68,0x74,0x74,0x70,0x3a,
  0x2f,0x2f,0x77,0x77,0x77,0x2e,0x77,0x33,0x2e,0x6f,0x72,0x67,0x2f,0x32,0x30,0x30,
  0x30,0x2f,0x73,0x76,0x67,0x22,0x20,0x76,0x69,0x65,0x77,0x42,0x6f,0x78,0x3d,0x22,
  0x30,0x20,0x30,0x20,0x32,0x34,0x20,0x32,0x34,0x22,0x20,0x66,0x69,0x6c,0x6c,0x3d,
  0x22,0x72,0x67,0x62,0x61,0x28,0x30,0x2c,0x30,0x2c,0x30,0x2c,0x30,0x2e,0x36,0x38,
  0x29,0x22,0x3e,0x3c,0x70,0x61,0x74,0x68,0x20,0x64,0x3d,0x22,0x4d,0x31,0x30,0x2e,
  0x35,0x38,0x35,0x39,0x20,0x31,0x32,0x4c,0x32,0x2e,0x37,0x39,0x32,0x39,0x37,0x20,
  0x34,0x2e,0x32,0x30,0x37,0x30,0x36,0x4c,0x34,0x2e,0x32,0x30,0x37,0x31,0x38,0x20,
  0x32,0x2e,0x37,0x39,0x32,0x38,0x35,0x4c,0x31,0x32,0x2e,0x30,0x30,0x30,0x31,0x20,
  0x31,0x30,0x2e,0x35,0x38,0x35,0x37,0x4c,0x31,0x39,0x2e,0x37,0x39,0x33,0x20,0x32,
  0x2e,0x37,0x39,0x32,0x38,0x35,0x4c,0x32,0x31,0x2e,0x32,0x30,0x37,0x32,0x20,0x34,
  0x2e,0x32,0x30,0x37,0x30,0x36,0x4c,0x31,0x33,0x2e,0x34,0x31,0x34,0x33,0x20,0x31,
  0x32,0x4c,0x32,0x31,0x2e,0x32,0x30,0x37,0x32,0x20,0x31,0x39,0x2e,0x37,0x39,0x32,
  0x38,0x4c,0x31,0x39,0x2e,0x37,0x39,0x33,0x20,0x32,0x31,0x2e,0x32,0x30,0x37,0x31,
  0x4c,0x31,0x32,0x2e,0x30,0x30,0x30,0x31,0x20,0x31,0x33,0x2e,0x34,0x31,0x34,0x32,
  0x4c,0x34,0x2e,0x32,0x30,0x37,0x31,0x38,0x20,0x32,0x31,0x2e,0x32,0x30,0x37,0x31,
  0x4c,0x32,0x2e,0x37,0x39,0x32,0x39,0x37,0x20,0x31,0x39,0x2e,0x37,0x39,0x32,0x38,
  0x4c,0x31,0x30,0x2e,0x35,0x38,0x35,0x39,0x20,0x31,0x32,0x5a,0x22,0x3e,0x3c,0x2f,
  0x70,0x61,0x74,0x68,0x3e,0x3c,0x2f,0x73,0x76,0x67,0x3e,
    // E:/010-VisonPYC/VisionPYC/VisionPYC/VisionPYC/Styles/icon/progress-3-fill.svg
  0x0,0x0,0x1,0x32,
  0x3c,
  0x73,0x76,0x67,0x20,0x78,0x6d,0x6c,0x6e,0x73,0x3d,0x22,0x68,0x74,0x74,0x70,0x3a,
  0x2f,0x2f,0x77,0x77,0x77,0x2e,0x77,0x33,0x2e,0x6f,0x72,0x67,0x2f,0x32,0x30,0x30,
  0x30,0x2f,0x73,0x76,0x67,0x22,0x20,0x76,0x69,0x65,0x77,0x42,0x6f,0x78,0x3d,0x22,
  0x30,0x20,0x30,0x20,0x32,0x34,0x20,0x32,0x34,0x22,0x20,0x66,0x69,0x6c,0x6c,0x3d,
  0x22,0x72,0x67,0x62,0x61,0x28,0x30,0x2c,0x30,0x2c,0x30,0x2c,0x30,0x2e,0x36,0x38,
  0x29,0x22,0x3e,0x3c,0x70,0x61,0x74,0x68,0x20,0x64,0x3d,0x22,0x4d,0x31,0x32,0x20,
  0x32,0x32,0x43,0x31,0x37,0x2e,0x35,0x32,0x32,0x38,0x20,0x32,0x32,0x20,0x32,0x32,
  0x20,0x31,0x37,0x2e,0x35,0x32,0x32,0x38,0x20,0x32,0x32,0x20,0x31,0x32,0x43,0x32,
  0x32,0x20,0x36,0x2e,0x34,0x37,0x37,0x31,0x35,0x20,0x31,0x37,0x2e,0x35,0x32,0x32,
  0x38,0x20,0x32,0x20,0x31,0x32,0x20,0x32,0x43,0x36,0x2e,0x34,0x37,0x37,0x31,0x35,
  0x20,0x32,0x20,0x32,0x20,0x36,0x2e,0x34,0x37,0x37,0x31,0x35,0x20,0x32,0x20,0x31,
  0x32,0x43,0x32,0x20,0x31,0x37,0x2e,0x35,0x32,0x32,0x38,0x20,0x36,0x2e,0x34,0x37,
  0x37,0x31,0x35,0x20,0x32,0x32,0x20,0x31,0x32,0x20,0x32,0x32,0x5a,0x4d,0x31,0x38,
  0x20,0x31,0x32,0x43,0x31,0x38,0x20,0x31,0x33,0x2e,0x36,0x35,0x36,0x39,0x20,0x31,
  0x37,0x2e,0x33,0x32,0x38,0x34,0x20,0x31,0x35,0x2e,0x31,0x35,0x36,0x39,0x20,0x31,
  0x36,0x2e,0x32,0x34,0x32,0x36,0x20,0x31,0x36,0x2e,0x32,0x34,0x32,0x36,0x4c,0x31,
  0x32,0x20,0x31,0x32,0x56,0x36,0x43,0x31,0x35,0x2e,0x33,0x31,0x33,0x37,0x20,0x36,
  0x20,0x31,0x38,0x20,0x38,0x2e,0x36,0x38,0x36,0x32,0x39,0x20,0x31,0x38,0x20,0x31,
  0x32,0x5a,0x22,0x3e,0x3c,0x2f,0x70,0x61,0x74,0x68,0x3e,0x3c,0x2f,0x73,0x76,0x67,
  0x3e,
    // E:/010-VisonPYC/VisionPYC/VisionPYC/VisionPYC/Styles/icon/close-fill.svg
  0x0,0x0,0x1,0x3d,
  0x3c,
  0x73,0x76,0x67,0x20,0x78,0x6d,0x6c,0x6e,0x73,0x3d,0x22,0x68,0x74,0x74,0x70,0x3a,
  0x2f,0x2f,0x77,0x77,0x77,0x2e,0x77,0x33,0x2e,0x6f,0x72,0x67,0x2f,0x32,0x30,0x30,
  0x30,0x2f,0x73,0x76,0x67,0x22,0x20,0x76,0x69,0x65,0x77,0x42,0x6f,0x78,0x3d,0x22,
  0x30,0x20,0x30,0x20,0x32,0x34,0x20,0x32,0x34,0x22,0x20,0x66,0x69,0x6c,0x6c,0x3d,
  0x22,0x72,0x67,0x62,0x61,0x28,0x30,0x2c,0x30,0x2c,0x30,0x2c,0x30,0x2e,0x36,0x38,
  0x29,0x22,0x3e,0x3c,0x70,0x61,0x74,0x68,0x20,0x64,0x3d,0x22,0x4d,0x31,0x31,0x2e,
  0x39,0x39,0x39,0x37,0x20,0x31,0x30,0x2e,0x35,0x38,0x36,0x35,0x4c,0x31,0x36,0x2e,
  0x39,0x34,0x39,0x35,0x20,0x35,0x2e,0x36,0x33,0x36,0x37,0x32,0x4c,0x31,0x38,0x2e,
  0x33,0x36,0x33,0x37,0x20,0x37,0x2e,0x30,0x35,0x30,0x39,0x33,0x4c,0x31,0x33,0x2e,
  0x34,0x31,0x33,0x39,0x20,0x31,0x32,0x2e,0x30,0x30,0x30,0x37,0x4c,0x31,0x38,0x2e,
  0x33,0x36,0x33,0x37,0x20,0x31,0x36,0x2e,0x39,0x35,0x30,0x34,0x4c,0x31,0x36,0x2e,
  0x39,0x34,0x39,0x35,0x20,0x31,0x38,0x2e,0x33,0x36,0x34,0x36,0x4c,0x31,0x31,0x2e,
  0x39,0x39,0x39,0x37,0x20,0x31,0x33,0x2e,0x34,0x31,0x34,0x39,0x4c,0x37,0x2e,0x30,
  0x34,0x39,0x39,0x36,0x20,0x31,0x38,0x2e,0x33,0x36,0x34,0x36,0x4c,0x35,0x2e,0x36,
  0x33,0x35,0x37,0x34,0x20,0x31,0x36,0x2e,0x39,0x35,0x30,0x34,0x4c,0x31,0x30,0x2e,
  0x35,0x38,0x35,0x35,0x20,0x31,0x32,0x2e,0x30,0x30,0x30,0x37,0x4c,0x35,0x2e,0x36,
  0x33,0x35,0x37,0x34,0x20,0x37,0x2e,0x30,0x35,0x30,0x39,0x33,0x4c,0x37,0x2e,0x30,
  0x34,0x39,0x39,0x36,0x20,0x35,0x2e,0x36,0x33,0x36,0x37,0x32,0x4c,0x31,0x31,0x2e,
  0x39,0x39,0x39,0x37,0x20,0x31,0x30,0x2e,0x35,0x38,0x36,0x35,0x5a,0x22,0x3e,0x3c,
  0x2f,0x70,0x61,0x74,0x68,0x3e,0x3c,0x2f,0x73,0x76,0x67,0x3e,
    // E:/010-VisonPYC/VisionPYC/VisionPYC/VisionPYC/Styles/icon/add-fill.svg
  0x0,0x0,0x0,0x95,
  0x3c,
  0x73,0x76,0x67,0x20,0x78,0x6d,0x6c,0x6e,0x73,0x3d,0x22,0x68,0x74,0x74,0x70,0x3a,
  0x2f,0x2f,0x77,0x77,0x77,0x2e,0x77,0x33,0x2e,0x6f,0x72,0x67,0x2f,0x32,0x30,0x30,
  0x30,0x2f,0x73,0x76,0x67,0x22,0x20,0x76,0x69,0x65,0x77,0x42,0x6f,0x78,0x3d,0x22,
  0x30,0x20,0x30,0x20,0x32,0x34,0x20,0x32,0x34,0x22,0x20,0x66,0x69,0x6c,0x6c,0x3d,
  0x22,0x72,0x67,0x62,0x61,0x28,0x30,0x2c,0x30,0x2c,0x30,0x2c,0x30,0x2e,0x36,0x38,
  0x29,0x22,0x3e,0x3c,0x70,0x61,0x74,0x68,0x20,0x64,0x3d,0x22,0x4d,0x31,0x31,0x20,
  0x31,0x31,0x56,0x35,0x48,0x31,0x33,0x56,0x31,0x31,0x48,0x31,0x39,0x56,0x31,0x33,
  0x48,0x31,0x33,0x56,0x31,0x39,0x48,0x31,0x31,0x56,0x31,0x33,0x48,0x35,0x56,0x31,
  0x31,0x48,0x31,0x31,0x5a,0x22,0x3e,0x3c,0x2f,0x70,0x61,0x74,0x68,0x3e,0x3c,0x2f,
  0x73,0x76,0x67,0x3e,
    // E:/010-VisonPYC/VisionPYC/VisionPYC/VisionPYC/Styles/icon/filter-fill.svg
  0x0,0x0,0x0,0x91,
  0x3c,
  0x73,0x76,0x67,0x20,0x78,0x6d,0x6c,0x6e,0x73,0x3d,0x22,0x68,0x74,0x74,0x70,0x3a,
  0x2f,0x2f,0x77,0x77,0x77,0x2e,0x77,0x33,0x2e,0x6f,0x72,0x67,0x2f,0x32,0x30,0x30,
  0x30,0x2f,0x73,0x76,0x67,0x22,0x20,0x76,0x69,0x65,0x77,0x42,0x6f,0x78,0x3d,0x22,
  0x30,0x20,0x30,0x20,0x32,0x34,0x20,0x32,0x34,0x22,0x20,0x66,0x69,0x6c,0x6c,0x3d,
  0x22,0x72,0x67,0x62,0x61,0x28,0x30,0x2c,0x30,0x2c,0x30,0x2c,0x30,0x2e,0x36,0x38,
  0x29,0x22,0x3e,0x3c,0x70,0x61,0x74,0x68,0x20,0x64,0x3d,0x22,0x4d,0x32,0x31,0x20,
  0x34,0x56,0x36,0x48,0x32,0x30,0x4c,0x31,0x34,0x20,0x31,0x35,0x56,0x32,0x32,0x48,
  0x31,0x30,0x56,0x31,0x35,0x4c,0x34,0x20,0x36,0x48,0x33,0x56,0x34,0x48,0x32,0x31,
  0x5a,0x22,0x3e,0x3c,0x2f,0x70,0x61,0x74,0x68,0x3e,0x3c,0x2f,0x73,0x76,0x67,0x3e,
  
    // E:/010-VisonPYC/VisionPYC/VisionPYC/VisionPYC/Styles/icon/search-line.svg
  0x0,0x0,0x1,0xed,
  0x3c,
  0x73,0x76,0x67,0x20,0x78,0x6d,0x6c,0x6e,0x73,0x3d,0x22,0x68,0x74,0x74,0x70,0x3a,
  0x2f,0x2f,0x77,0x77,0x77,0x2e,0x77,0x33,0x2e,0x6f,0x72,0x67,0x2f,0x32,0x30,0x30,
  0x30,0x2f,0x73,0x76,0x67,0x22,0x20,0x76,0x69,0x65,0x77,0x42,0x6f,0x78,0x3d,0x22,
  0x30,0x20,0x30,0x20,0x32,0x34,0x20,0x32,0x34,0x22,0x20,0x66,0x69,0x6c,0x6c,0x3d,
  0x22,0x72,0x67,0x62,0x61,0x28,0x30,0x2c,0x30,0x2c,0x30,0x2c,0x30,0x2e,0x36,0x38,
  0x29,0x22,0x3e,0x3c,0x70,0x61,0x74,0x68,0x20,0x64,0x3d,0x22,0x4d,0x31,0x38,0x2e,
  0x30,0x33,0x31,0x20,0x31,0x36,0x2e,0x36,0x31,0x36,0x38,0x4c,0x32,0x32,0x2e,0x33,
  0x31,0x33,0x37,0x20,0x32,0x30,0x2e,0x38,0x39,0x39,0x35,0x4c,0x32,0x30,0x2e,0x38,
  0x39,0x39,0x35,0x20,0x32,0x32,0x2e,0x33,0x31,0x33,0x37,0x4c,0x31,0x36,0x2e,0x36,
  0x31,0x36,0x38,0x20,0x31,0x38,0x2e,0x30,0x33,0x31,0x43,0x31,0x35,0x2e,0x30,0x37,
  0x36,0x39,0x20,0x31,0x39,0x2e,0x32,0x36,0x33,0x20,0x31,0x33,0x2e,0x31,0x32,0x34,
  0x20,0x32,0x30,0x20,0x31,0x31,0x20,0x32,0x30,0x43,0x36,0x2e,0x30,0x33,0x32,0x20,
  0x32,0x30,0x20,0x32,0x20,0x31,0x35,0x2e,0x39,0x36,0x38,0x20,0x32,0x20,0x31,0x31,
  0x43,0x32,0x20,0x36,0x2e,0x30,0x33,0x32,0x20,0x36,0x2e,0x30,0x33,0x32,0x20,0x32,
  0x20,0x31,0x31,0x20,0x32,0x43,0x31,0x35,0x2e,0x39,0x36,0x38,0x20,0x32,0x20,0x32,
  0x30,0x20,0x36,0x2e,0x30,0x33,0x32,0x20,0x32,0x30,0x20,0x31,0x31,0x43,0x32,0x30,
  0x20,0x31,0x33,0x2e,0x31,0x32,0x34,0x20,0x31,0x39,0x2e,0x32,0x36,0x33,0x20,0x31,
  0x35,0x2e,0x30,0x37,0x36,0x39,0x20,0x31,0x38,0x2e,0x30,0x33,0x31,0x20,0x31,0x36,
  0x2e,0x36,0x31,0x36,0x38,0x5a,0x4d,0x31,0x36,0x2e,0x30,0x32,0x34,0x37,0x20,0x31,
  0x35,0x2e,0x38,0x37,0x34,0x38,0x43,0x31,0x37,0x2e,0x32,0x34,0x37,0x35,0x20,0x31,
  0x34,0x2e,0x36,0x31,0x34,0x36,0x20,0x31,0x38,0x20,0x31,0x32,0x2e,0x38,0x39,0x35,
  0x36,0x20,0x31,0x38,0x20,0x31,0x31,0x43,0x31,0x38,0x20,0x37,0x2e,0x31,0x33,0x32,
  0x35,0x20,0x31,0x34,0x2e,0x38,0x36,0x37,0x35,0x20,0x34,0x20,0x31,0x31,0x20,0x34,
  0x43,0x37,0x2e,0x31,0x33,0x32,0x35,0x20,0x34,0x20,0x34,0x20,0x37,0x2e,0x31,0x33,
  0x32,0x35,0x20,0x34,0x20,0x31,0x31,0x43,0x34,0x20,0x31,0x34,0x2e,0x38,0x36,0x37,
  0x35,0x20,0x37,0x2e,0x31,0x33,0x32,0x35,0x20,0x31,0x38,0x20,0x31,0x31,0x20,0x31,
  0x38,0x43,0x31,0x32,0x2e,0x38,0x39,0x35,0x36,0x20,0x31,0x38,0x20,0x31,0x34,0x2e,
  0x36,0x31,0x34,0x36,0x20,0x31,0x37,0x2e,0x32,0x34,0x37,0x35,0x20,0x31,0x35,0x2e,
  0x38,0x37,0x34,0x38,0x20,0x31,0x36,0x2e,0x30,0x32,0x34,0x37,0x4c,0x31,0x36,0x2e,
  0x30,0x32,0x34,0x37,0x20,0x31,0x35,0x2e,0x38,0x37,0x34,0x38,0x5a,0x22,0x3e,0x3c,
  0x2f,0x70,0x61,0x74,0x68,0x3e,0x3c,0x2f,0x73,0x76,0x67,0x3e,
    // E:/010-VisonPYC/VisionPYC/VisionPYC/VisionPYC/Styles/icon/close-line.svg
  0x0,0x0,0x1,0x3d,
  0x3c,
  0x73,0x76,0x67,0x20,0x78,0x6d,0x6c,0x6e,0x73,0x3d,0x22,0x68,0x74,0x74,0x70,0x3a,
  0x2f,0x2f,0x77,0x77,0x77,0x2e,0x77,0x33,0x2e,0x6f,0x72,0x67,0x2f,0x32,0x30,0x30,
  0x30,0x2f,0x73,0x76,0x67,0x22,0x20,0x76,0x69,0x65,0x77,0x42,0x6f,0x78,0x3d,0x22,
  0x30,0x20,0x30,0x20,0x32,0x34,0x20,0x32,0x34,0x22,0x20,0x66,0x69,0x6c,0x6c,0x3d,
  0x22,0x72,0x67,0x62,0x61,0x28,0x30,0x2c,0x30,0x2c,0x30,0x2c,0x30,0x2e,0x36,0x38,
  0x29,0x22,0x3e,0x3c,0x70,0x61,0x74,0x68,0x20,0x64,0x3d,0x22,0x4d,0x31,0x31,0x2e,
  0x39,0x39,0x39,0x37,0x20,0x31,0x30,0x2e,0x35,0x38,0x36,0x35,0x4c,0x31,0x36,0x2e,
  0x39,0x34,0x39,0x35,0x20,0x35,0x2e,0x36,0x33,0x36,0x37,0x32,0x4c,0x31,0x38,0x2e,
  0x33,0x36,0x33,0x37,0x20,0x37,0x2e,0x30,0x35,0x30,0x39,0x33,0x4c,0x31,0x33,0x2e,
  0x34,0x31,0x33,0x39,0x20,0x31,0x32,0x2e,0x30,0x30,0x30,0x37,0x4c,0x31,0x38,0x2e,
  0x33,0x36,0x33,0x37,0x20,0x31,0x36,0x2e,0x39,0x35,0x30,0x34,0x4c,0x31,0x36,0x2e,
  0x39,0x34,0x39,0x35,0x20,0x31,0x38,0x2e,0x33,0x36,0x34,0x36,0x4c,0x31,0x31,0x2e,
  0x39,0x39,0x39,0x37,0x20,0x31,0x33,0x2e,0x34,0x31,0x34,0x39,0x4c,0x37,0x2e,0x30,
  0x34,0x39,0x39,0x36,0x20,0x31,0x38,0x2e,0x33,0x36,0x34,0x36,0x4c,0x35,0x2e,0x36,
  0x33,0x35,0x37,0x34,0x20,0x31,0x36,0x2e,0x39,0x35,0x30,0x34,0x4c,0x31,0x30,0x2e,
  0x35,0x38,0x35,0x35,0x20,0x31,0x32,0x2e,0x30,0x30,0x30,0x37,0x4c,0x35,0x2e,0x36,
  0x33,0x35,0x37,0x34,0x20,0x37,0x2e,0x30,0x35,0x30,0x39,0x33,0x4c,0x37,0x2e,0x30,
  0x34,0x39,0x39,0x36,0x20,0x35,0x2e,0x36,0x33,0x36,0x37,0x32,0x4c,0x31,0x31,0x2e,
  0x39,0x39,0x39,0x37,0x20,0x31,0x30,0x2e,0x35,0x38,0x36,0x35,0x5a,0x22,0x3e,0x3c,
  0x2f,0x70,0x61,0x74,0x68,0x3e,0x3c,0x2f,0x73,0x76,0x67,0x3e,
    // E:/010-VisonPYC/VisionPYC/VisionPYC/VisionPYC/Styles/icon/add-large-line.svg
  0x0,0x0,0x1,0x2d,
  0x3c,
  0x73,0x76,0x67,0x20,0x78,0x6d,0x6c,0x6e,0x73,0x3d,0x22,0x68,0x74,0x74,0x70,0x3a,
  0x2f,0x2f,0x77,0x77,0x77,0x2e,0x77,0x33,0x2e,0x6f,0x72,0x67,0x2f,0x32,0x30,0x30,
  0x30,0x2f,0x73,0x76,0x67,0x22,0x20,0x76,0x69,0x65,0x77,0x42,0x6f,0x78,0x3d,0x22,
  0x30,0x20,0x30,0x20,0x32,0x34,0x20,0x32,0x34,0x22,0x20,0x66,0x69,0x6c,0x6c,0x3d,
  0x22,0x72,0x67,0x62,0x61,0x28,0x30,0x2c,0x30,0x2c,0x30,0x2c,0x30,0x2e,0x36,0x38,
  0x29,0x22,0x3e,0x3c,0x70,0x61,0x74,0x68,0x20,0x64,0x3d,0x22,0x4d,0x31,0x33,0x2e,
  0x30,0x30,0x30,0x31,0x20,0x31,0x30,0x2e,0x39,0x39,0x39,0x39,0x4c,0x32,0x32,0x2e,
  0x30,0x30,0x30,0x32,0x20,0x31,0x30,0x2e,0x39,0x39,0x39,0x37,0x4c,0x32,0x32,0x2e,
  0x30,0x30,0x30,0x32,0x20,0x31,0x32,0x2e,0x39,0x39,0x39,0x37,0x4c,0x31,0x33,0x2e,
  0x30,0x30,0x30,0x31,0x20,0x31,0x32,0x2e,0x39,0x39,0x39,0x39,0x4c,0x31,0x33,0x2e,
  0x30,0x30,0x30,0x31,0x20,0x32,0x31,0x2e,0x39,0x39,0x39,0x38,0x4c,0x31,0x31,0x2e,
  0x30,0x30,0x30,0x31,0x20,0x32,0x31,0x2e,0x39,0x39,0x39,0x38,0x4c,0x31,0x31,0x2e,
  0x30,0x30,0x30,0x31,0x20,0x31,0x32,0x2e,0x39,0x39,0x39,0x39,0x4c,0x32,0x2e,0x30,
  0x30,0x30,0x30,0x34,0x20,0x31,0x33,0x2e,0x30,0x30,0x30,0x31,0x4c,0x32,0x20,0x31,
  0x31,0x2e,0x30,0x30,0x30,0x31,0x4c,0x31,0x31,0x2e,0x30,0x30,0x30,0x31,0x20,0x31,
  0x30,0x2e,0x39,0x39,0x39,0x39,0x4c,0x31,0x31,0x20,0x32,0x2e,0x30,0x30,0x30,0x32,
  0x35,0x4c,0x31,0x33,0x20,0x32,0x2e,0x30,0x30,0x30,0x32,0x34,0x4c,0x31,0x33,0x2e,
  0x30,0x30,0x30,0x31,0x20,0x31,0x30,0x2e,0x39,0x39,0x39,0x39,0x5a,0x22,0x3e,0x3c,
  0x2f,0x70,0x61,0x74,0x68,0x3e,0x3c,0x2f,0x73,0x76,0x67,0x3e,
    // E:/010-VisonPYC/VisionPYC/VisionPYC/VisionPYC/Styles/icon/checkbox-multiple-blank-line.svg
  0x0,0x0,0x1,0xea,
  0x3c,
  0x73,0x76,0x67,0x20,0x78,0x6d,0x6c,0x6e,0x73,0x3d,0x22,0x68,0x74,0x74,0x70,0x3a,
  0x2f,0x2f,0x77,0x77,0x77,0x2e,0x77,0x33,0x2e,0x6f,0x72,0x67,0x2f,0x32,0x30,0x30,
  0x30,0x2f,0x73,0x76,0x67,0x22,0x20,0x76,0x69,0x65,0x77,0x42,0x6f,0x78,0x3d,0x22,
  0x30,0x20,0x30,0x20,0x32,0x34,0x20,0x32,0x34,0x22,0x20,0x66,0x69,0x6c,0x6c,0x3d,
  0x22,0x72,0x67,0x62,0x61,0x28,0x30,0x2c,0x30,0x2c,0x30,0x2c,0x30,0x2e,0x36,0x38,
  0x29,0x22,0x3e,0x3c,0x70,0x61,0x74,0x68,0x20,0x64,0x3d,0x22,0x4d,0x36,0x2e,0x39,
  0x39,0x39,0x37,0x39,0x20,0x37,0x56,0x33,0x43,0x36,0x2e,0x39,0x39,0x39,0x37,0x39,
  0x20,0x32,0x2e,0x34,0x34,0x37,0x37,0x32,0x20,0x37,0x2e,0x34,0x34,0x37,0x35,0x20,
  0x32,0x20,0x37,0x2e,0x39,0x39,0x39,0x37,0x39,0x20,0x32,0x48,0x32,0x30,0x2e,0x39,
  0x39,0x39,0x38,0x43,0x32,0x31,0x2e,0x35,0x35,0x32,0x31,0x20,0x32,0x20,0x32,0x31,
  0x2e,0x39,0x39,0x39,0x38,0x20,0x32,0x2e,0x34,0x34,0x37,0x37,0x32,0x20,0x32,0x31,
  0x2e,0x39,0x39,0x39,0x38,0x20,0x33,0x56,0x31,0x36,0x43,0x32,0x31,0x2e,0x39,0x39,
  0x39,0x38,0x20,0x31,0x36,0x2e,0x35,0x35,0x32,0x33,0x20,0x32,0x31,0x2e,0x35,0x35,
  0x32,0x31,0x20,0x31,0x37,0x20,0x32,0x30,0x2e,0x39,0x39,0x39,0x38,0x20,0x31,0x37,
  0x48,0x31,0x37,0x56,0x32,0x30,0x2e,0x39,0x39,0x32,0x35,0x43,0x31,0x37,0x20,0x32,
  0x31,0x2e,0x35,0x34,0x38,0x39,0x20,0x31,0x36,0x2e,0x35,0x35,0x31,0x20,0x32,0x32,
  0x20,0x31,0x35,0x2e,0x39,0x39,0x32,0x35,0x20,0x32,0x32,0x48,0x33,0x2e,0x30,0x30,
  0x37,0x32,0x38,0x43,0x32,0x2e,0x34,0x35,0x30,0x38,0x36,0x20,0x32,0x32,0x20,0x32,
  0x20,0x32,0x31,0x2e,0x35,0x35,0x31,0x31,0x20,0x32,0x20,0x32,0x30,0x2e,0x39,0x39,
  0x32,0x35,0x4c,0x32,0x2e,0x30,0x30,0x32,0x37,0x36,0x20,0x38,0x2e,0x30,0x30,0x37,
  0x34,0x38,0x43,0x32,0x2e,0x30,0x30,0x32,0x38,0x38,0x20,0x37,0x2e,0x34,0x35,0x31,
  0x30,0x37,0x20,0x32,0x2e,0x34,0x35,0x31,0x38,0x20,0x37,0x20,0x33,0x2e,0x30,0x31,
  0x30,0x32,0x35,0x20,0x37,0x48,0x36,0x2e,0x39,0x39,0x39,0x37,0x39,0x5a,0x4d,0x38,
  0x2e,0x39,0x39,0x39,0x37,0x39,0x20,0x37,0x48,0x31,0x35,0x2e,0x39,0x39,0x32,0x37,
  0x43,0x31,0x36,0x2e,0x35,0x34,0x39,0x20,0x37,0x20,0x31,0x37,0x20,0x37,0x2e,0x34,
  0x34,0x38,0x39,0x32,0x20,0x31,0x37,0x20,0x38,0x2e,0x30,0x30,0x37,0x34,0x38,0x56,
  0x31,0x35,0x48,0x31,0x39,0x2e,0x39,0x39,0x39,0x38,0x56,0x34,0x48,0x38,0x2e,0x39,
  0x39,0x39,0x37,0x39,0x56,0x37,0x5a,0x4d,0x34,0x2e,0x30,0x30,0x32,0x35,0x35,0x20,
  0x39,0x4c,0x34,0x2e,0x30,0x30,0x30,0x32,0x31,0x20,0x32,0x30,0x48,0x31,0x35,0x56,
  0x39,0x48,0x34,0x2e,0x30,0x30,0x32,0x35,0x35,0x5a,0x22,0x3e,0x3c,0x2f,0x70,0x61,
  0x74,0x68,0x3e,0x3c,0x2f,0x73,0x76,0x67,0x3e,
    // E:/010-VisonPYC/VisionPYC/VisionPYC/VisionPYC/Styles/icon/checkbox-multiple-line.svg
  0x0,0x0,0x2,0x4b,
  0x3c,
  0x73,0x76,0x67,0x20,0x78,0x6d,0x6c,0x6e,0x73,0x3d,0x22,0x68,0x74,0x74,0x70,0x3a,
  0x2f,0x2f,0x77,0x77,0x77,0x2e,0x77,0x33,0x2e,0x6f,0x72,0x67,0x2f,0x32,0x30,0x30,
  0x30,0x2f,0x73,0x76,0x67,0x22,0x20,0x76,0x69,0x65,0x77,0x42,0x6f,0x78,0x3d,0x22,
  0x30,0x20,0x30,0x20,0x32,0x34,0x20,0x32,0x34,0x22,0x20,0x66,0x69,0x6c,0x6c,0x3d,
  0x22,0x72,0x67,0x62,0x61,0x28,0x30,0x2c,0x30,0x2c,0x30,0x2c,0x30,0x2e,0x36,0x38,
  0x29,0x22,0x3e,0x3c,0x70,0x61,0x74,0x68,0x20,0x64,0x3d,0x22,0x4d,0x36,0x2e,0x39,
  0x39,0x39,0x37,0x39,0x20,0x37,0x56,0x33,0x43,0x36,0x2e,0x39,0x39,0x39,0x37,0x39,
  0x20,0x32,0x2e,0x34,0x34,0x37,0x37,0x32,0x20,0x37,0x2e,0x34,0x34,0x37,0x35,0x20,
  0x32,0x20,0x37,0x2e,0x39,0x39,0x39,0x37,0x39,0x20,0x32,0x48,0x32,0x30,0x2e,0x39,
  0x39,0x39,0x38,0x43,0x32,0x31,0x2e,0x35,0x35,0x32,0x31,0x20,0x32,0x20,0x32,0x31,
  0x2e,0x39,0x39,0x39,0x38,0x20,0x32,0x2e,0x34,0x34,0x37,0x37,0x32,0x20,0x32,0x31,
  0x2e,0x39,0x39,0x39,0x38,0x20,0x33,0x56,0x31,0x36,0x43,0x32,0x31,0x2e,0x39,0x39,
  0x39,0x38,0x20,0x31,0x36,0x2e,0x35,0x35,0x32,0x33,0x20,0x32,0x31,0x2e,0x35,0x35,
  0x32,0x31,0x20,0x31,0x37,0x20,0x32,0x30,0x2e,0x39,0x39,0x39,0x38,0x20,0x31,0x37,
  0x48,0x31,0x37,0x56,0x32,0x30,0x2e,0x39,0x39,0x32,0x35,0x43,0x31,0x37,0x20,0x32,
  0x31,0x2e,0x35,0x34,0x38,0x39,0x20,0x31,0x36,0x2e,0x35,0x35,0x31,0x20,0x32,0x32,
  0x20,0x31,0x35,0x2e,0x39,0x39,0x32,0x35,0x20,0x32,0x32,0x48,0x33,0x2e,0x30,0x30,
  0x37,0x32,0x38,0x43,0x32,0x2e,0x34,0x35,0x30,0x38,0x36,0x20,0x32,0x32,0x20,0x32,
  0x20,0x32,0x31,0x2e,0x35,0x35,0x31,0x31,0x20,0x32,0x20,0x32,0x30,0x2e,0x39,0x39,
  0x32,0x35,0x4c,0x32,0x2e,0x30,0x30,0x32,0x37,0x36,0x20,0x38,0x2e,0x30,0x30,0x37,
  0x34,0x38,0x43,0x32,0x2e,0x30,0x30,0x32,0x38,0x38,0x20,0x37,0x2e,0x34,0x35,0x31,
  0x30,0x37,0x20,0x32,0x2e,0x34,0x35,0x31,0x38,0x20,0x37,0x20,0x33,0x2e,0x30,0x31,
  0x30,0x32,0x35,0x20,0x37,0x48,0x36,0x2e,0x39,0x39,0x39,0x37,0x39,0x5a,0x4d,0x38,
  0x2e,0x39,0x39,0x39,0x37,0x39,0x20,0x37,0x48,0x31,0x35,0x2e,0x39,0x39,0x32,0x37,
  0x43,0x31,0x36,0x2e,0x35,0x34,0x39,0x20,0x37,0x20,0x31,0x37,0x20,0x37,0x2e,0x34,
  0x34,0x38,0x39,0x32,0x20,0x31,0x37,0x20,0x38,0x2e,0x30,0x30,0x37,0x34,0x38,0x56,
  0x31,0x35,0x48,0x31,0x39,0x2e,0x39,0x39,0x39,0x38,0x56,0x34,0x48,0x38,0x2e,0x39,
  0x39,0x39,0x37,0x39,0x56,0x37,0x5a,0x4d,0x31,0x35,0x20,0x39,0x48,0x34,0x2e,0x30,
  0x30,0x32,0x35,0x35,0x4c,0x34,0x2e,0x30,0x30,0x30,0x32,0x31,0x20,0x32,0x30,0x48,
  0x31,0x35,0x56,0x39,0x5a,0x4d,0x38,0x2e,0x35,0x30,0x32,0x34,0x32,0x20,0x31,0x38,
  0x4c,0x34,0x2e,0x39,0x36,0x36,0x38,0x39,0x20,0x31,0x34,0x2e,0x34,0x36,0x34,0x35,
  0x4c,0x36,0x2e,0x33,0x38,0x31,0x31,0x20,0x31,0x33,0x2e,0x30,0x35,0x30,0x33,0x4c,
  0x38,0x2e,0x35,0x30,0x32,0x34,0x32,0x20,0x31,0x35,0x2e,0x31,0x37,0x31,0x36,0x4c,
  0x31,0x32,0x2e,0x37,0x34,0x35,0x31,0x20,0x31,0x30,0x2e,0x39,0x32,0x38,0x39,0x4c,
  0x31,0x34,0x2e,0x31,0x35,0x39,0x33,0x20,0x31,0x32,0x2e,0x33,0x34,0x33,0x31,0x4c,
  0x38,0x2e,0x35,0x30,0x32,0x34,0x32,0x20,0x31,0x38,0x5a,0x22,0x3e,0x3c,0x2f,0x70,
  0x61,0x74,0x68,0x3e,0x3c,0x2f,0x73,0x76,0x67,0x3e,
    // E:/010-VisonPYC/VisionPYC/VisionPYC/VisionPYC/Styles/icon/progress-2-fill.svg
  0x0,0x0,0x1,0x4,
  0x3c,
  0x73,0x76,0x67,0x20,0x78,0x6d,0x6c,0x6e,0x73,0x3d,0x22,0x68,0x74,0x74,0x70,0x3a,
  0x2f,0x2f,0x77,0x77,0x77,0x2e,0x77,0x33,0x2e,0x6f,0x72,0x67,0x2f,0x32,0x30,0x30,
  0x30,0x2f,0x73,0x76,0x67,0x22,0x20,0x76,0x69,0x65,0x77,0x42,0x6f,0x78,0x3d,0x22,
  0x30,0x20,0x30,0x20,0x32,0x34,0x20,0x32,0x34,0x22,0x20,0x66,0x69,0x6c,0x6c,0x3d,
  0x22,0x72,0x67,0x62,0x61,0x28,0x30,0x2c,0x30,0x2c,0x30,0x2c,0x30,0x2e,0x36,0x38,
  0x29,0x22,0x3e,0x3c,0x70,0x61,0x74,0x68,0x20,0x64,0x3d,0x22,0x4d,0x31,0x32,0x20,
  0x32,0x32,0x43,0x31,0x37,0x2e,0x35,0x32,0x32,0x38,0x20,0x32,0x32,0x20,0x32,0x32,
  0x20,0x31,0x37,0x2e,0x35,0x32,0x32,0x38,0x20,0x32,0x32,0x20,0x31,0x32,0x43,0x32,
  0x32,0x20,0x36,0x2e,0x34,0x37,0x37,0x31,0x35,0x20,0x31,0x37,0x2e,0x35,0x32,0x32,
  0x38,0x20,0x32,0x20,0x31,0x32,0x20,0x32,0x43,0x36,0x2e,0x34,0x37,0x37,0x31,0x35,
  0x20,0x32,0x20,0x32,0x20,0x36,0x2e,0x34,0x37,0x37,0x31,0x35,0x20,0x32,0x20,0x31,
  0x32,0x43,0x32,0x20,0x31,0x37,0x2e,0x35,0x32,0x32,0x38,0x20,0x36,0x2e,0x34,0x37,
  0x37,0x31,0x35,0x20,0x32,0x32,0x20,0x31,0x32,0x20,0x32,0x32,0x5a,0x4d,0x31,0x32,
  0x20,0x31,0x32,0x56,0x36,0x43,0x31,0x35,0x2e,0x33,0x31,0x33,0x37,0x20,0x36,0x20,
  0x31,0x38,0x20,0x38,0x2e,0x36,0x38,0x36,0x32,0x39,0x20,0x31,0x38,0x20,0x31,0x32,
  0x48,0x31,0x32,0x5a,0x22,0x3e,0x3c,0x2f,0x70,0x61,0x74,0x68,0x3e,0x3c,0x2f,0x73,
  0x76,0x67,0x3e,
    // E:/010-VisonPYC/VisionPYC/VisionPYC/VisionPYC/Styles/icon/progress-4-fill.svg
  0x0,0x0,0x1,0x1d,
  0x3c,
  0x73,0x76,0x67,0x20,0x78,0x6d,0x6c,0x6e,0x73,0x3d,0x22,0x68,0x74,0x74,0x70,0x3a,
  0x2f,0x2f,0x77,0x77,0x77,0x2e,0x77,0x33,0x2e,0x6f,0x72,0x67,0x2f,0x32,0x30,0x30,
  0x30,0x2f,0x73,0x76,0x67,0x22,0x20,0x76,0x69,0x65,0x77,0x42,0x6f,0x78,0x3d,0x22,
  0x30,0x20,0x30,0x20,0x32,0x34,0x20,0x32,0x34,0x22,0x20,0x66,0x69,0x6c,0x6c,0x3d,
  0x22,0x72,0x67,0x62,0x61,0x28,0x30,0x2c,0x30,0x2c,0x30,0x2c,0x30,0x2e,0x36,0x38,
  0x29,0x22,0x3e,0x3c,0x70,0x61,0x74,0x68,0x20,0x64,0x3d,0x22,0x4d,0x31,0x32,0x20,
  0x32,0x32,0x43,0x31,0x37,0x2e,0x35,0x32,0x32,0x38,0x20,0x32,0x32,0x20,0x32,0x32,
  0x20,0x31,0x37,0x2e,0x35,0x32,0x32,0x38,0x20,0x32,0x32,0x20,0x31,0x32,0x43,0x32,
  0x32,0x20,0x36,0x2e,0x34,0x37,0x37,0x31,0x35,0x20,0x31,0x37,0x2e,0x35,0x32,0x32,
  0x38,0x20,0x32,0x20,0x31,0x32,0x20,0x32,0x43,0x36,0x2e,0x34,0x37,0x37,0x31,0x35,
  0x20,0x32,0x20,0x32,0x20,0x36,0x2e,0x34,0x37,0x37,0x31,0x35,0x20,0x32,0x20,0x31,
  0x32,0x43,0x32,0x20,0x31,0x37,0x2e,0x35,0x32,0x32,0x38,0x20,0x36,0x2e,0x34,0x37,
  0x37,0x31,0x35,0x20,0x32,0x32,0x20,0x31,0x32,0x20,0x32,0x32,0x5a,0x4d,0x31,0x38,
  0x20,0x31,0x32,0x43,0x31,0x38,0x20,0x31,0x35,0x2e,0x33,0x31,0x33,0x37,0x20,0x31,
  0x35,0x2e,0x33,0x31,0x33,0x37,0x20,0x31,0x38,0x20,0x31,0x32,0x20,0x31,0x38,0x56,
  0x36,0x43,0x31,0x35,0x2e,0x33,0x31,0x33,0x37,0x20,0x36,0x20,0x31,0x38,0x20,0x38,
  0x2e,0x36,0x38,0x36,0x32,0x39,0x20,0x31,0x38,0x20,0x31,0x32,0x5a,0x22,0x3e,0x3c,
  0x2f,0x70,0x61,0x74,0x68,0x3e,0x3c,0x2f,0x73,0x76,0x67,0x3e,
    // E:/010-VisonPYC/VisionPYC/VisionPYC/VisionPYC/Styles/icon/link.svg
  0x0,0x0,0x3,0x19,
  0x3c,
  0x73,0x76,0x67,0x20,0x78,0x6d,0x6c,0x6e,0x73,0x3d,0x22,0x68,0x74,0x74,0x70,0x3a,
  0x2f,0x2f,0x77,0x77,0x77,0x2e,0x77,0x33,0x2e,0x6f,0x72,0x67,0x2f,0x32,0x30,0x30,
  0x30,0x2f,0x73,0x76,0x67,0x22,0x20,0x76,0x69,0x65,0x77,0x42,0x6f,0x78,0x3d,0x22,
  0x30,0x20,0x30,0x20,0x32,0x34,0x20,0x32,0x34,0x22,0x20,0x66,0x69,0x6c,0x6c,0x3d,
  0x22,0x72,0x67,0x62,0x61,0x28,0x30,0x2c,0x30,0x2c,0x30,0x2c,0x30,0x2e,0x36,0x38,
  0x29,0x22,0x3e,0x3c,0x70,0x61,0x74,0x68,0x20,0x64,0x3d,0x22,0x4d,0x31,0x38,0x2e,
  0x33,0x36,0x33,0x38,0x20,0x31,0x35,0x2e,0x35,0x33,0x35,0x35,0x4c,0x31,0x36,0x2e,
  0x39,0x34,0x39,0x36,0x20,0x31,0x34,0x2e,0x31,0x32,0x31,0x33,0x4c,0x31,0x38,0x2e,
  0x33,0x36,0x33,0x38,0x20,0x31,0x32,0x2e,0x37,0x30,0x37,0x31,0x43,0x32,0x30,0x2e,
  0x33,0x31,0x36,0x34,0x20,0x31,0x30,0x2e,0x37,0x35,0x34,0x35,0x20,0x32,0x30,0x2e,
  0x33,0x31,0x36,0x34,0x20,0x37,0x2e,0x35,0x38,0x38,0x36,0x36,0x20,0x31,0x38,0x2e,
  0x33,0x36,0x33,0x38,0x20,0x35,0x2e,0x36,0x33,0x36,0x30,0x34,0x43,0x31,0x36,0x2e,
  0x34,0x31,0x31,0x32,0x20,0x33,0x2e,0x36,0x38,0x33,0x34,0x31,0x20,0x31,0x33,0x2e,
  0x32,0x34,0x35,0x33,0x20,0x33,0x2e,0x36,0x38,0x33,0x34,0x31,0x20,0x31,0x31,0x2e,
  0x32,0x39,0x32,0x37,0x20,0x35,0x2e,0x36,0x33,0x36,0x30,0x34,0x4c,0x39,0x2e,0x38,
  0x37,0x38,0x34,0x39,0x20,0x37,0x2e,0x30,0x35,0x30,0x32,0x35,0x4c,0x38,0x2e,0x34,
  0x36,0x34,0x32,0x38,0x20,0x35,0x2e,0x36,0x33,0x36,0x30,0x34,0x4c,0x39,0x2e,0x38,
  0x37,0x38,0x34,0x39,0x20,0x34,0x2e,0x32,0x32,0x31,0x38,0x32,0x43,0x31,0x32,0x2e,
  0x36,0x31,0x32,0x32,0x20,0x31,0x2e,0x34,0x38,0x38,0x31,0x35,0x20,0x31,0x37,0x2e,
  0x30,0x34,0x34,0x33,0x20,0x31,0x2e,0x34,0x38,0x38,0x31,0x35,0x20,0x31,0x39,0x2e,
  0x37,0x37,0x38,0x20,0x34,0x2e,0x32,0x32,0x31,0x38,0x32,0x43,0x32,0x32,0x2e,0x35,
  0x31,0x31,0x37,0x20,0x36,0x2e,0x39,0x35,0x35,0x34,0x39,0x20,0x32,0x32,0x2e,0x35,
  0x31,0x31,0x37,0x20,0x31,0x31,0x2e,0x33,0x38,0x37,0x36,0x20,0x31,0x39,0x2e,0x37,
  0x37,0x38,0x20,0x31,0x34,0x2e,0x31,0x32,0x31,0x33,0x4c,0x31,0x38,0x2e,0x33,0x36,
  0x33,0x38,0x20,0x31,0x35,0x2e,0x35,0x33,0x35,0x35,0x5a,0x4d,0x31,0x35,0x2e,0x35,
  0x33,0x35,0x33,0x20,0x31,0x38,0x2e,0x33,0x36,0x34,0x4c,0x31,0x34,0x2e,0x31,0x32,
  0x31,0x31,0x20,0x31,0x39,0x2e,0x37,0x37,0x38,0x32,0x43,0x31,0x31,0x2e,0x33,0x38,
  0x37,0x35,0x20,0x32,0x32,0x2e,0x35,0x31,0x31,0x38,0x20,0x36,0x2e,0x39,0x35,0x35,
  0x33,0x31,0x20,0x32,0x32,0x2e,0x35,0x31,0x31,0x38,0x20,0x34,0x2e,0x32,0x32,0x31,
  0x36,0x34,0x20,0x31,0x39,0x2e,0x37,0x37,0x38,0x32,0x43,0x31,0x2e,0x34,0x38,0x37,
  0x39,0x37,0x20,0x31,0x37,0x2e,0x30,0x34,0x34,0x35,0x20,0x31,0x2e,0x34,0x38,0x37,
  0x39,0x37,0x20,0x31,0x32,0x2e,0x36,0x31,0x32,0x33,0x20,0x34,0x2e,0x32,0x32,0x31,
  0x36,0x34,0x20,0x39,0x2e,0x38,0x37,0x38,0x36,0x38,0x4c,0x35,0x2e,0x36,0x33,0x35,
  0x38,0x35,0x20,0x38,0x2e,0x34,0x36,0x34,0x34,0x36,0x4c,0x37,0x2e,0x30,0x35,0x30,
  0x30,0x37,0x20,0x39,0x2e,0x38,0x37,0x38,0x36,0x38,0x4c,0x35,0x2e,0x36,0x33,0x35,
  0x38,0x35,0x20,0x31,0x31,0x2e,0x32,0x39,0x32,0x39,0x43,0x33,0x2e,0x36,0x38,0x33,
  0x32,0x33,0x20,0x31,0x33,0x2e,0x32,0x34,0x35,0x35,0x20,0x33,0x2e,0x36,0x38,0x33,
  0x32,0x33,0x20,0x31,0x36,0x2e,0x34,0x31,0x31,0x33,0x20,0x35,0x2e,0x36,0x33,0x35,
  0x38,0x35,0x20,0x31,0x38,0x2e,0x33,0x36,0x34,0x43,0x37,0x2e,0x35,0x38,0x38,0x34,
  0x37,0x20,0x32,0x30,0x2e,0x33,0x31,0x36,0x36,0x20,0x31,0x30,0x2e,0x37,0x35,0x34,
  0x33,0x20,0x32,0x30,0x2e,0x33,0x31,0x36,0x36,0x20,0x31,0x32,0x2e,0x37,0x30,0x36,
  0x39,0x20,0x31,0x38,0x2e,0x33,0x36,0x34,0x4c,0x31,0x34,0x2e,0x31,0x32,0x31,0x31,
  0x20,0x31,0x36,0x2e,0x39,0x34,0x39,0x37,0x4c,0x31,0x35,0x2e,0x35,0x33,0x35,0x33,
  0x20,0x31,0x38,0x2e,0x33,0x36,0x34,0x5a,0x4d,0x31,0x34,0x2e,0x38,0x32,0x38,0x32,
  0x20,0x37,0x2e,0x37,0x35,0x37,0x33,0x36,0x4c,0x31,0x36,0x2e,0x32,0x34,0x32,0x35,
  0x20,0x39,0x2e,0x31,0x37,0x31,0x35,0x37,0x4c,0x39,0x2e,0x31,0x37,0x31,0x33,0x39,
  0x20,0x31,0x36,0x2e,0x32,0x34,0x32,0x36,0x4c,0x37,0x2e,0x37,0x35,0x37,0x31,0x37,
  0x20,0x31,0x34,0x2e,0x38,0x32,0x38,0x34,0x4c,0x31,0x34,0x2e,0x38,0x32,0x38,0x32,
  0x20,0x37,0x2e,0x37,0x35,0x37,0x33,0x36,0x5a,0x22,0x3e,0x3c,0x2f,0x70,0x61,0x74,
  0x68,0x3e,0x3c,0x2f,0x73,0x76,0x67,0x3e,
    // E:/010-VisonPYC/VisionPYC/VisionPYC/VisionPYC/Styles/icon/filter-line.svg
  0x0,0x0,0x0,0xc8,
  0x3c,
  0x73,0x76,0x67,0x20,0x78,0x6d,0x6c,0x6e,0x73,0x3d,0x22,0x68,0x74,0x74,0x70,0x3a,
  0x2f,0x2f,0x77,0x77,0x77,0x2e,0x77,0x33,0x2e,0x6f,0x72,0x67,0x2f,0x32,0x30,0x30,
  0x30,0x2f,0x73,0x76,0x67,0x22,0x20,0x76,0x69,0x65,0x77,0x42,0x6f,0x78,0x3d,0x22,
  0x30,0x20,0x30,0x20,0x32,0x34,0x20,0x32,0x34,0x22,0x20,0x66,0x69,0x6c,0x6c,0x3d,
  0x22,0x72,0x67,0x62,0x61,0x28,0x30,0x2c,0x30,0x2c,0x30,0x2c,0x30,0x2e,0x36,0x38,
  0x29,0x22,0x3e,0x3c,0x70,0x61,0x74,0x68,0x20,0x64,0x3d,0x22,0x4d,0x32,0x31,0x20,
  0x34,0x56,0x36,0x48,0x32,0x30,0x4c,0x31,0x35,0x20,0x31,0x33,0x2e,0x35,0x56,0x32,
  0x32,0x48,0x39,0x56,0x31,0x33,0x2e,0x35,0x4c,0x34,0x20,0x36,0x48,0x33,0x56,0x34,
  0x48,0x32,0x31,0x5a,0x4d,0x36,0x2e,0x34,0x30,0x33,0x37,0x20,0x36,0x4c,0x31,0x31,
  0x20,0x31,0x32,0x2e,0x38,0x39,0x34,0x34,0x56,0x32,0x30,0x48,0x31,0x33,0x56,0x31,
  0x32,0x2e,0x38,0x39,0x34,0x34,0x4c,0x31,0x37,0x2e,0x35,0x39,0x36,0x33,0x20,0x36,
  0x48,0x36,0x2e,0x34,0x30,0x33,0x37,0x5a,0x22,0x3e,0x3c,0x2f,0x70,0x61,0x74,0x68,
  0x3e,0x3c,0x2f,0x73,0x76,0x67,0x3e,
    // E:/010-VisonPYC/VisionPYC/VisionPYC/VisionPYC/Styles/icon/repeat-fill.svg
  0x0,0x0,0x0,0xe4,
  0x3c,
  0x73,0x76,0x67,0x20,0x78,0x6d,0x6c,0x6e,0x73,0x3d,0x22,0x68,0x74,0x74,0x70,0x3a,
  0x2f,0x2f,0x77,0x77,0x77,0x2e,0x77,0x33,0x2e,0x6f,0x72,0x67,0x2f,0x32,0x30,0x30,
  0x30,0x2f,0x73,0x76,0x67,0x22,0x20,0x76,0x69,0x65,0x77,0x42,0x6f,0x78,0x3d,0x22,
  0x30,0x20,0x30,0x20,0x32,0x34,0x20,0x32,0x34,0x22,0x20,0x66,0x69,0x6c,0x6c,0x3d,
  0x22,0x72,0x67,0x62,0x61,0x28,0x30,0x2c,0x30,0x2c,0x30,0x2c,0x30,0x2e,0x36,0x38,
  0x29,0x22,0x3e,0x3c,0x70,0x61,0x74,0x68,0x20,0x64,0x3d,0x22,0x4d,0x36,0x20,0x34,
  0x48,0x32,0x31,0x43,0x32,0x31,0x2e,0x35,0x35,0x32,0x33,0x20,0x34,0x20,0x32,0x32,
  0x20,0x34,0x2e,0x34,0x34,0x37,0x37,0x32,0x20,0x32,0x32,0x20,0x35,0x56,0x31,0x32,
  0x48,0x32,0x30,0x56,0x36,0x48,0x36,0x56,0x39,0x4c,0x31,0x20,0x35,0x4c,0x36,0x20,
  0x31,0x56,0x34,0x5a,0x4d,0x31,0x38,0x20,0x32,0x30,0x48,0x33,0x43,0x32,0x2e,0x34,
  0x34,0x37,0x37,0x32,0x20,0x32,0x30,0x20,0x32,0x20,0x31,0x39,0x2e,0x35,0x35,0x32,
  0x33,0x20,0x32,0x20,0x31,0x39,0x56,0x31,0x32,0x48,0x34,0x56,0x31,0x38,0x48,0x31,
  0x38,0x56,0x31,0x35,0x4c,0x32,0x33,0x20,0x31,0x39,0x4c,0x31,0x38,0x20,0x32,0x33,
  0x56,0x32,0x30,0x5a,0x22,0x3e,0x3c,0x2f,0x70,0x61,0x74,0x68,0x3e,0x3c,0x2f,0x73,
  0x76,0x67,0x3e,
    // E:/010-VisonPYC/VisionPYC/VisionPYC/VisionPYC/Styles/icon/filter-off-fill.svg
  0x0,0x0,0x1,0x45,
  0x3c,
  0x73,0x76,0x67,0x20,0x78,0x6d,0x6c,0x6e,0x73,0x3d,0x22,0x68,0x74,0x74,0x70,0x3a,
  0x2f,0x2f,0x77,0x77,0x77,0x2e,0x77,0x33,0x2e,0x6f,0x72,0x67,0x2f,0x32,0x30,0x30,
  0x30,0x2f,0x73,0x76,0x67,0x22,0x20,0x76,0x69,0x65,0x77,0x42,0x6f,0x78,0x3d,0x22,
  0x30,0x20,0x30,0x20,0x32,0x34,0x20,0x32,0x34,0x22,0x20,0x66,0x69,0x6c,0x6c,0x3d,
  0x22,0x72,0x67,0x62,0x61,0x28,0x30,0x2c,0x30,0x2c,0x30,0x2c,0x30,0x2e,0x36,0x38,
  0x29,0x22,0x3e,0x3c,0x70,0x61,0x74,0x68,0x20,0x64,0x3d,0x22,0x4d,0x36,0x2e,0x39,
  0x32,0x38,0x39,0x33,0x20,0x30,0x2e,0x35,0x31,0x34,0x36,0x34,0x38,0x4c,0x32,0x31,
  0x2e,0x30,0x37,0x31,0x31,0x20,0x31,0x34,0x2e,0x36,0x35,0x36,0x38,0x4c,0x31,0x39,
  0x2e,0x36,0x35,0x36,0x39,0x20,0x31,0x36,0x2e,0x30,0x37,0x31,0x4c,0x31,0x35,0x2e,
  0x38,0x33,0x34,0x20,0x31,0x32,0x2e,0x32,0x34,0x38,0x36,0x4c,0x31,0x34,0x20,0x31,
  0x34,0x2e,0x39,0x39,0x39,0x39,0x56,0x32,0x31,0x2e,0x39,0x39,0x39,0x39,0x48,0x31,
  0x30,0x56,0x31,0x34,0x2e,0x39,0x39,0x39,0x39,0x4c,0x34,0x20,0x35,0x2e,0x39,0x39,
  0x39,0x39,0x33,0x48,0x33,0x56,0x33,0x2e,0x39,0x39,0x39,0x39,0x33,0x4c,0x37,0x2e,
  0x35,0x38,0x35,0x20,0x33,0x2e,0x39,0x39,0x39,0x36,0x35,0x4c,0x35,0x2e,0x35,0x31,
  0x34,0x37,0x32,0x20,0x31,0x2e,0x39,0x32,0x38,0x38,0x36,0x4c,0x36,0x2e,0x39,0x32,
  0x38,0x39,0x33,0x20,0x30,0x2e,0x35,0x31,0x34,0x36,0x34,0x38,0x5a,0x4d,0x32,0x31,
  0x20,0x33,0x2e,0x39,0x39,0x39,0x39,0x33,0x56,0x35,0x2e,0x39,0x39,0x39,0x39,0x33,
  0x48,0x32,0x30,0x4c,0x31,0x38,0x2e,0x30,0x38,0x35,0x20,0x38,0x2e,0x38,0x37,0x31,
  0x39,0x33,0x4c,0x31,0x33,0x2e,0x32,0x31,0x33,0x20,0x33,0x2e,0x39,0x39,0x39,0x39,
  0x33,0x48,0x32,0x31,0x5a,0x22,0x3e,0x3c,0x2f,0x70,0x61,0x74,0x68,0x3e,0x3c,0x2f,
  0x73,0x76,0x67,0x3e,
    // E:/010-VisonPYC/VisionPYC/VisionPYC/VisionPYC/Styles/icon/loop-right-fill.svg
  0x0,0x0,0x1,0xbb,
  0x3c,
  0x73,0x76,0x67,0x20,0x78,0x6d,0x6c,0x6e,0x73,0x3d,0x22,0x68,0x74,0x74,0x70,0x3a,
  0x2f,0x2f,0x77,0x77,0x77,0x2e,0x77,0x33,0x2e,0x6f,0x72,0x67,0x2f,0x32,0x30,0x30,
  0x30,0x2f,0x73,0x76,0x67,0x22,0x20,0x76,0x69,0x65,0x77,0x42,0x6f,0x78,0x3d,0x22,
  0x30,0x20,0x30,0x20,0x32,0x34,0x20,0x32,0x34,0x22,0x20,0x66,0x69,0x6c,0x6c,0x3d,
  0x22,0x72,0x67,0x62,0x61,0x28,0x30,0x2c,0x30,0x2c,0x30,0x2c,0x30,0x2e,0x36,0x38,
  0x29,0x22,0x3e,0x3c,0x70,0x61,0x74,0x68,0x20,0x64,0x3d,0x22,0x4d,0x31,0x32,0x20,
  0x34,0x43,0x31,0x34,0x2e,0x35,0x39,0x30,0x35,0x20,0x34,0x20,0x31,0x36,0x2e,0x38,
  0x39,0x33,0x39,0x20,0x35,0x2e,0x32,0x33,0x30,0x35,0x33,0x20,0x31,0x38,0x2e,0x33,
  0x35,0x37,0x33,0x20,0x37,0x2e,0x31,0x34,0x32,0x37,0x34,0x4c,0x31,0x36,0x20,0x39,
  0x2e,0x35,0x48,0x32,0x32,0x56,0x33,0x2e,0x35,0x4c,0x31,0x39,0x2e,0x37,0x38,0x31,
  0x34,0x20,0x35,0x2e,0x37,0x31,0x38,0x36,0x33,0x43,0x31,0x37,0x2e,0x39,0x34,0x39,
  0x34,0x20,0x33,0x2e,0x34,0x35,0x32,0x20,0x31,0x35,0x2e,0x31,0x34,0x34,0x34,0x20,
  0x32,0x20,0x31,0x32,0x20,0x32,0x20,0x36,0x2e,0x34,0x37,0x37,0x31,0x35,0x20,0x32,
  0x20,0x32,0x20,0x36,0x2e,0x34,0x37,0x37,0x31,0x35,0x20,0x32,0x20,0x31,0x32,0x48,
  0x34,0x43,0x34,0x20,0x37,0x2e,0x35,0x38,0x31,0x37,0x32,0x20,0x37,0x2e,0x35,0x38,
  0x31,0x37,0x32,0x20,0x34,0x20,0x31,0x32,0x20,0x34,0x5a,0x4d,0x32,0x30,0x20,0x31,
  0x32,0x43,0x32,0x30,0x20,0x31,0x36,0x2e,0x34,0x31,0x38,0x33,0x20,0x31,0x36,0x2e,
  0x34,0x31,0x38,0x33,0x20,0x32,0x30,0x20,0x31,0x32,0x20,0x32,0x30,0x20,0x39,0x2e,
  0x34,0x30,0x39,0x35,0x31,0x20,0x32,0x30,0x20,0x37,0x2e,0x31,0x30,0x36,0x30,0x35,
  0x20,0x31,0x38,0x2e,0x37,0x36,0x39,0x35,0x20,0x35,0x2e,0x36,0x34,0x32,0x37,0x34,
  0x20,0x31,0x36,0x2e,0x38,0x35,0x37,0x33,0x4c,0x38,0x20,0x31,0x34,0x2e,0x35,0x20,
  0x32,0x20,0x31,0x34,0x2e,0x35,0x56,0x32,0x30,0x2e,0x35,0x4c,0x34,0x2e,0x32,0x31,
  0x38,0x36,0x33,0x20,0x31,0x38,0x2e,0x32,0x38,0x31,0x34,0x43,0x36,0x2e,0x30,0x35,
  0x30,0x36,0x32,0x20,0x32,0x30,0x2e,0x35,0x34,0x38,0x20,0x38,0x2e,0x38,0x35,0x35,
  0x35,0x37,0x20,0x32,0x32,0x20,0x31,0x32,0x20,0x32,0x32,0x20,0x31,0x37,0x2e,0x35,
  0x32,0x32,0x38,0x20,0x32,0x32,0x20,0x32,0x32,0x20,0x31,0x37,0x2e,0x35,0x32,0x32,
  0x38,0x20,0x32,0x32,0x20,0x31,0x32,0x48,0x32,0x30,0x5a,0x22,0x3e,0x3c,0x2f,0x70,
  0x61,0x74,0x68,0x3e,0x3c,0x2f,0x73,0x76,0x67,0x3e,
    // E:/010-VisonPYC/VisionPYC/VisionPYC/VisionPYC/Styles/icon/progress-1-line.svg
  0x0,0x0,0x1,0x86,
  0x3c,
  0x73,0x76,0x67,0x20,0x78,0x6d,0x6c,0x6e,0x73,0x3d,0x22,0x68,0x74,0x74,0x70,0x3a,
  0x2f,0x2f,0x77,0x77,0x77,0x2e,0x77,0x33,0x2e,0x6f,0x72,0x67,0x2f,0x32,0x30,0x30,
  0x30,0x2f,0x73,0x76,0x67,0x22,0x20,0x76,0x69,0x65,0x77,0x42,0x6f,0x78,0x3d,0x22,
  0x30,0x20,0x30,0x20,0x32,0x34,0x20,0x32,0x34,0x22,0x20,0x66,0x69,0x6c,0x6c,0x3d,
  0x22,0x72,0x67,0x62,0x61,0x28,0x30,0x2c,0x30,0x2c,0x30,0x2c,0x30,0x2e,0x36,0x38,
  0x29,0x22,0x3e,0x3c,0x70,0x61,0x74,0x68,0x20,0x64,0x3d,0x22,0x4d,0x32,0x20,0x31,
  0x32,0x43,0x32,0x20,0x31,0x37,0x2e,0x35,0x32,0x32,0x38,0x20,0x36,0x2e,0x34,0x37,
  0x37,0x31,0x35,0x20,0x32,0x32,0x20,0x31,0x32,0x20,0x32,0x32,0x43,0x31,0x37,0x2e,
  0x35,0x32,0x32,0x38,0x20,0x32,0x32,0x20,0x32,0x32,0x20,0x31,0x37,0x2e,0x35,0x32,
  0x32,0x38,0x20,0x32,0x32,0x20,0x31,0x32,0x43,0x32,0x32,0x20,0x36,0x2e,0x34,0x37,
  0x37,0x31,0x35,0x20,0x31,0x37,0x2e,0x35,0x32,0x32,0x38,0x20,0x32,0x20,0x31,0x32,
  0x20,0x32,0x43,0x36,0x2e,0x34,0x37,0x37,0x31,0x35,0x20,0x32,0x20,0x32,0x20,0x36,
  0x2e,0x34,0x37,0x37,0x31,0x35,0x20,0x32,0x20,0x31,0x32,0x5a,0x4d,0x32,0x30,0x20,
  0x31,0x32,0x43,0x32,0x30,0x20,0x31,0x36,0x2e,0x34,0x31,0x38,0x33,0x20,0x31,0x36,
  0x2e,0x34,0x31,0x38,0x33,0x20,0x32,0x30,0x20,0x31,0x32,0x20,0x32,0x30,0x43,0x37,
  0x2e,0x35,0x38,0x31,0x37,0x32,0x20,0x32,0x30,0x20,0x34,0x20,0x31,0x36,0x2e,0x34,
  0x31,0x38,0x33,0x20,0x34,0x20,0x31,0x32,0x43,0x34,0x20,0x37,0x2e,0x35,0x38,0x31,
  0x37,0x32,0x20,0x37,0x2e,0x35,0x38,0x31,0x37,0x32,0x20,0x34,0x20,0x31,0x32,0x20,
  0x34,0x43,0x31,0x36,0x2e,0x34,0x31,0x38,0x33,0x20,0x34,0x20,0x32,0x30,0x20,0x37,
  0x2e,0x35,0x38,0x31,0x37,0x32,0x20,0x32,0x30,0x20,0x31,0x32,0x5a,0x4d,0x31,0x32,
  0x20,0x31,0x32,0x56,0x36,0x43,0x31,0x33,0x2e,0x36,0x35,0x36,0x39,0x20,0x36,0x20,
  0x31,0x35,0x2e,0x31,0x35,0x36,0x39,0x20,0x36,0x2e,0x36,0x37,0x31,0x35,0x37,0x20,
  0x31,0x36,0x2e,0x32,0x34,0x32,0x36,0x20,0x37,0x2e,0x37,0x35,0x37,0x33,0x36,0x4c,
  0x31,0x32,0x20,0x31,0x32,0x5a,0x22,0x3e,0x3c,0x2f,0x70,0x61,0x74,0x68,0x3e,0x3c,
  0x2f,0x73,0x76,0x67,0x3e,
    // E:/010-VisonPYC/VisionPYC/VisionPYC/VisionPYC/Styles/icon/radio-button-fill.svg
  0x0,0x0,0x1,0x4e,
  0x3c,
  0x73,0x76,0x67,0x20,0x78,0x6d,0x6c,0x6e,0x73,0x3d,0x22,0x68,0x74,0x74,0x70,0x3a,
  0x2f,0x2f,0x77,0x77,0x77,0x2e,0x77,0x33,0x2e,0x6f,0x72,0x67,0x2f,0x32,0x30,0x30,
  0x30,0x2f,0x73,0x76,0x67,0x22,0x20,0x76,0x69,0x65,0x77,0x42,0x6f,0x78,0x3d,0x22,
  0x30,0x20,0x30,0x20,0x32,0x34,0x20,0x32,0x34,0x22,0x20,0x66,0x69,0x6c,0x6c,0x3d,
  0x22,0x72,0x67,0x62,0x61,0x28,0x30,0x2c,0x30,0x2c,0x30,0x2c,0x30,0x2e,0x36,0x38,
  0x29,0x22,0x3e,0x3c,0x70,0x61,0x74,0x68,0x20,0x64,0x3d,0x22,0x4d,0x31,0x32,0x20,
  0x32,0x32,0x43,0x36,0x2e,0x34,0x37,0x37,0x31,0x35,0x20,0x32,0x32,0x20,0x32,0x20,
  0x31,0x37,0x2e,0x35,0x32,0x32,0x38,0x20,0x32,0x20,0x31,0x32,0x43,0x32,0x20,0x36,
  0x2e,0x34,0x37,0x37,0x31,0x35,0x20,0x36,0x2e,0x34,0x37,0x37,0x31,0x35,0x20,0x32,
  0x20,0x31,0x32,0x20,0x32,0x43,0x31,0x37,0x2e,0x35,0x32,0x32,0x38,0x20,0x32,0x20,
  0x32,0x32,0x20,0x36,0x2e,0x34,0x37,0x37,0x31,0x35,0x20,0x32,0x32,0x20,0x31,0x32,
  0x43,0x32,0x32,0x20,0x31,0x37,0x2e,0x35,0x32,0x32,0x38,0x20,0x31,0x37,0x2e,0x35,
  0x32,0x32,0x38,0x20,0x32,0x32,0x20,0x31,0x32,0x20,0x32,0x32,0x5a,0x4d,0x31,0x32,
  0x20,0x31,0x36,0x43,0x31,0x34,0x2e,0x32,0x30,0x39,0x31,0x20,0x31,0x36,0x20,0x31,
  0x36,0x20,0x31,0x34,0x2e,0x32,0x30,0x39,0x31,0x20,0x31,0x36,0x20,0x31,0x32,0x43,
  0x31,0x36,0x20,0x39,0x2e,0x37,0x39,0x30,0x38,0x36,0x20,0x31,0x34,0x2e,0x32,0x30,
  0x39,0x31,0x20,0x38,0x20,0x31,0x32,0x20,0x38,0x43,0x39,0x2e,0x37,0x39,0x30,0x38,
  0x36,0x20,0x38,0x20,0x38,0x20,0x39,0x2e,0x37,0x39,0x30,0x38,0x36,0x20,0x38,0x20,
  0x31,0x32,0x43,0x38,0x20,0x31,0x34,0x2e,0x32,0x30,0x39,0x31,0x20,0x39,0x2e,0x37,
  0x39,0x30,0x38,0x36,0x20,0x31,0x36,0x20,0x31,0x32,0x20,0x31,0x36,0x5a,0x22,0x3e,
  0x3c,0x2f,0x70,0x61,0x74,0x68,0x3e,0x3c,0x2f,0x73,0x76,0x67,0x3e,
    // E:/010-VisonPYC/VisionPYC/VisionPYC/VisionPYC/Styles/icon/close-large-line.svg
  0x0,0x0,0x1,0x2c,
  0x3c,
  0x73,0x76,0x67,0x20,0x78,0x6d,0x6c,0x6e,0x73,0x3d,0x22,0x68,0x74,0x74,0x70,0x3a,
  0x2f,0x2f,0x77,0x77,0x77,0x2e,0x77,0x33,0x2e,0x6f,0x72,0x67,0x2f,0x32,0x30,0x30,
  0x30,0x2f,0x73,0x76,0x67,0x22,0x20,0x76,0x69,0x65,0x77,0x42,0x6f,0x78,0x3d,0x22,
  0x30,0x20,0x30,0x20,0x32,0x34,0x20,0x32,0x34,0x22,0x20,0x66,0x69,0x6c,0x6c,0x3d,
  0x22,0x72,0x67,0x62,0x61,0x28,0x30,0x2c,0x30,0x2c,0x30,0x2c,0x30,0x2e,0x36,0x38,
  0x29,0x22,0x3e,0x3c,0x70,0x61,0x74,0x68,0x20,0x64,0x3d,0x22,0x4d,0x31,0x30,0x2e,
  0x35,0x38,0x35,0x39,0x20,0x31,0x32,0x4c,0x32,0x2e,0x37,0x39,0x32,0x39,0x37,0x20,
  0x34,0x2e,0x32,0x30,0x37,0x30,0x36,0x4c,0x34,0x2e,0x32,0x30,0x37,0x31,0x38,0x20,
  0x32,0x2e,0x37,0x39,0x32,0x38,0x35,0x4c,0x31,0x32,0x2e,0x30,0x30,0x30,0x31,0x20,
  0x31,0x30,0x2e,0x35,0x38,0x35,0x37,0x4c,0x31,0x39,0x2e,0x37,0x39,0x33,0x20,0x32,
  0x2e,0x37,0x39,0x32,0x38,0x35,0x4c,0x32,0x31,0x2e,0x32,0x30,0x37,0x32,0x20,0x34,
  0x2e,0x32,0x30,0x37,0x30,0x36,0x4c,0x31,0x33,0x2e,0x34,0x31,0x34,0x33,0x20,0x31,
  0x32,0x4c,0x32,0x31,0x2e,0x32,0x30,0x37,0x32,0x20,0x31,0x39,0x2e,0x37,0x39,0x32,
  0x38,0x4c,0x31,0x39,0x2e,0x37,0x39,0x33,0x20,0x32,0x31,0x2e,0x32,0x30,0x37,0x31,
  0x4c,0x31,0x32,0x2e,0x30,0x30,0x30,0x31,0x20,0x31,0x33,0x2e,0x34,0x31,0x34,0x32,
  0x4c,0x34,0x2e,0x32,0x30,0x37,0x31,0x38,0x20,0x32,0x31,0x2e,0x32,0x30,0x37,0x31,
  0x4c,0x32,0x2e,0x37,0x39,0x32,0x39,0x37,0x20,0x31,0x39,0x2e,0x37,0x39,0x32,0x38,
  0x4c,0x31,0x30,0x2e,0x35,0x38,0x35,0x39,0x20,0x31,0x32,0x5a,0x22,0x3e,0x3c,0x2f,
  0x70,0x61,0x74,0x68,0x3e,0x3c,0x2f,0x73,0x76,0x67,0x3e,
    // E:/010-VisonPYC/VisionPYC/VisionPYC/VisionPYC/Styles/icon/reset-left-fill.svg
  0x0,0x0,0x1,0x77,
  0x3c,
  0x73,0x76,0x67,0x20,0x78,0x6d,0x6c,0x6e,0x73,0x3d,0x22,0x68,0x74,0x74,0x70,0x3a,
  0x2f,0x2f,0x77,0x77,0x77,0x2e,0x77,0x33,0x2e,0x6f,0x72,0x67,0x2f,0x32,0x30,0x30,
  0x30,0x2f,0x73,0x76,0x67,0x22,0x20,0x76,0x69,0x65,0x77,0x42,0x6f,0x78,0x3d,0x22,
  0x30,0x20,0x30,0x20,0x32,0x34,0x20,0x32,0x34,0x22,0x20,0x66,0x69,0x6c,0x6c,0x3d,
  0x22,0x72,0x67,0x62,0x61,0x28,0x30,0x2c,0x30,0x2c,0x30,0x2c,0x30,0x2e,0x36,0x38,
  0x29,0x22,0x3e,0x3c,0x70,0x61,0x74,0x68,0x20,0x64,0x3d,0x22,0x4d,0x32,0x32,0x20,
  0x31,0x32,0x43,0x32,0x32,0x20,0x31,0x37,0x2e,0x35,0x32,0x32,0x38,0x20,0x31,0x37,
  0x2e,0x35,0x32,0x32,0x39,0x20,0x32,0x32,0x20,0x31,0x32,0x20,0x32,0x32,0x43,0x36,
  0x2e,0x34,0x37,0x37,0x32,0x20,0x32,0x32,0x20,0x32,0x20,0x31,0x37,0x2e,0x35,0x32,
  0x32,0x38,0x20,0x32,0x20,0x31,0x32,0x43,0x32,0x20,0x36,0x2e,0x34,0x37,0x37,0x31,
  0x35,0x20,0x36,0x2e,0x34,0x37,0x37,0x32,0x20,0x32,0x20,0x31,0x32,0x20,0x32,0x56,
  0x34,0x43,0x37,0x2e,0x35,0x38,0x31,0x37,0x20,0x34,0x20,0x34,0x20,0x37,0x2e,0x35,
  0x38,0x31,0x37,0x32,0x20,0x34,0x20,0x31,0x32,0x43,0x34,0x20,0x31,0x36,0x2e,0x34,
  0x31,0x38,0x33,0x20,0x37,0x2e,0x35,0x38,0x31,0x37,0x20,0x32,0x30,0x20,0x31,0x32,
  0x20,0x32,0x30,0x43,0x31,0x36,0x2e,0x34,0x31,0x38,0x33,0x20,0x32,0x30,0x20,0x32,
  0x30,0x20,0x31,0x36,0x2e,0x34,0x31,0x38,0x33,0x20,0x32,0x30,0x20,0x31,0x32,0x43,
  0x32,0x30,0x20,0x39,0x2e,0x35,0x33,0x36,0x31,0x34,0x20,0x31,0x38,0x2e,0x38,0x38,
  0x36,0x32,0x20,0x37,0x2e,0x33,0x33,0x32,0x34,0x33,0x20,0x31,0x37,0x2e,0x31,0x33,
  0x34,0x36,0x20,0x35,0x2e,0x38,0x36,0x34,0x39,0x32,0x4c,0x31,0x35,0x20,0x38,0x56,
  0x32,0x4c,0x32,0x31,0x20,0x32,0x4c,0x31,0x38,0x2e,0x35,0x35,0x33,0x35,0x20,0x34,
  0x2e,0x34,0x34,0x36,0x35,0x36,0x43,0x32,0x30,0x2e,0x36,0x36,0x34,0x39,0x20,0x36,
  0x2e,0x32,0x38,0x30,0x30,0x32,0x20,0x32,0x32,0x20,0x38,0x2e,0x39,0x38,0x34,0x31,
  0x20,0x32,0x32,0x20,0x31,0x32,0x5a,0x22,0x3e,0x3c,0x2f,0x70,0x61,0x74,0x68,0x3e,
  0x3c,0x2f,0x73,0x76,0x67,0x3e,
  
};

static const unsigned char qt_resource_name[] = {
  // pushbutton.qss
  0x0,0xe,
  0x2,0x9c,0x7c,0x23,
  0x0,0x70,
  0x0,0x75,0x0,0x73,0x0,0x68,0x0,0x62,0x0,0x75,0x0,0x74,0x0,0x74,0x0,0x6f,0x0,0x6e,0x0,0x2e,0x0,0x71,0x0,0x73,0x0,0x73,
    // groupBox.qss
  0x0,0xc,
  0x4,0xb9,0x80,0x23,
  0x0,0x67,
  0x0,0x72,0x0,0x6f,0x0,0x75,0x0,0x70,0x0,0x42,0x0,0x6f,0x0,0x78,0x0,0x2e,0x0,0x71,0x0,0x73,0x0,0x73,
    // lineEdit.qss
  0x0,0xc,
  0x5,0x67,0xcb,0xc3,
  0x0,0x6c,
  0x0,0x69,0x0,0x6e,0x0,0x65,0x0,0x45,0x0,0x64,0x0,0x69,0x0,0x74,0x0,0x2e,0x0,0x71,0x0,0x73,0x0,0x73,
    // style.qss
  0x0,0x9,
  0x0,0x28,0xad,0x23,
  0x0,0x73,
  0x0,0x74,0x0,0x79,0x0,0x6c,0x0,0x65,0x0,0x2e,0x0,0x71,0x0,0x73,0x0,0x73,
    // plainTextEdit.qss
  0x0,0x11,
  0xd,0x82,0x9,0xc3,
  0x0,0x70,
  0x0,0x6c,0x0,0x61,0x0,0x69,0x0,0x6e,0x0,0x54,0x0,0x65,0x0,0x78,0x0,0x74,0x0,0x45,0x0,0x64,0x0,0x69,0x0,0x74,0x0,0x2e,0x0,0x71,0x0,0x73,0x0,0x73,
  
    // tabBar.qss
  0x0,0xa,
  0x8,0x8a,0x16,0x63,
  0x0,0x74,
  0x0,0x61,0x0,0x62,0x0,0x42,0x0,0x61,0x0,0x72,0x0,0x2e,0x0,0x71,0x0,0x73,0x0,0x73,
    // icon
  0x0,0x4,
  0x0,0x6,0xfa,0x5e,
  0x0,0x69,
  0x0,0x63,0x0,0x6f,0x0,0x6e,
    // widget.qss
  0x0,0xa,
  0xd,0xc8,0xe7,0xe3,
  0x0,0x77,
  0x0,0x69,0x0,0x64,0x0,0x67,0x0,0x65,0x0,0x74,0x0,0x2e,0x0,0x71,0x0,0x73,0x0,0x73,
    // radiobutton.qss
  0x0,0xf,
  0xd,0x6b,0x80,0x23,
  0x0,0x72,
  0x0,0x61,0x0,0x64,0x0,0x69,0x0,0x6f,0x0,0x62,0x0,0x75,0x0,0x74,0x0,0x74,0x0,0x6f,0x0,0x6e,0x0,0x2e,0x0,0x71,0x0,0x73,0x0,0x73,
    // add-line.svg
  0x0,0xc,
  0x4,0xb4,0xb2,0x87,
  0x0,0x61,
  0x0,0x64,0x0,0x64,0x0,0x2d,0x0,0x6c,0x0,0x69,0x0,0x6e,0x0,0x65,0x0,0x2e,0x0,0x73,0x0,0x76,0x0,0x67,
    // close-circle-fill.svg
  0x0,0x15,
  0x7,0x88,0xe4,0xc7,
  0x0,0x63,
  0x0,0x6c,0x0,0x6f,0x0,0x73,0x0,0x65,0x0,0x2d,0x0,0x63,0x0,0x69,0x0,0x72,0x0,0x63,0x0,0x6c,0x0,0x65,0x0,0x2d,0x0,0x66,0x0,0x69,0x0,0x6c,0x0,0x6c,
  0x0,0x2e,0x0,0x73,0x0,0x76,0x0,0x67,
    // progress-1-fill.svg
  0x0,0x13,
  0x7,0x37,0x7d,0xc7,
  0x0,0x70,
  0x0,0x72,0x0,0x6f,0x0,0x67,0x0,0x72,0x0,0x65,0x0,0x73,0x0,0x73,0x0,0x2d,0x0,0x31,0x0,0x2d,0x0,0x66,0x0,0x69,0x0,0x6c,0x0,0x6c,0x0,0x2e,0x0,0x73,
  0x0,0x76,0x0,0x67,
    // loop-left-line.svg
  0x0,0x12,
  0x9,0xe7,0x37,0xa7,
  0x0,0x6c,
  0x0,0x6f,0x0,0x6f,0x0,0x70,0x0,0x2d,0x0,0x6c,0x0,0x65,0x0,0x66,0x0,0x74,0x0,0x2d,0x0,0x6c,0x0,0x69,0x0,0x6e,0x0,0x65,0x0,0x2e,0x0,0x73,0x0,0x76,
  0x0,0x67,
    // loop-right-line.svg
  0x0,0x13,
  0xe,0x62,0x63,0x27,
  0x0,0x6c,
  0x0,0x6f,0x0,0x6f,0x0,0x70,0x0,0x2d,0x0,0x72,0x0,0x69,0x0,0x67,0x0,0x68,0x0,0x74,0x0,0x2d,0x0,0x6c,0x0,0x69,0x0,0x6e,0x0,0x65,0x0,0x2e,0x0,0x73,
  0x0,0x76,0x0,0x67,
    // folder-fill.svg
  0x0,0xf,
  0xd,0x76,0x48,0xc7,
  0x0,0x66,
  0x0,0x6f,0x0,0x6c,0x0,0x64,0x0,0x65,0x0,0x72,0x0,0x2d,0x0,0x66,0x0,0x69,0x0,0x6c,0x0,0x6c,0x0,0x2e,0x0,0x73,0x0,0x76,0x0,0x67,
    // add-large-fill.svg
  0x0,0x12,
  0x8,0xdc,0xd,0xc7,
  0x0,0x61,
  0x0,0x64,0x0,0x64,0x0,0x2d,0x0,0x6c,0x0,0x61,0x0,0x72,0x0,0x67,0x0,0x65,0x0,0x2d,0x0,0x66,0x0,0x69,0x0,0x6c,0x0,0x6c,0x0,0x2e,0x0,0x73,0x0,0x76,
  0x0,0x67,
    // arrow-down-long-line.svg
  0x0,0x18,
  0x4,0x19,0x20,0xe7,
  0x0,0x61,
  0x0,0x72,0x0,0x72,0x0,0x6f,0x0,0x77,0x0,0x2d,0x0,0x64,0x0,0x6f,0x0,0x77,0x0,0x6e,0x0,0x2d,0x0,0x6c,0x0,0x6f,0x0,0x6e,0x0,0x67,0x0,0x2d,0x0,0x6c,
  0x0,0x69,0x0,0x6e,0x0,0x65,0x0,0x2e,0x0,0x73,0x0,0x76,0x0,0x67,
    // settings-3-fill.svg
  0x0,0x13,
  0x7,0xc1,0xdf,0xa7,
  0x0,0x73,
  0x0,0x65,0x0,0x74,0x0,0x74,0x0,0x69,0x0,0x6e,0x0,0x67,0x0,0x73,0x0,0x2d,0x0,0x33,0x0,0x2d,0x0,0x66,0x0,0x69,0x0,0x6c,0x0,0x6c,0x0,0x2e,0x0,0x73,
  0x0,0x76,0x0,0x67,
    // link-m.svg
  0x0,0xa,
  0xe,0x32,0x3a,0x47,
  0x0,0x6c,
  0x0,0x69,0x0,0x6e,0x0,0x6b,0x0,0x2d,0x0,0x6d,0x0,0x2e,0x0,0x73,0x0,0x76,0x0,0x67,
    // folder-add-line.svg
  0x0,0x13,
  0xf,0x3a,0x0,0xa7,
  0x0,0x66,
  0x0,0x6f,0x0,0x6c,0x0,0x64,0x0,0x65,0x0,0x72,0x0,0x2d,0x0,0x61,0x0,0x64,0x0,0x64,0x0,0x2d,0x0,0x6c,0x0,0x69,0x0,0x6e,0x0,0x65,0x0,0x2e,0x0,0x73,
  0x0,0x76,0x0,0x67,
    // arrow-up-long-line.svg
  0x0,0x16,
  0x4,0x2a,0xd2,0x27,
  0x0,0x61,
  0x0,0x72,0x0,0x72,0x0,0x6f,0x0,0x77,0x0,0x2d,0x0,0x75,0x0,0x70,0x0,0x2d,0x0,0x6c,0x0,0x6f,0x0,0x6e,0x0,0x67,0x0,0x2d,0x0,0x6c,0x0,0x69,0x0,0x6e,
  0x0,0x65,0x0,0x2e,0x0,0x73,0x0,0x76,0x0,0x67,
    // close-circle-line.svg
  0x0,0x15,
  0x7,0xe3,0x9b,0x7,
  0x0,0x63,
  0x0,0x6c,0x0,0x6f,0x0,0x73,0x0,0x65,0x0,0x2d,0x0,0x63,0x0,0x69,0x0,0x72,0x0,0x63,0x0,0x6c,0x0,0x65,0x0,0x2d,0x0,0x6c,0x0,0x69,0x0,0x6e,0x0,0x65,
  0x0,0x2e,0x0,0x73,0x0,0x76,0x0,0x67,
    // attachment-2.svg
  0x0,0x10,
  0x8,0x21,0x4,0xe7,
  0x0,0x61,
  0x0,0x74,0x0,0x74,0x0,0x61,0x0,0x63,0x0,0x68,0x0,0x6d,0x0,0x65,0x0,0x6e,0x0,0x74,0x0,0x2d,0x0,0x32,0x0,0x2e,0x0,0x73,0x0,0x76,0x0,0x67,
    // hourglass-fill.svg
  0x0,0x12,
  0x2,0xe0,0xbe,0xe7,
  0x0,0x68,
  0x0,0x6f,0x0,0x75,0x0,0x72,0x0,0x67,0x0,0x6c,0x0,0x61,0x0,0x73,0x0,0x73,0x0,0x2d,0x0,0x66,0x0,0x69,0x0,0x6c,0x0,0x6c,0x0,0x2e,0x0,0x73,0x0,0x76,
  0x0,0x67,
    // checkbox-blank-circle-line.svg
  0x0,0x1e,
  0xe,0x8a,0xc2,0x27,
  0x0,0x63,
  0x0,0x68,0x0,0x65,0x0,0x63,0x0,0x6b,0x0,0x62,0x0,0x6f,0x0,0x78,0x0,0x2d,0x0,0x62,0x0,0x6c,0x0,0x61,0x0,0x6e,0x0,0x6b,0x0,0x2d,0x0,0x63,0x0,0x69,
  0x0,0x72,0x0,0x63,0x0,0x6c,0x0,0x65,0x0,0x2d,0x0,0x6c,0x0,0x69,0x0,0x6e,0x0,0x65,0x0,0x2e,0x0,0x73,0x0,0x76,0x0,0x67,
    // checkbox-multiple-fill.svg
  0x0,0x1a,
  0x9,0x9,0xf1,0x27,
  0x0,0x63,
  0x0,0x68,0x0,0x65,0x0,0x63,0x0,0x6b,0x0,0x62,0x0,0x6f,0x0,0x78,0x0,0x2d,0x0,0x6d,0x0,0x75,0x0,0x6c,0x0,0x74,0x0,0x69,0x0,0x70,0x0,0x6c,0x0,0x65,
  0x0,0x2d,0x0,0x66,0x0,0x69,0x0,0x6c,0x0,0x6c,0x0,0x2e,0x0,0x73,0x0,0x76,0x0,0x67,
    // loop-left-ai-line.svg
  0x0,0x15,
  0xa,0xfc,0xee,0xe7,
  0x0,0x6c,
  0x0,0x6f,0x0,0x6f,0x0,0x70,0x0,0x2d,0x0,0x6c,0x0,0x65,0x0,0x66,0x0,0x74,0x0,0x2d,0x0,0x61,0x0,0x69,0x0,0x2d,0x0,0x6c,0x0,0x69,0x0,0x6e,0x0,0x65,
  0x0,0x2e,0x0,0x73,0x0,0x76,0x0,0x67,
    // refresh-line.svg
  0x0,0x10,
  0x1,0xcd,0x15,0x87,
  0x0,0x72,
  0x0,0x65,0x0,0x66,0x0,0x72,0x0,0x65,0x0,0x73,0x0,0x68,0x0,0x2d,0x0,0x6c,0x0,0x69,0x0,0x6e,0x0,0x65,0x0,0x2e,0x0,0x73,0x0,0x76,0x0,0x67,
    // checkbox-multiple-blank-fill.svg
  0x0,0x20,
  0xa,0xea,0x4b,0xe7,
  0x0,0x63,
  0x0,0x68,0x0,0x65,0x0,0x63,0x0,0x6b,0x0,0x62,0x0,0x6f,0x0,0x78,0x0,0x2d,0x0,0x6d,0x0,0x75,0x0,0x6c,0x0,0x74,0x0,0x69,0x0,0x70,0x0,0x6c,0x0,0x65,
  0x0,0x2d,0x0,0x62,0x0,0x6c,0x0,0x61,0x0,0x6e,0x0,0x6b,0x0,0x2d,0x0,0x66,0x0,0x69,0x0,0x6c,0x0,0x6c,0x0,0x2e,0x0,0x73,0x0,0x76,0x0,0x67,
    // radio-button-line.svg
  0x0,0x15,
  0x7,0x23,0x5e,0x67,
  0x0,0x72,
  0x0,0x61,0x0,0x64,0x0,0x69,0x0,0x6f,0x0,0x2d,0x0,0x62,0x0,0x75,0x0,0x74,0x0,0x74,0x0,0x6f,0x0,0x6e,0x0,0x2d,0x0,0x6c,0x0,0x69,0x0,0x6e,0x0,0x65,
  0x0,0x2e,0x0,0x73,0x0,0x76,0x0,0x67,
    // folder-open-fill.svg
  0x0,0x14,
  0xc,0xac,0x5f,0xe7,
  0x0,0x66,
  0x0,0x6f,0x0,0x6c,0x0,0x64,0x0,0x65,0x0,0x72,0x0,0x2d,0x0,0x6f,0x0,0x70,0x0,0x65,0x0,0x6e,0x0,0x2d,0x0,0x66,0x0,0x69,0x0,0x6c,0x0,0x6c,0x0,0x2e,
  0x0,0x73,0x0,0x76,0x0,0x67,
    // repeat-2-line.svg
  0x0,0x11,
  0x1,0x47,0x98,0x7,
  0x0,0x72,
  0x0,0x65,0x0,0x70,0x0,0x65,0x0,0x61,0x0,0x74,0x0,0x2d,0x0,0x32,0x0,0x2d,0x0,0x6c,0x0,0x69,0x0,0x6e,0x0,0x65,0x0,0x2e,0x0,0x73,0x0,0x76,0x0,0x67,
  
    // subtract-line.svg
  0x0,0x11,
  0x1,0x5a,0x5c,0x7,
  0x0,0x73,
  0x0,0x75,0x0,0x62,0x0,0x74,0x0,0x72,0x0,0x61,0x0,0x63,0x0,0x74,0x0,0x2d,0x0,0x6c,0x0,0x69,0x0,0x6e,0x0,0x65,0x0,0x2e,0x0,0x73,0x0,0x76,0x0,0x67,
  
    // settings-3-line.svg
  0x0,0x13,
  0x7,0xaa,0xd0,0x67,
  0x0,0x73,
  0x0,0x65,0x0,0x74,0x0,0x74,0x0,0x69,0x0,0x6e,0x0,0x67,0x0,0x73,0x0,0x2d,0x0,0x33,0x0,0x2d,0x0,0x6c,0x0,0x69,0x0,0x6e,0x0,0x65,0x0,0x2e,0x0,0x73,
  0x0,0x76,0x0,0x67,
    // arrow-go-back-line.svg
  0x0,0x16,
  0x6,0x10,0xce,0xc7,
  0x0,0x61,
  0x0,0x72,0x0,0x72,0x0,0x6f,0x0,0x77,0x0,0x2d,0x0,0x67,0x0,0x6f,0x0,0x2d,0x0,0x62,0x0,0x61,0x0,0x63,0x0,0x6b,0x0,0x2d,0x0,0x6c,0x0,0x69,0x0,0x6e,
  0x0,0x65,0x0,0x2e,0x0,0x73,0x0,0x76,0x0,0x67,
    // progress-2-line.svg
  0x0,0x13,
  0x7,0x53,0x52,0x7,
  0x0,0x70,
  0x0,0x72,0x0,0x6f,0x0,0x67,0x0,0x72,0x0,0x65,0x0,0x73,0x0,0x73,0x0,0x2d,0x0,0x32,0x0,0x2d,0x0,0x6c,0x0,0x69,0x0,0x6e,0x0,0x65,0x0,0x2e,0x0,0x73,
  0x0,0x76,0x0,0x67,
    // filter-off-line.svg
  0x0,0x13,
  0xc,0xf3,0xc0,0xa7,
  0x0,0x66,
  0x0,0x69,0x0,0x6c,0x0,0x74,0x0,0x65,0x0,0x72,0x0,0x2d,0x0,0x6f,0x0,0x66,0x0,0x66,0x0,0x2d,0x0,0x6c,0x0,0x69,0x0,0x6e,0x0,0x65,0x0,0x2e,0x0,0x73,
  0x0,0x76,0x0,0x67,
    // progress-4-line.svg
  0x0,0x13,
  0x7,0x53,0x12,0x7,
  0x0,0x70,
  0x0,0x72,0x0,0x6f,0x0,0x67,0x0,0x72,0x0,0x65,0x0,0x73,0x0,0x73,0x0,0x2d,0x0,0x34,0x0,0x2d,0x0,0x6c,0x0,0x69,0x0,0x6e,0x0,0x65,0x0,0x2e,0x0,0x73,
  0x0,0x76,0x0,0x67,
    // toggle-line.svg
  0x0,0xf,
  0x7,0x85,0x37,0xe7,
  0x0,0x74,
  0x0,0x6f,0x0,0x67,0x0,0x67,0x0,0x6c,0x0,0x65,0x0,0x2d,0x0,0x6c,0x0,0x69,0x0,0x6e,0x0,0x65,0x0,0x2e,0x0,0x73,0x0,0x76,0x0,0x67,
    // folder-3-fill.svg
  0x0,0x11,
  0x9,0x3a,0x17,0xe7,
  0x0,0x66,
  0x0,0x6f,0x0,0x6c,0x0,0x64,0x0,0x65,0x0,0x72,0x0,0x2d,0x0,0x33,0x0,0x2d,0x0,0x66,0x0,0x69,0x0,0x6c,0x0,0x6c,0x0,0x2e,0x0,0x73,0x0,0x76,0x0,0x67,
  
    // repeat-2-fill.svg
  0x0,0x11,
  0x1,0x2c,0xe7,0x47,
  0x0,0x72,
  0x0,0x65,0x0,0x70,0x0,0x65,0x0,0x61,0x0,0x74,0x0,0x2d,0x0,0x32,0x0,0x2d,0x0,0x66,0x0,0x69,0x0,0x6c,0x0,0x6c,0x0,0x2e,0x0,0x73,0x0,0x76,0x0,0x67,
  
    // reset-right-fill.svg
  0x0,0x14,
  0x5,0xe0,0x53,0x7,
  0x0,0x72,
  0x0,0x65,0x0,0x73,0x0,0x65,0x0,0x74,0x0,0x2d,0x0,0x72,0x0,0x69,0x0,0x67,0x0,0x68,0x0,0x74,0x0,0x2d,0x0,0x66,0x0,0x69,0x0,0x6c,0x0,0x6c,0x0,0x2e,
  0x0,0x73,0x0,0x76,0x0,0x67,
    // loop-left-ai-fill.svg
  0x0,0x15,
  0xa,0x93,0xe9,0x27,
  0x0,0x6c,
  0x0,0x6f,0x0,0x6f,0x0,0x70,0x0,0x2d,0x0,0x6c,0x0,0x65,0x0,0x66,0x0,0x74,0x0,0x2d,0x0,0x61,0x0,0x69,0x0,0x2d,0x0,0x66,0x0,0x69,0x0,0x6c,0x0,0x6c,
  0x0,0x2e,0x0,0x73,0x0,0x76,0x0,0x67,
    // refresh-fill.svg
  0x0,0x10,
  0x1,0xa2,0x13,0xc7,
  0x0,0x72,
  0x0,0x65,0x0,0x66,0x0,0x72,0x0,0x65,0x0,0x73,0x0,0x68,0x0,0x2d,0x0,0x66,0x0,0x69,0x0,0x6c,0x0,0x6c,0x0,0x2e,0x0,0x73,0x0,0x76,0x0,0x67,
    // filter-2-fill.svg
  0x0,0x11,
  0x9,0x3b,0xf3,0xe7,
  0x0,0x66,
  0x0,0x69,0x0,0x6c,0x0,0x74,0x0,0x65,0x0,0x72,0x0,0x2d,0x0,0x32,0x0,0x2d,0x0,0x66,0x0,0x69,0x0,0x6c,0x0,0x6c,0x0,0x2e,0x0,0x73,0x0,0x76,0x0,0x67,
  
    // subtract-fill.svg
  0x0,0x11,
  0x1,0x31,0x5b,0x47,
  0x0,0x73,
  0x0,0x75,0x0,0x62,0x0,0x74,0x0,0x72,0x0,0x61,0x0,0x63,0x0,0x74,0x0,0x2d,0x0,0x66,0x0,0x69,0x0,0x6c,0x0,0x6c,0x0,0x2e,0x0,0x73,0x0,0x76,0x0,0x67,
  
    // filter-2-line.svg
  0x0,0x11,
  0x9,0x54,0xf4,0x27,
  0x0,0x66,
  0x0,0x69,0x0,0x6c,0x0,0x74,0x0,0x65,0x0,0x72,0x0,0x2d,0x0,0x32,0x0,0x2d,0x0,0x6c,0x0,0x69,0x0,0x6e,0x0,0x65,0x0,0x2e,0x0,0x73,0x0,0x76,0x0,0x67,
  
    // history-fill.svg
  0x0,0x10,
  0xa,0xe7,0x9f,0xe7,
  0x0,0x68,
  0x0,0x69,0x0,0x73,0x0,0x74,0x0,0x6f,0x0,0x72,0x0,0x79,0x0,0x2d,0x0,0x66,0x0,0x69,0x0,0x6c,0x0,0x6c,0x0,0x2e,0x0,0x73,0x0,0x76,0x0,0x67,
    // loop-left-fill.svg
  0x0,0x12,
  0x9,0x8c,0x30,0x67,
  0x0,0x6c,
  0x0,0x6f,0x0,0x6f,0x0,0x70,0x0,0x2d,0x0,0x6c,0x0,0x65,0x0,0x66,0x0,0x74,0x0,0x2d,0x0,0x66,0x0,0x69,0x0,0x6c,0x0,0x6c,0x0,0x2e,0x0,0x73,0x0,0x76,
  0x0,0x67,
    // arrow-go-back-fill.svg
  0x0,0x16,
  0x6,0x67,0xc9,0x7,
  0x0,0x61,
  0x0,0x72,0x0,0x72,0x0,0x6f,0x0,0x77,0x0,0x2d,0x0,0x67,0x0,0x6f,0x0,0x2d,0x0,0x62,0x0,0x61,0x0,0x63,0x0,0x6b,0x0,0x2d,0x0,0x66,0x0,0x69,0x0,0x6c,
  0x0,0x6c,0x0,0x2e,0x0,0x73,0x0,0x76,0x0,0x67,
    // folder-open-line.svg
  0x0,0x14,
  0xc,0xc7,0x50,0x27,
  0x0,0x66,
  0x0,0x6f,0x0,0x6c,0x0,0x64,0x0,0x65,0x0,0x72,0x0,0x2d,0x0,0x6f,0x0,0x70,0x0,0x65,0x0,0x6e,0x0,0x2d,0x0,0x6c,0x0,0x69,0x0,0x6e,0x0,0x65,0x0,0x2e,
  0x0,0x73,0x0,0x76,0x0,0x67,
    // loop-right-ai-line.svg
  0x0,0x16,
  0xf,0x35,0x1e,0x47,
  0x0,0x6c,
  0x0,0x6f,0x0,0x6f,0x0,0x70,0x0,0x2d,0x0,0x72,0x0,0x69,0x0,0x67,0x0,0x68,0x0,0x74,0x0,0x2d,0x0,0x61,0x0,0x69,0x0,0x2d,0x0,0x6c,0x0,0x69,0x0,0x6e,
  0x0,0x65,0x0,0x2e,0x0,0x73,0x0,0x76,0x0,0x67,
    // toggle-fill.svg
  0x0,0xf,
  0x7,0xea,0x30,0x27,
  0x0,0x74,
  0x0,0x6f,0x0,0x67,0x0,0x67,0x0,0x6c,0x0,0x65,0x0,0x2d,0x0,0x66,0x0,0x69,0x0,0x6c,0x0,0x6c,0x0,0x2e,0x0,0x73,0x0,0x76,0x0,0x67,
    // list-settings-fill.svg
  0x0,0x16,
  0xd,0xad,0x36,0xc7,
  0x0,0x6c,
  0x0,0x69,0x0,0x73,0x0,0x74,0x0,0x2d,0x0,0x73,0x0,0x65,0x0,0x74,0x0,0x74,0x0,0x69,0x0,0x6e,0x0,0x67,0x0,0x73,0x0,0x2d,0x0,0x66,0x0,0x69,0x0,0x6c,
  0x0,0x6c,0x0,0x2e,0x0,0x73,0x0,0x76,0x0,0x67,
    // progress-3-line.svg
  0x0,0x13,
  0x7,0x53,0x32,0x7,
  0x0,0x70,
  0x0,0x72,0x0,0x6f,0x0,0x67,0x0,0x72,0x0,0x65,0x0,0x73,0x0,0x73,0x0,0x2d,0x0,0x33,0x0,0x2d,0x0,0x6c,0x0,0x69,0x0,0x6e,0x0,0x65,0x0,0x2e,0x0,0x73,
  0x0,0x76,0x0,0x67,
    // repeat-line.svg
  0x0,0xf,
  0x5,0x39,0x51,0x87,
  0x0,0x72,
  0x0,0x65,0x0,0x70,0x0,0x65,0x0,0x61,0x0,0x74,0x0,0x2d,0x0,0x6c,0x0,0x69,0x0,0x6e,0x0,0x65,0x0,0x2e,0x0,0x73,0x0,0x76,0x0,0x67,
    // folder-2-fill.svg
  0x0,0x11,
  0x9,0x3a,0x77,0xe7,
  0x0,0x66,
  0x0,0x6f,0x0,0x6c,0x0,0x64,0x0,0x65,0x0,0x72,0x0,0x2d,0x0,0x32,0x0,0x2d,0x0,0x66,0x0,0x69,0x0,0x6c,0x0,0x6c,0x0,0x2e,0x0,0x73,0x0,0x76,0x0,0x67,
  
    // close-large-fill.svg
  0x0,0x14,
  0x4,0x93,0x98,0xe7,
  0x0,0x63,
  0x0,0x6c,0x0,0x6f,0x0,0x73,0x0,0x65,0x0,0x2d,0x0,0x6c,0x0,0x61,0x0,0x72,0x0,0x67,0x0,0x65,0x0,0x2d,0x0,0x66,0x0,0x69,0x0,0x6c,0x0,0x6c,0x0,0x2e,
  0x0,0x73,0x0,0x76,0x0,0x67,
    // progress-3-fill.svg
  0x0,0x13,
  0x7,0x38,0x3d,0xc7,
  0x0,0x70,
  0x0,0x72,0x0,0x6f,0x0,0x67,0x0,0x72,0x0,0x65,0x0,0x73,0x0,0x73,0x0,0x2d,0x0,0x33,0x0,0x2d,0x0,0x66,0x0,0x69,0x0,0x6c,0x0,0x6c,0x0,0x2e,0x0,0x73,
  0x0,0x76,0x0,0x67,
    // close-fill.svg
  0x0,0xe,
  0xa,0xfc,0x47,0xc7,
  0x0,0x63,
  0x0,0x6c,0x0,0x6f,0x0,0x73,0x0,0x65,0x0,0x2d,0x0,0x66,0x0,0x69,0x0,0x6c,0x0,0x6c,0x0,0x2e,0x0,0x73,0x0,0x76,0x0,0x67,
    // add-fill.svg
  0x0,0xc,
  0x4,0xdb,0xbd,0x47,
  0x0,0x61,
  0x0,0x64,0x0,0x64,0x0,0x2d,0x0,0x66,0x0,0x69,0x0,0x6c,0x0,0x6c,0x0,0x2e,0x0,0x73,0x0,0x76,0x0,0x67,
    // filter-fill.svg
  0x0,0xf,
  0xb,0x76,0x49,0x47,
  0x0,0x66,
  0x0,0x69,0x0,0x6c,0x0,0x74,0x0,0x65,0x0,0x72,0x0,0x2d,0x0,0x66,0x0,0x69,0x0,0x6c,0x0,0x6c,0x0,0x2e,0x0,0x73,0x0,0x76,0x0,0x67,
    // search-line.svg
  0x0,0xf,
  0x1,0x56,0xdc,0x7,
  0x0,0x73,
  0x0,0x65,0x0,0x61,0x0,0x72,0x0,0x63,0x0,0x68,0x0,0x2d,0x0,0x6c,0x0,0x69,0x0,0x6e,0x0,0x65,0x0,0x2e,0x0,0x73,0x0,0x76,0x0,0x67,
    // close-line.svg
  0x0,0xe,
  0xa,0x97,0x78,0x7,
  0x0,0x63,
  0x0,0x6c,0x0,0x6f,0x0,0x73,0x0,0x65,0x0,0x2d,0x0,0x6c,0x0,0x69,0x0,0x6e,0x0,0x65,0x0,0x2e,0x0,0x73,0x0,0x76,0x0,0x67,
    // add-large-line.svg
  0x0,0x12,
  0x8,0xb7,0x2,0x7,
  0x0,0x61,
  0x0,0x64,0x0,0x64,0x0,0x2d,0x0,0x6c,0x0,0x61,0x0,0x72,0x0,0x67,0x0,0x65,0x0,0x2d,0x0,0x6c,0x0,0x69,0x0,0x6e,0x0,0x65,0x0,0x2e,0x0,0x73,0x0,0x76,
  0x0,0x67,
    // checkbox-multiple-blank-line.svg
  0x0,0x20,
  0xa,0x85,0x4c,0x27,
  0x0,0x63,
  0x0,0x68,0x0,0x65,0x0,0x63,0x0,0x6b,0x0,0x62,0x0,0x6f,0x0,0x78,0x0,0x2d,0x0,0x6d,0x0,0x75,0x0,0x6c,0x0,0x74,0x0,0x69,0x0,0x70,0x0,0x6c,0x0,0x65,
  0x0,0x2d,0x0,0x62,0x0,0x6c,0x0,0x61,0x0,0x6e,0x0,0x6b,0x0,0x2d,0x0,0x6c,0x0,0x69,0x0,0x6e,0x0,0x65,0x0,0x2e,0x0,0x73,0x0,0x76,0x0,0x67,
    // checkbox-multiple-line.svg
  0x0,0x1a,
  0x9,0x62,0xf6,0xe7,
  0x0,0x63,
  0x0,0x68,0x0,0x65,0x0,0x63,0x0,0x6b,0x0,0x62,0x0,0x6f,0x0,0x78,0x0,0x2d,0x0,0x6d,0x0,0x75,0x0,0x6c,0x0,0x74,0x0,0x69,0x0,0x70,0x0,0x6c,0x0,0x65,
  0x0,0x2d,0x0,0x6c,0x0,0x69,0x0,0x6e,0x0,0x65,0x0,0x2e,0x0,0x73,0x0,0x76,0x0,0x67,
    // progress-2-fill.svg
  0x0,0x13,
  0x7,0x38,0x5d,0xc7,
  0x0,0x70,
  0x0,0x72,0x0,0x6f,0x0,0x67,0x0,0x72,0x0,0x65,0x0,0x73,0x0,0x73,0x0,0x2d,0x0,0x32,0x0,0x2d,0x0,0x66,0x0,0x69,0x0,0x6c,0x0,0x6c,0x0,0x2e,0x0,0x73,
  0x0,0x76,0x0,0x67,
    // progress-4-fill.svg
  0x0,0x13,
  0x7,0x38,0x1d,0xc7,
  0x0,0x70,
  0x0,0x72,0x0,0x6f,0x0,0x67,0x0,0x72,0x0,0x65,0x0,0x73,0x0,0x73,0x0,0x2d,0x0,0x34,0x0,0x2d,0x0,0x66,0x0,0x69,0x0,0x6c,0x0,0x6c,0x0,0x2e,0x0,0x73,
  0x0,0x76,0x0,0x67,
    // link.svg
  0x0,0x8,
  0x0,0x4e,0x54,0xa7,
  0x0,0x6c,
  0x0,0x69,0x0,0x6e,0x0,0x6b,0x0,0x2e,0x0,0x73,0x0,0x76,0x0,0x67,
    // filter-line.svg
  0x0,0xf,
  0xb,0x21,0x4e,0x87,
  0x0,0x66,
  0x0,0x69,0x0,0x6c,0x0,0x74,0x0,0x65,0x0,0x72,0x0,0x2d,0x0,0x6c,0x0,0x69,0x0,0x6e,0x0,0x65,0x0,0x2e,0x0,0x73,0x0,0x76,0x0,0x67,
    // repeat-fill.svg
  0x0,0xf,
  0x5,0x5e,0x5e,0x47,
  0x0,0x72,
  0x0,0x65,0x0,0x70,0x0,0x65,0x0,0x61,0x0,0x74,0x0,0x2d,0x0,0x66,0x0,0x69,0x0,0x6c,0x0,0x6c,0x0,0x2e,0x0,0x73,0x0,0x76,0x0,0x67,
    // filter-off-fill.svg
  0x0,0x13,
  0xc,0x98,0xcf,0x67,
  0x0,0x66,
  0x0,0x69,0x0,0x6c,0x0,0x74,0x0,0x65,0x0,0x72,0x0,0x2d,0x0,0x6f,0x0,0x66,0x0,0x66,0x0,0x2d,0x0,0x66,0x0,0x69,0x0,0x6c,0x0,0x6c,0x0,0x2e,0x0,0x73,
  0x0,0x76,0x0,0x67,
    // loop-right-fill.svg
  0x0,0x13,
  0xe,0x9,0x6c,0xe7,
  0x0,0x6c,
  0x0,0x6f,0x0,0x6f,0x0,0x70,0x0,0x2d,0x0,0x72,0x0,0x69,0x0,0x67,0x0,0x68,0x0,0x74,0x0,0x2d,0x0,0x66,0x0,0x69,0x0,0x6c,0x0,0x6c,0x0,0x2e,0x0,0x73,
  0x0,0x76,0x0,0x67,
    // progress-1-line.svg
  0x0,0x13,
  0x7,0x60,0x72,0x7,
  0x0,0x70,
  0x0,0x72,0x0,0x6f,0x0,0x67,0x0,0x72,0x0,0x65,0x0,0x73,0x0,0x73,0x0,0x2d,0x0,0x31,0x0,0x2d,0x0,0x6c,0x0,0x69,0x0,0x6e,0x0,0x65,0x0,0x2e,0x0,0x73,
  0x0,0x76,0x0,0x67,
    // radio-button-fill.svg
  0x0,0x15,
  0x7,0x48,0x59,0xa7,
  0x0,0x72,
  0x0,0x61,0x0,0x64,0x0,0x69,0x0,0x6f,0x0,0x2d,0x0,0x62,0x0,0x75,0x0,0x74,0x0,0x74,0x0,0x6f,0x0,0x6e,0x0,0x2d,0x0,0x66,0x0,0x69,0x0,0x6c,0x0,0x6c,
  0x0,0x2e,0x0,0x73,0x0,0x76,0x0,0x67,
    // close-large-line.svg
  0x0,0x14,
  0x4,0xfc,0x9f,0x27,
  0x0,0x63,
  0x0,0x6c,0x0,0x6f,0x0,0x73,0x0,0x65,0x0,0x2d,0x0,0x6c,0x0,0x61,0x0,0x72,0x0,0x67,0x0,0x65,0x0,0x2d,0x0,0x6c,0x0,0x69,0x0,0x6e,0x0,0x65,0x0,0x2e,
  0x0,0x73,0x0,0x76,0x0,0x67,
    // reset-left-fill.svg
  0x0,0x13,
  0xa,0x72,0xa2,0x87,
  0x0,0x72,
  0x0,0x65,0x0,0x73,0x0,0x65,0x0,0x74,0x0,0x2d,0x0,0x6c,0x0,0x65,0x0,0x66,0x0,0x74,0x0,0x2d,0x0,0x66,0x0,0x69,0x0,0x6c,0x0,0x6c,0x0,0x2e,0x0,0x73,
  0x0,0x76,0x0,0x67,
  
};

static const unsigned char qt_resource_struct[] = {
  // :
  0x0,0x0,0x0,0x0,0x0,0x2,0x0,0x0,0x0,0x9,0x0,0x0,0x0,0x1,
0x0,0x0,0x0,0x0,0x0,0x0,0x0,0x0,
  // :/icon
  0x0,0x0,0x0,0xb8,0x0,0x2,0x0,0x0,0x0,0x1,0x0,0x0,0x0,0xa,
0x0,0x0,0x0,0x0,0x0,0x0,0x0,0x0,
  // :/style.qss
  0x0,0x0,0x0,0x5e,0x0,0x0,0x0,0x0,0x0,0x1,0x0,0x0,0x9,0xc3,
0x0,0x0,0x1,0x9d,0xfd,0xed,0x53,0x6f,
  // :/pushbutton.qss
  0x0,0x0,0x0,0x0,0x0,0x0,0x0,0x0,0x0,0x1,0x0,0x0,0x0,0x0,
0x0,0x0,0x1,0x9e,0xd,0x5f,0x6d,0x1c,
  // :/groupBox.qss
  0x0,0x0,0x0,0x22,0x0,0x0,0x0,0x0,0x0,0x1,0x0,0x0,0x1,0x82,
0x0,0x0,0x1,0x9e,0x8,0x40,0x42,0xa5,
  // :/lineEdit.qss
  0x0,0x0,0x0,0x40,0x0,0x0,0x0,0x0,0x0,0x1,0x0,0x0,0x5,0x5d,
0x0,0x0,0x1,0x9e,0x7,0x70,0x48,0x58,
  // :/tabBar.qss
  0x0,0x0,0x0,0x9e,0x0,0x0,0x0,0x0,0x0,0x1,0x0,0x0,0x13,0x69,
0x0,0x0,0x1,0x9d,0xfd,0xed,0x53,0x6f,
  // :/radiobutton.qss
  0x0,0x0,0x0,0xe0,0x0,0x1,0x0,0x0,0x0,0x1,0x0,0x0,0x1a,0x5a,
0x0,0x0,0x1,0x9e,0xd,0x33,0xcd,0x2c,
  // :/plainTextEdit.qss
  0x0,0x0,0x0,0x76,0x0,0x0,0x0,0x0,0x0,0x1,0x0,0x0,0x10,0x9,
0x0,0x0,0x1,0x9e,0xc,0x39,0xf9,0x36,
  // :/widget.qss
  0x0,0x0,0x0,0xc6,0x0,0x0,0x0,0x0,0x0,0x1,0x0,0x0,0x19,0xaf,
0x0,0x0,0x1,0x9e,0x8,0x5c,0xe,0xa9,
  // :/icon/icon
  0x0,0x0,0x0,0xb8,0x0,0x2,0x0,0x0,0x0,0x45,0x0,0x0,0x0,0xb,
0x0,0x0,0x0,0x0,0x0,0x0,0x0,0x0,
  // :/icon/icon/link.svg
  0x0,0x0,0xb,0x4a,0x0,0x0,0x0,0x0,0x0,0x1,0x0,0x0,0x8a,0x2,
0x0,0x0,0x1,0x9e,0x2a,0xc6,0xcc,0x20,
  // :/icon/icon/repeat-2-fill.svg
  0x0,0x0,0x6,0x70,0x0,0x0,0x0,0x0,0x0,0x1,0x0,0x0,0x5c,0x4d,
0x0,0x0,0x1,0x9e,0x2a,0xc6,0xcc,0x20,
  // :/icon/icon/subtract-fill.svg
  0x0,0x0,0x7,0x44,0x0,0x0,0x0,0x0,0x0,0x1,0x0,0x0,0x67,0x37,
0x0,0x0,0x1,0x9e,0x2a,0xc6,0xcc,0x20,
  // :/icon/icon/repeat-2-line.svg
  0x0,0x0,0x4,0xf2,0x0,0x0,0x0,0x0,0x0,0x1,0x0,0x0,0x46,0x59,
0x0,0x0,0x1,0x9e,0x2a,0xc6,0xcc,0x20,
  // :/icon/icon/search-line.svg
  0x0,0x0,0xa,0x2,0x0,0x0,0x0,0x0,0x0,0x1,0x0,0x0,0x7f,0x39,
0x0,0x0,0x1,0x9e,0x2a,0xc6,0xcc,0x20,
  // :/icon/icon/subtract-line.svg
  0x0,0x0,0x5,0x1a,0x0,0x0,0x0,0x0,0x0,0x1,0x0,0x0,0x49,0x17,
0x0,0x0,0x1,0x9e,0x2a,0xc6,0xcc,0x20,
  // :/icon/icon/refresh-fill.svg
  0x0,0x0,0x6,0xf6,0x0,0x0,0x0,0x0,0x0,0x1,0x0,0x0,0x64,0x1f,
0x0,0x0,0x1,0x9e,0x2a,0xc6,0xcc,0x20,
  // :/icon/icon/refresh-line.svg
  0x0,0x0,0x4,0x28,0x0,0x0,0x0,0x0,0x0,0x1,0x0,0x0,0x3f,0x91,
0x0,0x0,0x1,0x9e,0x2a,0xc6,0xcc,0x20,
  // :/icon/icon/hourglass-fill.svg
  0x0,0x0,0x3,0x52,0x0,0x0,0x0,0x0,0x0,0x1,0x0,0x0,0x35,0x67,
0x0,0x0,0x1,0x9e,0x2a,0xc6,0xcc,0x20,
  // :/icon/icon/arrow-down-long-line.svg
  0x0,0x0,0x2,0x22,0x0,0x0,0x0,0x0,0x0,0x1,0x0,0x0,0x24,0x9b,
0x0,0x0,0x1,0x9e,0x2a,0xc6,0xcc,0x20,
  // :/icon/icon/arrow-up-long-line.svg
  0x0,0x0,0x2,0xca,0x0,0x0,0x0,0x0,0x0,0x1,0x0,0x0,0x2f,0x3,
0x0,0x0,0x1,0x9e,0x2a,0xc6,0xcc,0x20,
  // :/icon/icon/close-large-fill.svg
  0x0,0x0,0x9,0x44,0x0,0x0,0x0,0x0,0x0,0x1,0x0,0x0,0x7a,0x64,
0x0,0x0,0x1,0x9e,0x2a,0xc6,0xcc,0x20,
  // :/icon/icon/add-line.svg
  0x0,0x0,0x1,0x4,0x0,0x0,0x0,0x0,0x0,0x1,0x0,0x0,0x1b,0xe9,
0x0,0x0,0x1,0x9e,0x2a,0xc6,0xcc,0x20,
  // :/icon/icon/add-fill.svg
  0x0,0x0,0x9,0xc0,0x0,0x0,0x0,0x0,0x0,0x1,0x0,0x0,0x7e,0xb,
0x0,0x0,0x1,0x9e,0x2a,0xc6,0xcc,0x20,
  // :/icon/icon/close-large-line.svg
  0x0,0x0,0xc,0x5c,0x0,0x0,0x0,0x0,0x0,0x1,0x0,0x0,0x94,0xb7,
0x0,0x0,0x1,0x9e,0x2a,0xc6,0xcc,0x20,
  // :/icon/icon/repeat-line.svg
  0x0,0x0,0x8,0xf8,0x0,0x0,0x0,0x0,0x0,0x1,0x0,0x0,0x78,0x71,
0x0,0x0,0x1,0x9e,0x2a,0xc6,0xcc,0x20,
  // :/icon/icon/repeat-fill.svg
  0x0,0x0,0xb,0x84,0x0,0x0,0x0,0x0,0x0,0x1,0x0,0x0,0x8d,0xeb,
0x0,0x0,0x1,0x9e,0x2a,0xc6,0xcc,0x20,
  // :/icon/icon/reset-right-fill.svg
  0x0,0x0,0x6,0x98,0x0,0x0,0x0,0x0,0x0,0x1,0x0,0x0,0x5e,0xdc,
0x0,0x0,0x1,0x9e,0x2a,0xc6,0xcc,0x20,
  // :/icon/icon/arrow-go-back-line.svg
  0x0,0x0,0x5,0x6e,0x0,0x0,0x0,0x0,0x0,0x1,0x0,0x0,0x53,0x2a,
0x0,0x0,0x1,0x9e,0x2a,0xc6,0xcc,0x20,
  // :/icon/icon/arrow-go-back-fill.svg
  0x0,0x0,0x7,0xe4,0x0,0x0,0x0,0x0,0x0,0x1,0x0,0x0,0x6b,0xf5,
0x0,0x0,0x1,0x9e,0x2a,0xc6,0xcc,0x20,
  // :/icon/icon/radio-button-line.svg
  0x0,0x0,0x4,0x94,0x0,0x0,0x0,0x0,0x0,0x1,0x0,0x0,0x43,0x70,
0x0,0x0,0x1,0x9e,0x2a,0xc6,0xcc,0x20,
  // :/icon/icon/progress-1-fill.svg
  0x0,0x0,0x1,0x52,0x0,0x0,0x0,0x0,0x0,0x1,0x0,0x0,0x1e,0x1b,
0x0,0x0,0x1,0x9e,0x2a,0xc6,0xcc,0x20,
  // :/icon/icon/progress-4-fill.svg
  0x0,0x0,0xb,0x1e,0x0,0x0,0x0,0x0,0x0,0x1,0x0,0x0,0x88,0xe1,
0x0,0x0,0x1,0x9e,0x2a,0xc6,0xcc,0x20,
  // :/icon/icon/progress-3-fill.svg
  0x0,0x0,0x9,0x72,0x0,0x0,0x0,0x0,0x0,0x1,0x0,0x0,0x7b,0x94,
0x0,0x0,0x1,0x9e,0x2a,0xc6,0xcc,0x20,
  // :/icon/icon/progress-2-fill.svg
  0x0,0x0,0xa,0xf2,0x0,0x0,0x0,0x0,0x0,0x1,0x0,0x0,0x87,0xd9,
0x0,0x0,0x1,0x9e,0x2a,0xc6,0xcc,0x20,
  // :/icon/icon/radio-button-fill.svg
  0x0,0x0,0xc,0x2c,0x0,0x0,0x0,0x0,0x0,0x1,0x0,0x0,0x93,0x65,
0x0,0x0,0x1,0x9e,0x2a,0xc6,0xcc,0x20,
  // :/icon/icon/progress-4-line.svg
  0x0,0x0,0x5,0xf8,0x0,0x0,0x0,0x0,0x0,0x1,0x0,0x0,0x57,0xf3,
0x0,0x0,0x1,0x9e,0x2a,0xc6,0xcc,0x20,
  // :/icon/icon/progress-3-line.svg
  0x0,0x0,0x8,0xcc,0x0,0x0,0x0,0x0,0x0,0x1,0x0,0x0,0x76,0xcb,
0x0,0x0,0x1,0x9e,0x2a,0xc6,0xcc,0x20,
  // :/icon/icon/progress-2-line.svg
  0x0,0x0,0x5,0xa0,0x0,0x0,0x0,0x0,0x0,0x1,0x0,0x0,0x54,0xb4,
0x0,0x0,0x1,0x9e,0x2a,0xc6,0xcc,0x20,
  // :/icon/icon/progress-1-line.svg
  0x0,0x0,0xc,0x0,0x0,0x0,0x0,0x0,0x0,0x1,0x0,0x0,0x91,0xdb,
0x0,0x0,0x1,0x9e,0x2a,0xc6,0xcc,0x20,
  // :/icon/icon/toggle-line.svg
  0x0,0x0,0x6,0x24,0x0,0x0,0x0,0x0,0x0,0x1,0x0,0x0,0x59,0x84,
0x0,0x0,0x1,0x9e,0x2a,0xc6,0xcc,0x20,
  // :/icon/icon/close-circle-fill.svg
  0x0,0x0,0x1,0x22,0x0,0x0,0x0,0x0,0x0,0x1,0x0,0x0,0x1c,0x82,
0x0,0x0,0x1,0x9e,0x2a,0xc6,0xcc,0x20,
  // :/icon/icon/settings-3-line.svg
  0x0,0x0,0x5,0x42,0x0,0x0,0x0,0x0,0x0,0x1,0x0,0x0,0x49,0x98,
0x0,0x0,0x1,0x9e,0x2a,0xc6,0xcc,0x20,
  // :/icon/icon/settings-3-fill.svg
  0x0,0x0,0x2,0x58,0x0,0x0,0x0,0x0,0x0,0x1,0x0,0x0,0x25,0xa4,
0x0,0x0,0x1,0x9e,0x2a,0xc6,0xcc,0x20,
  // :/icon/icon/close-circle-line.svg
  0x0,0x0,0x2,0xfc,0x0,0x0,0x0,0x0,0x0,0x1,0x0,0x0,0x30,0xd,
0x0,0x0,0x1,0x9e,0x2a,0xc6,0xcc,0x20,
  // :/icon/icon/toggle-fill.svg
  0x0,0x0,0x8,0x76,0x0,0x0,0x0,0x0,0x0,0x1,0x0,0x0,0x72,0x18,
0x0,0x0,0x1,0x9e,0x2a,0xc6,0xcc,0x20,
  // :/icon/icon/attachment-2.svg
  0x0,0x0,0x3,0x2c,0x0,0x0,0x0,0x0,0x0,0x1,0x0,0x0,0x32,0x17,
0x0,0x0,0x1,0x9e,0x2a,0xc6,0xcc,0x20,
  // :/icon/icon/add-large-line.svg
  0x0,0x0,0xa,0x48,0x0,0x0,0x0,0x0,0x0,0x1,0x0,0x0,0x82,0x6b,
0x0,0x0,0x1,0x9e,0x2a,0xc6,0xcc,0x20,
  // :/icon/icon/add-large-fill.svg
  0x0,0x0,0x1,0xf8,0x0,0x0,0x0,0x0,0x0,0x1,0x0,0x0,0x23,0x89,
0x0,0x0,0x1,0x9e,0x2a,0xc6,0xcc,0x20,
  // :/icon/icon/checkbox-multiple-fill.svg
  0x0,0x0,0x3,0xbe,0x0,0x0,0x0,0x0,0x0,0x1,0x0,0x0,0x39,0xab,
0x0,0x0,0x1,0x9e,0x2a,0xc6,0xcc,0x20,
  // :/icon/icon/folder-3-fill.svg
  0x0,0x0,0x6,0x48,0x0,0x0,0x0,0x0,0x0,0x1,0x0,0x0,0x5b,0x44,
0x0,0x0,0x1,0x9e,0x2a,0xc6,0xcc,0x20,
  // :/icon/icon/folder-2-fill.svg
  0x0,0x0,0x9,0x1c,0x0,0x0,0x0,0x0,0x0,0x1,0x0,0x0,0x79,0x59,
0x0,0x0,0x1,0x9e,0x2a,0xc6,0xcc,0x20,
  // :/icon/icon/filter-2-fill.svg
  0x0,0x0,0x7,0x1c,0x0,0x0,0x0,0x0,0x0,0x1,0x0,0x0,0x66,0xa3,
0x0,0x0,0x1,0x9e,0x2a,0xc6,0xcc,0x20,
  // :/icon/icon/filter-2-line.svg
  0x0,0x0,0x7,0x6c,0x0,0x0,0x0,0x0,0x0,0x1,0x0,0x0,0x67,0xb9,
0x0,0x0,0x1,0x9e,0x2a,0xc6,0xcc,0x20,
  // :/icon/icon/checkbox-multiple-line.svg
  0x0,0x0,0xa,0xb8,0x0,0x0,0x0,0x0,0x0,0x1,0x0,0x0,0x85,0x8a,
0x0,0x0,0x1,0x9e,0x2a,0xc6,0xcc,0x20,
  // :/icon/icon/loop-left-fill.svg
  0x0,0x0,0x7,0xba,0x0,0x0,0x0,0x0,0x0,0x1,0x0,0x0,0x6a,0x39,
0x0,0x0,0x1,0x9e,0x2a,0xc6,0xcc,0x20,
  // :/icon/icon/loop-left-line.svg
  0x0,0x0,0x1,0x7e,0x0,0x0,0x0,0x0,0x0,0x1,0x0,0x0,0x1f,0x35,
0x0,0x0,0x1,0x9e,0x2a,0xc6,0xcc,0x20,
  // :/icon/icon/reset-left-fill.svg
  0x0,0x0,0xc,0x8a,0x0,0x0,0x0,0x0,0x0,0x1,0x0,0x0,0x95,0xe7,
0x0,0x0,0x1,0x9e,0x2a,0xc6,0xcc,0x20,
  // :/icon/icon/checkbox-multiple-blank-line.svg
  0x0,0x0,0xa,0x72,0x0,0x0,0x0,0x0,0x0,0x1,0x0,0x0,0x83,0x9c,
0x0,0x0,0x1,0x9e,0x2a,0xc6,0xcc,0x20,
  // :/icon/icon/loop-left-ai-fill.svg
  0x0,0x0,0x6,0xc6,0x0,0x0,0x0,0x0,0x0,0x1,0x0,0x0,0x60,0x58,
0x0,0x0,0x1,0x9e,0x2a,0xc6,0xcc,0x20,
  // :/icon/icon/close-line.svg
  0x0,0x0,0xa,0x26,0x0,0x0,0x0,0x0,0x0,0x1,0x0,0x0,0x81,0x2a,
0x0,0x0,0x1,0x9e,0x2a,0xc6,0xcc,0x20,
  // :/icon/icon/history-fill.svg
  0x0,0x0,0x7,0x94,0x0,0x0,0x0,0x0,0x0,0x1,0x0,0x0,0x68,0x73,
0x0,0x0,0x1,0x9e,0x2a,0xc6,0xcc,0x20,
  // :/icon/icon/checkbox-multiple-blank-fill.svg
  0x0,0x0,0x4,0x4e,0x0,0x0,0x0,0x0,0x0,0x1,0x0,0x0,0x41,0xa5,
0x0,0x0,0x1,0x9e,0x2a,0xc6,0xcc,0x20,
  // :/icon/icon/close-fill.svg
  0x0,0x0,0x9,0x9e,0x0,0x0,0x0,0x0,0x0,0x1,0x0,0x0,0x7c,0xca,
0x0,0x0,0x1,0x9e,0x2a,0xc6,0xcc,0x20,
  // :/icon/icon/loop-left-ai-line.svg
  0x0,0x0,0x3,0xf8,0x0,0x0,0x0,0x0,0x0,0x1,0x0,0x0,0x3b,0xdc,
0x0,0x0,0x1,0x9e,0x2a,0xc6,0xcc,0x20,
  // :/icon/icon/filter-line.svg
  0x0,0x0,0xb,0x60,0x0,0x0,0x0,0x0,0x0,0x1,0x0,0x0,0x8d,0x1f,
0x0,0x0,0x1,0x9e,0x2a,0xc6,0xcc,0x20,
  // :/icon/icon/filter-fill.svg
  0x0,0x0,0x9,0xde,0x0,0x0,0x0,0x0,0x0,0x1,0x0,0x0,0x7e,0xa4,
0x0,0x0,0x1,0x9e,0x2a,0xc6,0xcc,0x20,
  // :/icon/icon/filter-off-fill.svg
  0x0,0x0,0xb,0xa8,0x0,0x0,0x0,0x0,0x0,0x1,0x0,0x0,0x8e,0xd3,
0x0,0x0,0x1,0x9e,0x2a,0xc6,0xcc,0x20,
  // :/icon/icon/folder-open-fill.svg
  0x0,0x0,0x4,0xc4,0x0,0x0,0x0,0x0,0x0,0x1,0x0,0x0,0x45,0x33,
0x0,0x0,0x1,0x9e,0x2a,0xc6,0xcc,0x20,
  // :/icon/icon/folder-open-line.svg
  0x0,0x0,0x8,0x16,0x0,0x0,0x0,0x0,0x0,0x1,0x0,0x0,0x6c,0xf1,
0x0,0x0,0x1,0x9e,0x2a,0xc6,0xcc,0x20,
  // :/icon/icon/filter-off-line.svg
  0x0,0x0,0x5,0xcc,0x0,0x0,0x0,0x0,0x0,0x1,0x0,0x0,0x56,0x2c,
0x0,0x0,0x1,0x9e,0x2a,0xc6,0xcc,0x20,
  // :/icon/icon/folder-fill.svg
  0x0,0x0,0x1,0xd4,0x0,0x0,0x0,0x0,0x0,0x1,0x0,0x0,0x22,0x8a,
0x0,0x0,0x1,0x9e,0x2a,0xc6,0xcc,0x20,
  // :/icon/icon/list-settings-fill.svg
  0x0,0x0,0x8,0x9a,0x0,0x0,0x0,0x0,0x0,0x1,0x0,0x0,0x73,0x6b,
0x0,0x0,0x1,0x9e,0x2a,0xc6,0xcc,0x20,
  // :/icon/icon/loop-right-fill.svg
  0x0,0x0,0xb,0xd4,0x0,0x0,0x0,0x0,0x0,0x1,0x0,0x0,0x90,0x1c,
0x0,0x0,0x1,0x9e,0x2a,0xc6,0xcc,0x20,
  // :/icon/icon/link-m.svg
  0x0,0x0,0x2,0x84,0x0,0x0,0x0,0x0,0x0,0x1,0x0,0x0,0x2a,0xa7,
0x0,0x0,0x1,0x9e,0x2a,0xc6,0xcc,0x20,
  // :/icon/icon/loop-right-line.svg
  0x0,0x0,0x1,0xa8,0x0,0x0,0x0,0x0,0x0,0x1,0x0,0x0,0x20,0xdf,
0x0,0x0,0x1,0x9e,0x2a,0xc6,0xcc,0x20,
  // :/icon/icon/checkbox-blank-circle-line.svg
  0x0,0x0,0x3,0x7c,0x0,0x0,0x0,0x0,0x0,0x1,0x0,0x0,0x38,0x59,
0x0,0x0,0x1,0x9e,0x2a,0xc6,0xcc,0x20,
  // :/icon/icon/loop-right-ai-line.svg
  0x0,0x0,0x8,0x44,0x0,0x0,0x0,0x0,0x0,0x1,0x0,0x0,0x6e,0x62,
0x0,0x0,0x1,0x9e,0x2a,0xc6,0xcc,0x20,
  // :/icon/icon/folder-add-line.svg
  0x0,0x0,0x2,0x9e,0x0,0x0,0x0,0x0,0x0,0x1,0x0,0x0,0x2d,0xba,
0x0,0x0,0x1,0x9e,0x2a,0xc6,0xcc,0x20,

};

#ifdef QT_NAMESPACE
#  define QT_RCC_PREPEND_NAMESPACE(name) ::QT_NAMESPACE::name
#  define QT_RCC_MANGLE_NAMESPACE0(x) x
#  define QT_RCC_MANGLE_NAMESPACE1(a, b) a##_##b
#  define QT_RCC_MANGLE_NAMESPACE2(a, b) QT_RCC_MANGLE_NAMESPACE1(a,b)
#  define QT_RCC_MANGLE_NAMESPACE(name) QT_RCC_MANGLE_NAMESPACE2( \
        QT_RCC_MANGLE_NAMESPACE0(name), QT_RCC_MANGLE_NAMESPACE0(QT_NAMESPACE))
#else
#   define QT_RCC_PREPEND_NAMESPACE(name) name
#   define QT_RCC_MANGLE_NAMESPACE(name) name
#endif

#ifdef QT_NAMESPACE
namespace QT_NAMESPACE {
#endif

bool qRegisterResourceData(int, const unsigned char *, const unsigned char *, const unsigned char *);
bool qUnregisterResourceData(int, const unsigned char *, const unsigned char *, const unsigned char *);

#if defined(__ELF__) || defined(__APPLE__)
static inline unsigned char qResourceFeatureZlib()
{
    extern const unsigned char qt_resourceFeatureZlib;
    return qt_resourceFeatureZlib;
}
#else
unsigned char qResourceFeatureZlib();
#endif

#ifdef QT_NAMESPACE
}
#endif

int QT_RCC_MANGLE_NAMESPACE(qInitResources_style)();
int QT_RCC_MANGLE_NAMESPACE(qInitResources_style)()
{
    int version = 3;
    QT_RCC_PREPEND_NAMESPACE(qRegisterResourceData)
        (version, qt_resource_struct, qt_resource_name, qt_resource_data);
    return 1;
}

int QT_RCC_MANGLE_NAMESPACE(qCleanupResources_style)();
int QT_RCC_MANGLE_NAMESPACE(qCleanupResources_style)()
{
    int version = 3;
    version += QT_RCC_PREPEND_NAMESPACE(qResourceFeatureZlib());
    QT_RCC_PREPEND_NAMESPACE(qUnregisterResourceData)
       (version, qt_resource_struct, qt_resource_name, qt_resource_data);
    return 1;
}

#ifdef __clang__
#   pragma clang diagnostic push
#   pragma clang diagnostic ignored "-Wexit-time-destructors"
#endif

namespace {
   struct initializer {
       initializer() { QT_RCC_MANGLE_NAMESPACE(qInitResources_style)(); }
       ~initializer() { QT_RCC_MANGLE_NAMESPACE(qCleanupResources_style)(); }
   } dummy;
}

#ifdef __clang__
#   pragma clang diagnostic pop
#endif
